Method,MSE,target_size
XGBoost_Target_Only,0.1161127695247395,100
KRR_Target_Only,30.90012038445316,100
NN_Target_Only,21.48263015251148,100
XGBoost_Pool,0.10363869438193,100
KRR_Pool,1.6119024370210495,100
NN_Pool,5.632958752262286,100
XGBoost_TLCQM,0.1228134565649297,100
KRR_TLCQM,1.722533018494176,100
NN_TLCQM,0.1186417455944763,100
XGBoost_Target_Only,0.0963587479805767,200
KRR_Target_Only,19.83015378673823,200
NN_Target_Only,19.9047325452946,200
XGBoost_Pool,0.0973170437804562,200
KRR_Pool,1.61783255016849,200
NN_Pool,3.3152784956094035,200
XGBoost_TLCQM,0.1021253297305806,200
KRR_TLCQM,1.7372766209434092,200
NN_TLCQM,0.1113575627702414,200
XGBoost_Target_Only,0.0958024899459474,300
KRR_Target_Only,13.846665770653225,300
NN_Target_Only,6.279279511653037,300
XGBoost_Pool,0.0961381198598314,300
KRR_Pool,1.534429743926787,300
NN_Pool,6.044818697714701,300
XGBoost_TLCQM,0.1096168018674734,300
KRR_TLCQM,1.6493691998466185,300
NN_TLCQM,0.1125900834486971,300
XGBoost_Target_Only,0.0928430987552638,500
KRR_Target_Only,9.20064976121149,500
NN_Target_Only,0.1554493204180322,500
XGBoost_Pool,0.0955468888269744,500
KRR_Pool,1.4773589295354284,500
NN_Pool,4.87191625867799,500
XGBoost_TLCQM,0.1065307010647234,500
KRR_TLCQM,1.5875295677339325,500
NN_TLCQM,0.1196659690658305,500
TKRR,1.905373040259548,100
CDAR,5.395244768740555,100
DARC,37.98654173023,100
VNCD_MDD,0.1776395629767249,100
M3SDA_Reg,0.1175144249811155,100
CMSS_Reg,0.1091715687309972,100
TKRR,1.90895206059805,200
CDAR,6.234986193593818,200
DARC,40.31327795142802,200
VNCD_MDD,0.1807367818045976,200
M3SDA_Reg,0.108212297552475,200
CMSS_Reg,0.1063411993389757,200
TKRR,1.8474732841038264,300
CDAR,6.139244738148328,300
DARC,40.05734993220279,300
VNCD_MDD,0.1712083603540004,300
M3SDA_Reg,0.1124552538859809,300
CMSS_Reg,0.1065016685014851,300
TKRR,1.773946709240093,500
CDAR,6.170088536399168,500
DARC,40.55597808009967,500
VNCD_MDD,0.157417561518828,500
M3SDA_Reg,0.1161481666465859,500
CMSS_Reg,0.1036346896822748,500
XGBoost_Target_Only,0.1217859626185718,100
KRR_Target_Only,29.88138337619736,100
NN_Target_Only,22.543612587332785,100
XGBoost_Pool,0.0997312296879152,100
KRR_Pool,1.5851814081293616,100
NN_Pool,3.1546988833028653,100
XGBoost_TLCQM,0.1111059866346888,100
KRR_TLCQM,1.7085623873954396,100
NN_TLCQM,0.1229146066790114,100
XGBoost_Target_Only,0.1084416595134147,200
KRR_Target_Only,19.94359355409996,200
NN_Target_Only,20.56759318093216,200
XGBoost_Pool,0.0975139211042941,200
KRR_Pool,1.5635419965015636,200
NN_Pool,4.672623220240456,200
XGBoost_TLCQM,0.1075455634065535,200
KRR_TLCQM,1.6856450367286775,200
NN_TLCQM,0.1132116443824868,200
XGBoost_Target_Only,0.1024070497925181,300
KRR_Target_Only,15.061951582366842,300
NN_Target_Only,8.216778279032127,300
XGBoost_Pool,0.0950465242054638,300
KRR_Pool,1.5126856568789555,300
NN_Pool,4.194367832693767,300
XGBoost_TLCQM,0.1143276198104597,300
KRR_TLCQM,1.6212546678877962,300
NN_TLCQM,0.1531663178304922,300
XGBoost_Target_Only,0.0998347963593962,500
KRR_Target_Only,10.194558860235064,500
NN_Target_Only,0.4096197803767912,500
XGBoost_Pool,0.0917264164392347,500
KRR_Pool,1.5055985541868973,500
NN_Pool,3.3349135439911124,500
XGBoost_TLCQM,0.1069263297606967,500
KRR_TLCQM,1.6120191681192102,500
NN_TLCQM,0.1117778454434171,500
TKRR,1.997635413911243,100
CDAR,5.984147266764091,100
DARC,28.129751853413048,100
VNCD_MDD,0.1412113735702674,100
M3SDA_Reg,0.1192061271942798,100
CMSS_Reg,0.1149859347064256,100
TKRR,2.03680089664455,200
CDAR,5.404150012622663,200
DARC,32.68527982132673,200
VNCD_MDD,0.1506079161018567,200
M3SDA_Reg,0.112518992798824,200
CMSS_Reg,0.1084663979680853,200
TKRR,1.8550796000423364,300
CDAR,5.25686962670144,300
DARC,32.7115038471429,300
VNCD_MDD,0.1371556260604034,300
M3SDA_Reg,0.1172158951564111,300
CMSS_Reg,0.106645165322091,300
TKRR,1.7905676783508104,500
CDAR,5.343380095711331,500
DARC,32.61127719151517,500
VNCD_MDD,0.1226926096426409,500
M3SDA_Reg,0.1105283386797274,500
CMSS_Reg,0.1020292647657623,500
XGBoost_Target_Only,0.1185737898871498,100
KRR_Target_Only,30.215809139440307,100
NN_Target_Only,23.16860384266392,100
XGBoost_Pool,0.0995049370828647,100
KRR_Pool,1.5967639922272792,100
NN_Pool,3.542842288866911,100
XGBoost_TLCQM,0.1158146716638465,100
KRR_TLCQM,1.7168185897018935,100
NN_TLCQM,0.2965236267854233,100
XGBoost_Target_Only,0.108680090340611,200
KRR_Target_Only,20.59122546110117,200
NN_Target_Only,20.459003344803996,200
XGBoost_Pool,0.0967272767780246,200
KRR_Pool,1.5763976441507592,200
NN_Pool,4.191029668812408,200
XGBoost_TLCQM,0.1076690452775754,200
KRR_TLCQM,1.6706103581642533,200
NN_TLCQM,0.1148176101199501,200
XGBoost_Target_Only,0.1039795147484558,300
KRR_Target_Only,14.348933675685528,300
NN_Target_Only,7.173308961200099,300
XGBoost_Pool,0.0963426374653332,300
KRR_Pool,1.5267231218396806,300
NN_Pool,5.40906309878296,300
XGBoost_TLCQM,0.1092476138905377,300
KRR_TLCQM,1.6245967824478331,300
NN_TLCQM,0.1133152918377897,300
XGBoost_Target_Only,0.098293440978542,500
KRR_Target_Only,8.222038571111659,500
NN_Target_Only,0.3413132304716381,500
XGBoost_Pool,0.0949937399700187,500
KRR_Pool,1.4956108303376578,500
NN_Pool,3.413259840469703,500
XGBoost_TLCQM,0.1055163045877361,500
KRR_TLCQM,1.6002675707320475,500
NN_TLCQM,0.118925243160629,500
TKRR,1.8396603668030496,100
CDAR,5.372041619044282,100
DARC,31.902996820290216,100
VNCD_MDD,0.1801905319118741,100
M3SDA_Reg,0.1163647790686478,100
CMSS_Reg,0.1128203211765145,100
TKRR,1.8632889134395605,200
CDAR,6.379463256633239,200
DARC,25.33279231515482,200
VNCD_MDD,0.146747630401145,200
M3SDA_Reg,0.1144066000846126,200
CMSS_Reg,0.1182189170083082,200
TKRR,1.828722989088137,300
CDAR,6.353156456185511,300
DARC,25.81968908639967,300
VNCD_MDD,0.1569433827646627,300
M3SDA_Reg,0.1188553730980056,300
CMSS_Reg,0.1119000488395448,300
TKRR,1.762478952918768,500
CDAR,6.420797569640233,500
DARC,26.262383970425315,500
VNCD_MDD,0.1359420466050947,500
M3SDA_Reg,0.118198508833156,500
CMSS_Reg,0.1075705028814833,500
XGBoost_Target_Only,0.1223156255679474,100
KRR_Target_Only,28.633575504334363,100
NN_Target_Only,21.158644659252843,100
XGBoost_Pool,0.1003014999682821,100
KRR_Pool,1.6280324610019388,100
NN_Pool,3.3892332103514256,100
XGBoost_TLCQM,0.1004065964748234,100
KRR_TLCQM,1.7631018417353028,100
NN_TLCQM,0.1078802056432643,100
XGBoost_Target_Only,0.1077497378889313,200
KRR_Target_Only,20.03862074740229,200
NN_Target_Only,20.882864468633475,200
XGBoost_Pool,0.1009164670054862,200
KRR_Pool,1.6152357650173017,200
NN_Pool,3.381800954760511,200
XGBoost_TLCQM,0.10094965830592,200
KRR_TLCQM,1.7354437856671492,200
NN_TLCQM,0.1139258363115403,200
XGBoost_Target_Only,0.1029200136086175,300
KRR_Target_Only,15.09803002958295,300
NN_Target_Only,0.2839941985914034,300
XGBoost_Pool,0.0995296729258846,300
KRR_Pool,1.5688947559995614,300
NN_Pool,3.2323679466851987,300
XGBoost_TLCQM,0.1013504200577888,300
KRR_TLCQM,1.6862052056047,300
NN_TLCQM,0.1042798094245595,300
XGBoost_Target_Only,0.0972824135312196,500
KRR_Target_Only,10.30559865388216,500
NN_Target_Only,0.3254059267688037,500
XGBoost_Pool,0.0987097854016332,500
KRR_Pool,1.5073143036344547,500
NN_Pool,3.4806566807601307,500
XGBoost_TLCQM,0.0961954124233304,500
KRR_TLCQM,1.597250537507394,500
NN_TLCQM,0.0999722959416974,500
TKRR,1.8983996596781665,100
CDAR,5.913231803820283,100
DARC,32.97340884049857,100
VNCD_MDD,0.1607613898968441,100
M3SDA_Reg,0.1120536560223675,100
CMSS_Reg,0.1137250112410609,100
TKRR,1.885452398939907,200
CDAR,5.818507312579518,200
DARC,42.19632493113576,200
VNCD_MDD,0.1334017213364632,200
M3SDA_Reg,0.116444859494557,200
CMSS_Reg,0.1123526427680893,200
TKRR,1.8635646415154248,300
CDAR,5.846670957231602,300
DARC,37.79648209621725,300
VNCD_MDD,0.1418456760362155,300
M3SDA_Reg,0.1188307544261152,300
CMSS_Reg,0.1076105353146758,300
TKRR,1.810794972160582,500
CDAR,5.863980546505054,500
DARC,38.39551793780582,500
VNCD_MDD,0.1367855366967773,500
M3SDA_Reg,0.1213954164200636,500
CMSS_Reg,0.1025922127389085,500
XGBoost_Target_Only,0.125159578550441,100
KRR_Target_Only,30.796784425005114,100
NN_Target_Only,22.091132315984527,100
XGBoost_Pool,0.0988771826302222,100
KRR_Pool,1.6392216576629026,100
NN_Pool,3.2129915968808804,100
XGBoost_TLCQM,0.1166181597533323,100
KRR_TLCQM,1.7335873607383196,100
NN_TLCQM,0.1120663085556846,100
XGBoost_Target_Only,0.1191718745139756,200
KRR_Target_Only,19.51912823590791,200
NN_Target_Only,18.48250300022385,200
XGBoost_Pool,0.1000630447796283,200
KRR_Pool,1.6197842411329273,200
NN_Pool,3.640998921134973,200
XGBoost_TLCQM,0.1071726835260252,200
KRR_TLCQM,1.7100502840077356,200
NN_TLCQM,0.1141942313125067,200
XGBoost_Target_Only,0.1001239159934327,300
KRR_Target_Only,13.600575708171837,300
NN_Target_Only,0.2330584406999919,300
XGBoost_Pool,0.0989703001982499,300
KRR_Pool,1.6151831528377327,300
NN_Pool,3.301257262984365,300
XGBoost_TLCQM,0.1081540840519214,300
KRR_TLCQM,1.7084500210775664,300
NN_TLCQM,0.1153434114351732,300
XGBoost_Target_Only,0.0933916034532934,500
KRR_Target_Only,9.135611935639837,500
NN_Target_Only,0.9849165849384466,500
XGBoost_Pool,0.0955462920723691,500
KRR_Pool,1.5084161597407335,500
NN_Pool,3.2985149309913715,500
XGBoost_TLCQM,0.1030266729633175,500
KRR_TLCQM,1.605060615813949,500
NN_TLCQM,0.1256862603736948,500
TKRR,1.9274878633936217,100
CDAR,5.810215683245169,100
DARC,26.321384376384746,100
VNCD_MDD,0.190874347606632,100
M3SDA_Reg,0.1186365273757801,100
CMSS_Reg,0.121686229583143,100
TKRR,1.850913296443523,200
CDAR,5.972334704572976,200
DARC,34.3355371977098,200
VNCD_MDD,0.1647271617850728,200
M3SDA_Reg,0.1130425417644242,200
CMSS_Reg,0.1189091626603736,200
TKRR,1.8978092440406775,300
CDAR,5.949648524476659,300
DARC,33.88796065927955,300
VNCD_MDD,0.1475891216997386,300
M3SDA_Reg,0.1111601761898332,300
CMSS_Reg,0.1120701900661245,300
TKRR,1.8309814754275848,500
CDAR,5.698570012390447,500
DARC,30.38215512549656,500
VNCD_MDD,0.1203812108533343,500
M3SDA_Reg,0.1107803308110069,500
CMSS_Reg,0.1033876197536496,500
XGBoost_Target_Only,0.1184479571036312,100
KRR_Target_Only,28.41994920542603,100
NN_Target_Only,17.49829088689184,100
XGBoost_Pool,0.1008533250484699,100
KRR_Pool,1.6478172394614603,100
NN_Pool,5.086687433705285,100
XGBoost_TLCQM,0.1008762663547206,100
KRR_TLCQM,1.7802795851907007,100
NN_TLCQM,0.1177072450472913,100
XGBoost_Target_Only,0.104288955554403,200
KRR_Target_Only,18.607640977993828,200
NN_Target_Only,18.927010211669945,200
XGBoost_Pool,0.0970361212050999,200
KRR_Pool,1.6338592644892886,200
NN_Pool,3.103772579858633,200
XGBoost_TLCQM,0.1016331713563655,200
KRR_TLCQM,1.7378671373233667,200
NN_TLCQM,0.1258635010542728,200
XGBoost_Target_Only,0.1016748149231886,300
KRR_Target_Only,13.58330707870643,300
NN_Target_Only,7.170058724591168,300
XGBoost_Pool,0.0991908167744744,300
KRR_Pool,1.6208737989833144,300
NN_Pool,3.2501739468488227,300
XGBoost_TLCQM,0.1034517471602829,300
KRR_TLCQM,1.70071185506843,300
NN_TLCQM,0.1013517080829529,300
XGBoost_Target_Only,0.0969012090253469,500
KRR_Target_Only,8.84784788777586,500
NN_Target_Only,0.5805971485694074,500
XGBoost_Pool,0.0968410893895499,500
KRR_Pool,1.5687211372896224,500
NN_Pool,4.310697653160432,500
XGBoost_TLCQM,0.1005725746045463,500
KRR_TLCQM,1.6601405879332816,500
NN_TLCQM,0.1014006987846465,500
TKRR,1.906322524872477,100
CDAR,6.048674151309136,100
DARC,19.0334054201901,100
VNCD_MDD,0.1773744023461333,100
M3SDA_Reg,0.1149468163289524,100
CMSS_Reg,0.122863946047671,100
TKRR,1.889574510064132,200
CDAR,5.818943362154468,200
DARC,20.29367052223538,200
VNCD_MDD,0.1700250032657305,200
M3SDA_Reg,0.1135258596691276,200
CMSS_Reg,0.1119284295363523,200
TKRR,1.9014184076942544,300
CDAR,5.751955483692446,300
DARC,20.05115059242407,300
VNCD_MDD,0.1631840011430335,300
M3SDA_Reg,0.1153317294070687,300
CMSS_Reg,0.1046026940506498,300
TKRR,1.8791304934364084,500
CDAR,5.766248071803967,500
DARC,20.162534745864093,500
VNCD_MDD,0.1358258438442783,500
M3SDA_Reg,0.1163624482060036,500
CMSS_Reg,0.1003783587805629,500
XGBoost_Target_Only,0.1152995511978932,100
KRR_Target_Only,30.7397955203015,100
NN_Target_Only,23.607092657332835,100
XGBoost_Pool,0.102213000528785,100
KRR_Pool,1.565667571551543,100
NN_Pool,5.745098747288112,100
XGBoost_TLCQM,0.1101173702979058,100
KRR_TLCQM,1.6855790319198811,100
NN_TLCQM,0.1204095527161703,100
XGBoost_Target_Only,0.1142069488509325,200
KRR_Target_Only,22.348644320169267,200
NN_Target_Only,21.759787565374676,200
XGBoost_Pool,0.1025959568628336,200
KRR_Pool,1.5590662633005758,200
NN_Pool,3.689732771306218,200
XGBoost_TLCQM,0.115788281458422,200
KRR_TLCQM,1.6903304219692836,200
NN_TLCQM,0.1172710740816494,200
XGBoost_Target_Only,0.1001644587745914,300
KRR_Target_Only,15.04595545882469,300
NN_Target_Only,9.315610615422017,300
XGBoost_Pool,0.1007351428674989,300
KRR_Pool,1.5450028823270292,300
NN_Pool,6.287726538046421,300
XGBoost_TLCQM,0.1012136820815583,300
KRR_TLCQM,1.6412515597764965,300
NN_TLCQM,0.1045265403450513,300
XGBoost_Target_Only,0.0977709359196489,500
KRR_Target_Only,8.246597376812067,500
NN_Target_Only,1.3551586885099334,500
XGBoost_Pool,0.0992139144583877,500
KRR_Pool,1.4940700372010969,500
NN_Pool,4.212104184062371,500
XGBoost_TLCQM,0.1022593658802604,500
KRR_TLCQM,1.5618367067866838,500
NN_TLCQM,0.1445271610787779,500
TKRR,2.06506317108852,100
CDAR,5.000472098475855,100
DARC,39.56564066694646,100
VNCD_MDD,0.1715336930486508,100
M3SDA_Reg,0.1225058708269922,100
CMSS_Reg,0.1161723625889857,100
TKRR,1.8345375654502776,200
CDAR,6.304662830044721,200
DARC,31.073263487472765,200
VNCD_MDD,0.1466428682222354,200
M3SDA_Reg,0.1193227935158638,200
CMSS_Reg,0.1125396141255725,200
TKRR,1.851383810484181,300
CDAR,6.2931826345741895,300
DARC,31.4391085087461,300
VNCD_MDD,0.1292476462991676,300
M3SDA_Reg,0.1218641682969042,300
CMSS_Reg,0.1110601915522485,300
TKRR,1.832489124550936,500
CDAR,6.356838790211996,500
DARC,32.171576215491406,500
VNCD_MDD,0.1145401676432952,500
M3SDA_Reg,0.1191253808036905,500
CMSS_Reg,0.1084146971202542,500
XGBoost_Target_Only,0.1221285587823788,100
KRR_Target_Only,29.25665367349543,100
NN_Target_Only,20.099168303534576,100
XGBoost_Pool,0.1016519558324677,100
KRR_Pool,1.642887207513976,100
NN_Pool,5.865757380914745,100
XGBoost_TLCQM,0.1034081113312172,100
KRR_TLCQM,1.7710792203812,100
NN_TLCQM,0.1045296984956907,100
XGBoost_Target_Only,0.1150548803116285,200
KRR_Target_Only,18.71511715497128,200
NN_Target_Only,20.07987818089113,200
XGBoost_Pool,0.0996839047579929,200
KRR_Pool,1.6030058122222155,200
NN_Pool,3.665523286426684,200
XGBoost_TLCQM,0.1024056787628592,200
KRR_TLCQM,1.7132333848040728,200
NN_TLCQM,0.1567573915471448,200
XGBoost_Target_Only,0.102211070008923,300
KRR_Target_Only,13.311547642540209,300
NN_Target_Only,7.896037411293449,300
XGBoost_Pool,0.0994349931118403,300
KRR_Pool,1.6236502889098936,300
NN_Pool,3.258756202666158,300
XGBoost_TLCQM,0.1070360746065666,300
KRR_TLCQM,1.733973184622766,300
NN_TLCQM,0.1183670262768136,300
XGBoost_Target_Only,0.0929500489740669,500
KRR_Target_Only,9.526487300141248,500
NN_Target_Only,0.157281609010723,500
XGBoost_Pool,0.0940765620278093,500
KRR_Pool,1.6004319674688048,500
NN_Pool,4.547145557844962,500
XGBoost_TLCQM,0.1051527516477116,500
KRR_TLCQM,1.7084651773868305,500
NN_TLCQM,0.1118768012196466,500
TKRR,1.9565850330611831,100
CDAR,6.13480261319027,100
DARC,35.7560049629926,100
VNCD_MDD,0.1596921763869898,100
M3SDA_Reg,0.1169118715150336,100
CMSS_Reg,0.1191615319269181,100
TKRR,1.902857993174454,200
CDAR,5.737718961711533,200
DARC,32.6940400466547,200
VNCD_MDD,0.1444970261037121,200
M3SDA_Reg,0.1130051109853007,200
CMSS_Reg,0.1166894249383838,200
TKRR,1.9636656396579817,300
CDAR,5.938044248619119,300
DARC,32.84974847129954,300
VNCD_MDD,0.1407366291168419,300
M3SDA_Reg,0.1164870091675488,300
CMSS_Reg,0.111468148651964,300
TKRR,1.9184384296586203,500
CDAR,5.848592946264223,500
DARC,32.89312760760339,500
VNCD_MDD,0.1216618742019495,500
M3SDA_Reg,0.1099602545799699,500
CMSS_Reg,0.1059962000986807,500
XGBoost_Target_Only,0.1302424183696715,100
KRR_Target_Only,29.49553768930891,100
NN_Target_Only,23.71069574674325,100
XGBoost_Pool,0.099059237939558,100
KRR_Pool,1.6397958449800023,100
NN_Pool,6.292115851005742,100
XGBoost_TLCQM,0.1019943026959646,100
KRR_TLCQM,1.7516597706516563,100
NN_TLCQM,0.1057752853021394,100
XGBoost_Target_Only,0.1242925931934986,200
KRR_Target_Only,19.345311701378368,200
NN_Target_Only,21.431275630987816,200
XGBoost_Pool,0.0975753659608918,200
KRR_Pool,1.6450180080208705,200
NN_Pool,3.293421681206421,200
XGBoost_TLCQM,0.102379733985471,200
KRR_TLCQM,1.759555553805477,200
NN_TLCQM,0.1344030432319296,200
XGBoost_Target_Only,0.103294403734285,300
KRR_Target_Only,14.320123841995104,300
NN_Target_Only,6.232884042321996,300
XGBoost_Pool,0.0954772567505207,300
KRR_Pool,1.5350442495457246,300
NN_Pool,3.3652941096838944,300
XGBoost_TLCQM,0.1112216592955835,300
KRR_TLCQM,1.625210033437787,300
NN_TLCQM,0.1123624981009184,300
XGBoost_Target_Only,0.0966126595120842,500
KRR_Target_Only,8.761107195997436,500
NN_Target_Only,0.222573538497908,500
XGBoost_Pool,0.0948805482440276,500
KRR_Pool,1.4415766676392918,500
NN_Pool,3.372189180708742,500
XGBoost_TLCQM,0.1033945113380566,500
KRR_TLCQM,1.519381404328641,500
NN_TLCQM,0.4771849566655163,500
TKRR,1.8967040451965247,100
CDAR,6.318374246429662,100
DARC,26.06695465782205,100
VNCD_MDD,0.1661106063150336,100
M3SDA_Reg,0.1139601352723795,100
CMSS_Reg,0.1221031210424388,100
TKRR,1.9054421287432344,200
CDAR,4.91094288652347,200
DARC,28.74742355347284,200
VNCD_MDD,0.1532109895719755,200
M3SDA_Reg,0.1128521681823313,200
CMSS_Reg,0.1154392308682072,200
TKRR,1.8504815449542449,300
CDAR,4.9210162691812265,300
DARC,29.00937023820095,300
VNCD_MDD,0.1446687580476203,300
M3SDA_Reg,0.1111732767865648,300
CMSS_Reg,0.1154615576948449,300
TKRR,1.7760467165374625,500
CDAR,4.894056479706676,500
DARC,29.319568049359404,500
VNCD_MDD,0.1183828917828468,500
M3SDA_Reg,0.1145800268305584,500
CMSS_Reg,0.106994718011696,500
XGBoost_Target_Only,0.1147298370820002,100
KRR_Target_Only,30.122161540067257,100
NN_Target_Only,26.63828520975082,100
XGBoost_Pool,0.1012038493135287,100
KRR_Pool,1.5477078750800484,100
NN_Pool,5.513161299627149,100
XGBoost_TLCQM,0.1061102698998889,100
KRR_TLCQM,1.6508635186336689,100
NN_TLCQM,0.1189567225492139,100
XGBoost_Target_Only,0.1017231126399872,200
KRR_Target_Only,19.195816872455502,200
NN_Target_Only,23.803216251957217,200
XGBoost_Pool,0.0995087195720785,200
KRR_Pool,1.5423474671311217,200
NN_Pool,7.135333878145316,200
XGBoost_TLCQM,0.1020621194857787,200
KRR_TLCQM,1.642579148889158,200
NN_TLCQM,0.1518316189568239,200
XGBoost_Target_Only,0.1074588266018003,300
KRR_Target_Only,14.415734097858076,300
NN_Target_Only,0.6132376776508508,300
XGBoost_Pool,0.0974033973038653,300
KRR_Pool,1.5345089531818317,300
NN_Pool,3.356288720253161,300
XGBoost_TLCQM,0.1021121827723099,300
KRR_TLCQM,1.6330944327855077,300
NN_TLCQM,0.2104415967084622,300
XGBoost_Target_Only,0.0979584398034627,500
KRR_Target_Only,8.96295838916969,500
NN_Target_Only,0.3118772348156449,500
XGBoost_Pool,0.0950416312251023,500
KRR_Pool,1.5226673246775344,500
NN_Pool,2.792966272912159,500
XGBoost_TLCQM,0.1006473058600844,500
KRR_TLCQM,1.6186868790415092,500
NN_TLCQM,0.1026352738684509,500
TKRR,1.831135681212031,100
CDAR,6.692028639747193,100
DARC,4.261134650238649,100
VNCD_MDD,0.1667609195243136,100
M3SDA_Reg,0.1277596462459205,100
CMSS_Reg,0.1155429748450435,100
TKRR,1.847584034812146,200
CDAR,5.500075825834232,200
DARC,32.80232204188082,200
VNCD_MDD,0.1516543262112231,200
M3SDA_Reg,0.120338699628286,200
CMSS_Reg,0.1121196858955009,200
TKRR,1.8700079977142647,300
CDAR,5.486951986164985,300
DARC,33.049281168314955,300
VNCD_MDD,0.1481393052696497,300
M3SDA_Reg,0.1199832564203773,300
CMSS_Reg,0.1088726674508091,300
TKRR,1.858314790584682,500
CDAR,5.438598449442707,500
DARC,32.827319038561384,500
VNCD_MDD,0.1361262037942019,500
M3SDA_Reg,0.1186152256412847,500
CMSS_Reg,0.101604044925537,500
XGBoost_Target_Only,0.1070507613099482,100
KRR_Target_Only,32.54579678827474,100
NN_Target_Only,15.64004718780276,100
XGBoost_Pool,0.0990258952831612,100
KRR_Pool,1.647706812375434,100
NN_Pool,5.730059504542406,100
XGBoost_TLCQM,0.1172286017267678,100
KRR_TLCQM,1.7965652045356766,100
NN_TLCQM,0.1252043366763012,100
XGBoost_Target_Only,0.1096358535331614,200
KRR_Target_Only,22.286453898380877,200
NN_Target_Only,21.05152037874384,200
XGBoost_Pool,0.0992482852707475,200
KRR_Pool,1.5941859511096723,200
NN_Pool,3.2808264061842043,200
XGBoost_TLCQM,0.1045265220729311,200
KRR_TLCQM,1.704578629256028,200
NN_TLCQM,0.820999854378407,200
XGBoost_Target_Only,0.0982670831227013,300
KRR_Target_Only,16.120667527152307,300
NN_Target_Only,0.3662915797044184,300
XGBoost_Pool,0.0962682216343908,300
KRR_Pool,1.5580457373557297,300
NN_Pool,3.238466134785236,300
XGBoost_TLCQM,0.103344524458802,300
KRR_TLCQM,1.6581698858868164,300
NN_TLCQM,0.1053108935685017,300
XGBoost_Target_Only,0.09567608919731,500
KRR_Target_Only,9.388108737199662,500
NN_Target_Only,1.4697909899598358,500
XGBoost_Pool,0.0970476534964687,500
KRR_Pool,1.4851185229573982,500
NN_Pool,5.4157807139632,500
XGBoost_TLCQM,0.1035040739680499,500
KRR_TLCQM,1.5833312431601558,500
NN_TLCQM,0.1088262866400859,500
TKRR,1.9736085536027888,100
CDAR,6.899175957815788,100
DARC,24.6575171589347,100
VNCD_MDD,0.1969572763521428,100
M3SDA_Reg,0.1125761223431698,100
CMSS_Reg,0.1269487507157521,100
TKRR,1.86473125561256,200
CDAR,6.172490275322016,200
DARC,28.99562171198092,200
VNCD_MDD,0.1605132081078905,200
M3SDA_Reg,0.1112885493262,200
CMSS_Reg,0.1108448510802899,200
TKRR,1.8769980028581743,300
CDAR,6.2048720017943255,300
DARC,29.185137959164543,300
VNCD_MDD,0.1360692382348045,300
M3SDA_Reg,0.1110340121703185,300
CMSS_Reg,0.1090929302791847,300
TKRR,1.8559909609353265,500
CDAR,6.219977826363167,500
DARC,29.139555029787157,500
VNCD_MDD,0.1270861641075457,500
M3SDA_Reg,0.1173929592774881,500
CMSS_Reg,0.1054167716463947,500
XGBoost_Target_Only,0.1257504347236722,100
KRR_Target_Only,31.461243547489172,100
NN_Target_Only,18.348730355685177,100
XGBoost_Pool,0.1002087046191312,100
KRR_Pool,1.641439046990089,100
NN_Pool,5.714851988405447,100
XGBoost_TLCQM,0.1061543804810049,100
KRR_TLCQM,1.7505471904272412,100
NN_TLCQM,0.1697390573876116,100
XGBoost_Target_Only,0.1027648509133029,200
KRR_Target_Only,21.11241254282869,200
NN_Target_Only,21.16658273450392,200
XGBoost_Pool,0.096961126947917,200
KRR_Pool,1.6270467426373707,200
NN_Pool,3.450548668647367,200
XGBoost_TLCQM,0.1035010396010765,200
KRR_TLCQM,1.7359570643282212,200
NN_TLCQM,0.1220894233658887,200
XGBoost_Target_Only,0.1031665148786164,300
KRR_Target_Only,15.986083225023089,300
NN_Target_Only,7.343671820945435,300
XGBoost_Pool,0.0968966892932884,300
KRR_Pool,1.5608167035919018,300
NN_Pool,5.620099227115169,300
XGBoost_TLCQM,0.1014506697126058,300
KRR_TLCQM,1.662472850068854,300
NN_TLCQM,0.1070840136963252,300
XGBoost_Target_Only,0.1010012581985562,500
KRR_Target_Only,9.97040156837337,500
NN_Target_Only,0.1956660493835434,500
XGBoost_Pool,0.0961163750707683,500
KRR_Pool,1.456335890167964,500
NN_Pool,3.63866922699919,500
XGBoost_TLCQM,0.1053223969963504,500
KRR_TLCQM,1.5533015077743642,500
NN_TLCQM,0.1134939631880195,500
TKRR,1.9130442738137767,100
CDAR,6.109594418647387,100
DARC,39.05397414003654,100
VNCD_MDD,0.1596789493377654,100
M3SDA_Reg,0.1085694417246024,100
CMSS_Reg,0.1194851665161818,100
TKRR,1.9112212121737504,200
CDAR,6.079922862018966,200
DARC,37.940146847796086,200
VNCD_MDD,0.1430661952731303,200
M3SDA_Reg,0.1098615315911067,200
CMSS_Reg,0.112557477291102,200
TKRR,1.8260858474949344,300
CDAR,6.092839005331813,300
DARC,37.64261459677111,300
VNCD_MDD,0.1263000831713381,300
M3SDA_Reg,0.1083606274028048,300
CMSS_Reg,0.1133568715801618,300
TKRR,1.7982207061651616,500
CDAR,6.09591062046483,500
DARC,37.69327361091793,500
VNCD_MDD,0.1218180277843374,500
M3SDA_Reg,0.1188929272782277,500
CMSS_Reg,0.1077767220498142,500
XGBoost_Target_Only,0.1091144522220555,100
KRR_Target_Only,29.7574744607508,100
NN_Target_Only,21.36853945868932,100
XGBoost_Pool,0.1018211672049138,100
KRR_Pool,1.633631888649534,100
NN_Pool,5.604619182480605,100
XGBoost_TLCQM,0.1037859921218567,100
KRR_TLCQM,1.7434812884779238,100
NN_TLCQM,0.1108591131636937,100
XGBoost_Target_Only,0.1049802754722973,200
KRR_Target_Only,19.1196970454566,200
NN_Target_Only,25.13556600372605,200
XGBoost_Pool,0.0980521942308173,200
KRR_Pool,1.6158832316147385,200
NN_Pool,2.6120668714224182,200
XGBoost_TLCQM,0.1039005826603515,200
KRR_TLCQM,1.7278822210587867,200
NN_TLCQM,0.1132634771598094,200
XGBoost_Target_Only,0.0954291975169511,300
KRR_Target_Only,13.581156282547187,300
NN_Target_Only,6.60070978965297,300
XGBoost_Pool,0.09763493571855,300
KRR_Pool,1.565043392266342,300
NN_Pool,4.6924390370228615,300
XGBoost_TLCQM,0.0969179268726938,300
KRR_TLCQM,1.662095466521125,300
NN_TLCQM,0.0992963498177886,300
XGBoost_Target_Only,0.0957539869500396,500
KRR_Target_Only,7.852333073121878,500
NN_Target_Only,0.1684688265539002,500
XGBoost_Pool,0.0969039285211312,500
KRR_Pool,1.451626164475862,500
NN_Pool,2.993039826194315,500
XGBoost_TLCQM,0.0958933738758359,500
KRR_TLCQM,1.5302126389320423,500
NN_TLCQM,0.3189613669009213,500
TKRR,2.003323055812083,100
CDAR,6.080405718441896,100
DARC,30.481464708204783,100
VNCD_MDD,0.1643121193076871,100
M3SDA_Reg,0.1129278844713781,100
CMSS_Reg,0.1101624395893371,100
TKRR,1.9147241821580043,200
CDAR,5.997222239252935,200
DARC,26.577138894386195,200
VNCD_MDD,0.145322055740913,200
M3SDA_Reg,0.1143623933914894,200
CMSS_Reg,0.1110551081616307,200
TKRR,1.835064898860504,300
CDAR,6.054380258969027,300
DARC,26.66373219160136,300
VNCD_MDD,0.1432767802039238,300
M3SDA_Reg,0.1158283570459725,300
CMSS_Reg,0.1072198153499625,300
TKRR,1.7899724850038403,500
CDAR,5.916309545721928,500
DARC,26.55716253501029,500
VNCD_MDD,0.1578916925866584,500
M3SDA_Reg,0.1223666351874531,500
CMSS_Reg,0.1036094371747281,500
XGBoost_Target_Only,0.1205454397865129,100
KRR_Target_Only,28.667938557134782,100
NN_Target_Only,20.08643720436556,100
XGBoost_Pool,0.0989501884860197,100
KRR_Pool,1.583045726481593,100
NN_Pool,5.5114024511732,100
XGBoost_TLCQM,0.1000789863371626,100
KRR_TLCQM,1.6999499793628334,100
NN_TLCQM,0.1047795762102774,100
XGBoost_Target_Only,0.1205714260766003,200
KRR_Target_Only,18.67065121581571,200
NN_Target_Only,18.079159785984505,200
XGBoost_Pool,0.098563297870587,200
KRR_Pool,1.547259593723693,200
NN_Pool,7.845904799230816,200
XGBoost_TLCQM,0.1033565599303722,200
KRR_TLCQM,1.631414775860672,200
NN_TLCQM,0.1243739826207513,200
XGBoost_Target_Only,0.107688979597514,300
KRR_Target_Only,14.281315301340475,300
NN_Target_Only,7.393992025678831,300
XGBoost_Pool,0.0991738336331224,300
KRR_Pool,1.5297369779486956,300
NN_Pool,6.241530468886125,300
XGBoost_TLCQM,0.1008226231470495,300
KRR_TLCQM,1.5982822512540913,300
NN_TLCQM,0.1064464900754974,300
XGBoost_Target_Only,0.0963069215564037,500
KRR_Target_Only,9.025774482258528,500
NN_Target_Only,0.1839114953370132,500
XGBoost_Pool,0.0962630855884091,500
KRR_Pool,1.4937995960755914,500
NN_Pool,3.296076966414625,500
XGBoost_TLCQM,0.1023888538440082,500
KRR_TLCQM,1.5662051905414462,500
NN_TLCQM,0.1087966252957117,500
TKRR,2.021878625635314,100
CDAR,5.537170528211374,100
DARC,21.91156153959614,100
VNCD_MDD,0.1549671235445182,100
M3SDA_Reg,0.1159784401897793,100
CMSS_Reg,0.1237518899516197,100
TKRR,1.883782965179169,200
CDAR,5.622500556102643,200
DARC,36.95648452227721,200
VNCD_MDD,0.1504255532038933,200
M3SDA_Reg,0.1142609235256418,200
CMSS_Reg,0.119563701966536,200
TKRR,1.9925238014246849,300
CDAR,5.521397887875439,300
DARC,38.34283165992132,300
VNCD_MDD,0.1338718953630233,300
M3SDA_Reg,0.1149606937065422,300
CMSS_Reg,0.1154912665765701,300
TKRR,1.800630238677534,500
CDAR,5.576961519670133,500
DARC,33.383590241354504,500
VNCD_MDD,0.1346290960469845,500
M3SDA_Reg,0.1210858704015799,500
CMSS_Reg,0.1038551887293403,500
XGBoost_Target_Only,0.1247340660843982,100
KRR_Target_Only,30.31602548658861,100
NN_Target_Only,19.790894444092544,100
XGBoost_Pool,0.1018540646522372,100
KRR_Pool,1.543712140450786,100
NN_Pool,5.670249157065036,100
XGBoost_TLCQM,0.1097289956748003,100
KRR_TLCQM,1.6201987906244475,100
NN_TLCQM,0.1623710963003746,100
XGBoost_Target_Only,0.1195934899367461,200
KRR_Target_Only,18.16132330597703,200
NN_Target_Only,23.574908861763983,200
XGBoost_Pool,0.0987449769448095,200
KRR_Pool,1.4716334015470962,200
NN_Pool,3.491317215359496,200
XGBoost_TLCQM,0.1029751088418755,200
KRR_TLCQM,1.5809220496036862,200
NN_TLCQM,0.1082016196637091,200
XGBoost_Target_Only,0.1042386653861636,300
KRR_Target_Only,13.759342805355312,300
NN_Target_Only,8.594157332164288,300
XGBoost_Pool,0.0972674178288261,300
KRR_Pool,1.474224774165528,300
NN_Pool,6.100860651129663,300
XGBoost_TLCQM,0.0984973154189464,300
KRR_TLCQM,1.5731580502237892,300
NN_TLCQM,0.0999153606526226,300
XGBoost_Target_Only,0.0951577596075327,500
KRR_Target_Only,8.779353795562225,500
NN_Target_Only,0.2548258441787914,500
XGBoost_Pool,0.0965260159709503,500
KRR_Pool,1.4082342491573443,500
NN_Pool,2.903623181625373,500
XGBoost_TLCQM,0.0973910388821135,500
KRR_TLCQM,1.4909994407699636,500
NN_TLCQM,0.1009516061266957,500
TKRR,1.8246074480440928,100
CDAR,6.096462427494058,100
DARC,29.923838885336973,100
VNCD_MDD,0.1933901604979617,100
M3SDA_Reg,0.1195510665579281,100
CMSS_Reg,0.1233406057606741,100
TKRR,1.9175238698393475,200
CDAR,5.258895213271757,200
DARC,26.418364983545867,200
VNCD_MDD,0.1902115439026765,200
M3SDA_Reg,0.116620568113766,200
CMSS_Reg,0.1199246036363779,200
TKRR,1.8178405490278435,300
CDAR,5.26711501942029,300
DARC,26.747893294710718,300
VNCD_MDD,0.1484989667966648,300
M3SDA_Reg,0.1201436498732129,300
CMSS_Reg,0.1161279456106743,300
TKRR,1.7300621583168845,500
CDAR,5.236269921806285,500
DARC,27.214581834686054,500
VNCD_MDD,0.1367560416707771,500
M3SDA_Reg,0.1196037666425789,500
CMSS_Reg,0.1062924356337887,500
XGBoost_Target_Only,0.1211749240281814,100
KRR_Target_Only,31.04503112730132,100
NN_Target_Only,24.47538711201445,100
XGBoost_Pool,0.1010202106818682,100
KRR_Pool,1.6178087106216583,100
NN_Pool,5.313088861010376,100
XGBoost_TLCQM,0.1012219769846286,100
KRR_TLCQM,1.7394355679246325,100
NN_TLCQM,0.1096033996334274,100
XGBoost_Target_Only,0.116000436032933,200
KRR_Target_Only,18.942289310111978,200
NN_Target_Only,22.74168123505128,200
XGBoost_Pool,0.1000673437602997,200
KRR_Pool,1.619585647513684,200
NN_Pool,3.3501852482713628,200
XGBoost_TLCQM,0.1010587968080335,200
KRR_TLCQM,1.7120086190313952,200
NN_TLCQM,0.1415191554866639,200
XGBoost_Target_Only,0.098589525086346,300
KRR_Target_Only,14.011965477708392,300
NN_Target_Only,8.23782875783444,300
XGBoost_Pool,0.0982738448053681,300
KRR_Pool,1.5521565976952252,300
NN_Pool,5.492013862986203,300
XGBoost_TLCQM,0.1035026334448632,300
KRR_TLCQM,1.6298433755939,300
NN_TLCQM,0.1066870653852506,300
XGBoost_Target_Only,0.0947035965230592,500
KRR_Target_Only,8.595385819888723,500
NN_Target_Only,0.2048711381788035,500
XGBoost_Pool,0.0943748220775114,500
KRR_Pool,1.4976847968089282,500
NN_Pool,3.345305052467093,500
XGBoost_TLCQM,0.1022370825995796,500
KRR_TLCQM,1.566511495336562,500
NN_TLCQM,0.1074634933395814,500
TKRR,1.890449357664321,100
CDAR,6.480029486452599,100
DARC,33.883135759069475,100
VNCD_MDD,0.2558666233620417,100
M3SDA_Reg,0.1208750634225436,100
CMSS_Reg,0.1164790363074794,100
TKRR,1.8727621902703309,200
CDAR,5.625563253949716,200
DARC,25.55592075163372,200
VNCD_MDD,0.1412959905289376,200
M3SDA_Reg,0.1152085959836205,200
CMSS_Reg,0.1158525553975581,200
TKRR,1.800337452607222,300
CDAR,5.60637941307764,300
DARC,25.608195616230987,300
VNCD_MDD,0.1229747023560239,300
M3SDA_Reg,0.1116073166742016,300
CMSS_Reg,0.1128970258301808,300
TKRR,1.7893895014817018,500
CDAR,5.607296069735546,500
DARC,25.010002409617755,500
VNCD_MDD,0.1147070106126297,500
M3SDA_Reg,0.1136909001489098,500
CMSS_Reg,0.1049654820888249,500
XGBoost_Target_Only,0.1129004399296845,100
KRR_Target_Only,29.568433591414777,100
NN_Target_Only,20.224430641448784,100
XGBoost_Pool,0.1036117665413485,100
KRR_Pool,1.6278202053583295,100
NN_Pool,5.621999263807811,100
XGBoost_TLCQM,0.1234948481305038,100
KRR_TLCQM,1.734213412698226,100
NN_TLCQM,0.1456949716707837,100
XGBoost_Target_Only,0.110676776009782,200
KRR_Target_Only,20.856276082155755,200
NN_Target_Only,20.37871833581896,200
XGBoost_Pool,0.0992091673975327,200
KRR_Pool,1.5914844068739722,200
NN_Pool,3.462703485001867,200
XGBoost_TLCQM,0.1141409801971505,200
KRR_TLCQM,1.6980004806481008,200
NN_TLCQM,0.1184688270106302,200
XGBoost_Target_Only,0.1075718812315559,300
KRR_Target_Only,14.484737553257464,300
NN_Target_Only,6.228263728744843,300
XGBoost_Pool,0.0973754439628443,300
KRR_Pool,1.5713921550412948,300
NN_Pool,3.2802626385801235,300
XGBoost_TLCQM,0.109477355774155,300
KRR_TLCQM,1.6692392697003628,300
NN_TLCQM,0.1134689109781017,300
XGBoost_Target_Only,0.0951944236382879,500
KRR_Target_Only,9.289662608760889,500
NN_Target_Only,0.1506237023831904,500
XGBoost_Pool,0.0958898502558967,500
KRR_Pool,1.5183695808795137,500
NN_Pool,3.281675663177162,500
XGBoost_TLCQM,0.1050367210026405,500
KRR_TLCQM,1.6239158687252917,500
NN_TLCQM,0.1210384667232867,500
TKRR,2.004143369483248,100
CDAR,6.151472987414041,100
DARC,37.08870180685758,100
VNCD_MDD,0.1693432047549624,100
M3SDA_Reg,0.1078042821463998,100
CMSS_Reg,0.1141098624939988,100
TKRR,1.9686887742984385,200
CDAR,6.516520847945447,200
DARC,30.847158146536557,200
VNCD_MDD,0.1430968627883861,200
M3SDA_Reg,0.1089855719276982,200
CMSS_Reg,0.1155676538157707,200
TKRR,1.875262377206753,300
CDAR,6.397167659750845,300
DARC,31.301147725038184,300
VNCD_MDD,0.150577978196096,300
M3SDA_Reg,0.114365353231253,300
CMSS_Reg,0.1182566254639666,300
TKRR,1.8534036026575624,500
CDAR,6.297392226393535,500
DARC,31.457113773082995,500
VNCD_MDD,0.1228703656458626,500
M3SDA_Reg,0.113417717399754,500
CMSS_Reg,0.1047489323998642,500
XGBoost_Target_Only,0.1225831490429762,100
KRR_Target_Only,28.04600350505575,100
NN_Target_Only,18.357633885768628,100
XGBoost_Pool,0.1013701480610548,100
KRR_Pool,1.6411452354451586,100
NN_Pool,5.7194877920466425,100
XGBoost_TLCQM,0.1045937082113714,100
KRR_TLCQM,1.7875937107482982,100
NN_TLCQM,0.155739806262287,100
XGBoost_Target_Only,0.1139100908128365,200
KRR_Target_Only,18.91364626681509,200
NN_Target_Only,20.378493991972285,200
XGBoost_Pool,0.0982779717796136,200
KRR_Pool,1.5800759826273496,200
NN_Pool,3.2857685284165874,200
XGBoost_TLCQM,0.1071079994751487,200
KRR_TLCQM,1.6869760828255516,200
NN_TLCQM,0.2205411231481871,200
XGBoost_Target_Only,0.1058092470316706,300
KRR_Target_Only,12.851981654481234,300
NN_Target_Only,6.284975287115676,300
XGBoost_Pool,0.0978151016317621,300
KRR_Pool,1.550779804415448,300
NN_Pool,3.239220642064283,300
XGBoost_TLCQM,0.1029098791802913,300
KRR_TLCQM,1.64555767713373,300
NN_TLCQM,0.1046315341406361,300
XGBoost_Target_Only,0.0955017342594424,500
KRR_Target_Only,8.919986677646815,500
NN_Target_Only,0.2232245049149816,500
XGBoost_Pool,0.0950493668618887,500
KRR_Pool,1.4765998586287823,500
NN_Pool,3.443076863556588,500
XGBoost_TLCQM,0.101822951316543,500
KRR_TLCQM,1.5594962870501234,500
NN_TLCQM,0.1918542606249046,500
TKRR,2.114561518029544,100
CDAR,5.282449280430957,100
DARC,22.353826010206134,100
VNCD_MDD,0.1531916631979044,100
M3SDA_Reg,0.1179547250841004,100
CMSS_Reg,0.1151865414457509,100
TKRR,1.8824809160742024,200
CDAR,5.47421174085361,200
DARC,33.45455292040741,200
VNCD_MDD,0.1501857100901661,200
M3SDA_Reg,0.1186424002635407,200
CMSS_Reg,0.1133886664257783,200
TKRR,1.8933808348300425,300
CDAR,5.436554385639795,300
DARC,31.63127970109875,300
VNCD_MDD,0.1355429320162091,300
M3SDA_Reg,0.1212258072752554,300
CMSS_Reg,0.1105163756968786,300
TKRR,1.8961842198027528,500
CDAR,5.4870464494355815,500
DARC,31.700437125175903,500
VNCD_MDD,0.1403944998885014,500
M3SDA_Reg,0.1195097286143591,500
CMSS_Reg,0.1071061145064481,500
XGBoost_Target_Only,0.1155523582645763,100
KRR_Target_Only,28.20379023285147,100
NN_Target_Only,21.080304298424476,100
XGBoost_Pool,0.0984537708682767,100
KRR_Pool,1.6508577318635052,100
NN_Pool,5.946903930351211,100
XGBoost_TLCQM,0.108153644490353,100
KRR_TLCQM,1.7454074617484574,100
NN_TLCQM,0.10744311119319,100
XGBoost_Target_Only,0.0976087408218798,200
KRR_Target_Only,18.39786470425774,200
NN_Target_Only,25.74111679042008,200
XGBoost_Pool,0.0973889061713793,200
KRR_Pool,1.586816742886108,200
NN_Pool,3.649370025382123,200
XGBoost_TLCQM,0.1054881659323237,200
KRR_TLCQM,1.694821799173984,200
NN_TLCQM,0.1124151738810052,200
XGBoost_Target_Only,0.0939218620980974,300
KRR_Target_Only,13.15073572678094,300
NN_Target_Only,8.435307963377575,300
XGBoost_Pool,0.0960040066280396,300
KRR_Pool,1.569065794306676,300
NN_Pool,2.2324854351300134,300
XGBoost_TLCQM,0.1030583048702777,300
KRR_TLCQM,1.6661600766333573,300
NN_TLCQM,0.3857343308676291,300
XGBoost_Target_Only,0.0999952801051066,500
KRR_Target_Only,8.712828054179415,500
NN_Target_Only,0.4791445120416908,500
XGBoost_Pool,0.0941082507776622,500
KRR_Pool,1.5052053746461362,500
NN_Pool,3.3484679185168758,500
XGBoost_TLCQM,0.1007067873305758,500
KRR_TLCQM,1.5831953628569897,500
NN_TLCQM,0.1052925237655612,500
TKRR,1.9067917264776757,100
CDAR,5.9987133534891806,100
DARC,32.96828531462133,100
VNCD_MDD,0.1891277444654893,100
M3SDA_Reg,0.1156556083492195,100
CMSS_Reg,0.1257662318177774,100
TKRR,1.979657979765299,200
CDAR,5.138669334438045,200
DARC,23.51493642946108,200
VNCD_MDD,0.1564906268249912,200
M3SDA_Reg,0.1126009016524718,200
CMSS_Reg,0.113949725497265,200
TKRR,1.839224385927484,300
CDAR,5.045633250831825,300
DARC,23.62465108623233,300
VNCD_MDD,0.143814058936073,300
M3SDA_Reg,0.1100849030083002,300
CMSS_Reg,0.1088322030487943,300
TKRR,1.7503957221551,500
CDAR,4.889549460917774,500
DARC,24.2707022194884,500
VNCD_MDD,0.1290322242405152,500
M3SDA_Reg,0.1117827663497571,500
CMSS_Reg,0.1075742847208393,500
XGBoost_Target_Only,0.1435984515864984,100
KRR_Target_Only,30.46697671874254,100
NN_Target_Only,20.60309273480765,100
XGBoost_Pool,0.0992086098991715,100
KRR_Pool,1.5720633406061617,100
NN_Pool,3.379678629454087,100
XGBoost_TLCQM,0.1129516891934517,100
KRR_TLCQM,1.6922209163445958,100
NN_TLCQM,0.1549615621320611,100
XGBoost_Target_Only,0.1133141994864734,200
KRR_Target_Only,20.427715866769848,200
NN_Target_Only,20.57355390873229,200
XGBoost_Pool,0.1008352528450318,200
KRR_Pool,1.5655344700157512,200
NN_Pool,6.908875703141819,200
XGBoost_TLCQM,0.1065928051564656,200
KRR_TLCQM,1.6671698917603162,200
NN_TLCQM,0.106259134863949,200
XGBoost_Target_Only,0.1010022137233322,300
KRR_Target_Only,14.263159253494443,300
NN_Target_Only,6.804930980035839,300
XGBoost_Pool,0.0975251030907402,300
KRR_Pool,1.512854698527492,300
NN_Pool,3.307810648722292,300
XGBoost_TLCQM,0.1045767995312777,300
KRR_TLCQM,1.610306961534001,300
NN_TLCQM,0.1915814522459434,300
XGBoost_Target_Only,0.0942584285000611,500
KRR_Target_Only,9.862867288807754,500
NN_Target_Only,0.2982749642406532,500
XGBoost_Pool,0.0960788941469234,500
KRR_Pool,1.4859973044672363,500
NN_Pool,3.435499047154051,500
XGBoost_TLCQM,0.1047751823989126,500
KRR_TLCQM,1.5945538000535002,500
NN_TLCQM,0.1136903504390802,500
TKRR,1.82438948681202,100
CDAR,6.050592200895474,100
DARC,29.44389342434732,100
VNCD_MDD,0.1798043694933159,100
M3SDA_Reg,0.1141336119157548,100
CMSS_Reg,0.1206532189216881,100
TKRR,2.131563035850535,200
CDAR,6.590777037916546,200
DARC,32.71219135115222,200
VNCD_MDD,0.1475036792495307,200
M3SDA_Reg,0.1168517034938034,200
CMSS_Reg,0.1127103616383862,200
TKRR,1.810425113100864,300
CDAR,6.552533495931325,300
DARC,33.05648926309335,300
VNCD_MDD,0.1399101725986574,300
M3SDA_Reg,0.1206879719686307,300
CMSS_Reg,0.1049477976539782,300
TKRR,1.7535038489358743,500
CDAR,6.636804968155543,500
DARC,32.8023443747415,500
VNCD_MDD,0.1267844223399519,500
M3SDA_Reg,0.119979450413679,500
CMSS_Reg,0.1011997560711359,500
XGBoost_Target_Only,0.1323785642882969,100
KRR_Target_Only,30.26120147349701,100
NN_Target_Only,20.10848294842341,100
XGBoost_Pool,0.1019698045981549,100
KRR_Pool,1.6307421747559994,100
NN_Pool,5.435183342478403,100
XGBoost_TLCQM,0.1070678529046056,100
KRR_TLCQM,1.7771497311308408,100
NN_TLCQM,0.1117847206073843,100
XGBoost_Target_Only,0.1138970546838346,200
KRR_Target_Only,19.7907543241245,200
NN_Target_Only,20.623557095598173,200
XGBoost_Pool,0.1010761428379932,200
KRR_Pool,1.610364338451896,200
NN_Pool,4.807469965871162,200
XGBoost_TLCQM,0.0998374418141551,200
KRR_TLCQM,1.717077691633315,200
NN_TLCQM,0.1049399383273413,200
XGBoost_Target_Only,0.1000186465457975,300
KRR_Target_Only,13.385884390584822,300
NN_Target_Only,6.378038694615947,300
XGBoost_Pool,0.0981297185878827,300
KRR_Pool,1.5711538896802455,300
NN_Pool,3.3342092704625754,300
XGBoost_TLCQM,0.0970726748971013,300
KRR_TLCQM,1.6720942586630536,300
NN_TLCQM,0.1282265615640493,300
XGBoost_Target_Only,0.0949498195016949,500
KRR_Target_Only,8.081136377528082,500
NN_Target_Only,0.2963718217648249,500
XGBoost_Pool,0.0949254775118088,500
KRR_Pool,1.5561631097072872,500
NN_Pool,3.00813476943324,500
XGBoost_TLCQM,0.0958469441958437,500
KRR_TLCQM,1.6532928911742613,500
NN_TLCQM,0.1113910354363878,500
TKRR,1.8689254683646563,100
CDAR,5.359344220661082,100
DARC,29.75565007358991,100
VNCD_MDD,0.1777442373685285,100
M3SDA_Reg,0.1200164684655289,100
CMSS_Reg,0.1312304251771662,100
TKRR,1.9082577865579744,200
CDAR,5.589348243102001,200
DARC,31.67272344260819,200
VNCD_MDD,0.1376491686897696,200
M3SDA_Reg,0.1207641478474391,200
CMSS_Reg,0.1165344998929327,200
TKRR,1.8326368220565492,300
CDAR,5.6158310977837225,300
DARC,30.733255606319243,300
VNCD_MDD,0.142239241019445,300
M3SDA_Reg,0.123202009808904,300
CMSS_Reg,0.1072622791604411,300
TKRR,1.87265867963404,500
CDAR,5.5629761564038205,500
DARC,31.71293425235228,500
VNCD_MDD,0.1214741610862648,500
M3SDA_Reg,0.1277151996019339,500
CMSS_Reg,0.1020071774440157,500
XGBoost_Target_Only,0.1214529264465765,100
KRR_Target_Only,28.49386424185923,100
NN_Target_Only,19.979004605465317,100
XGBoost_Pool,0.1022304659140255,100
KRR_Pool,1.595244691364513,100
NN_Pool,5.384993329958092,100
XGBoost_TLCQM,0.1058703386900734,100
KRR_TLCQM,1.7114115973589703,100
NN_TLCQM,0.1224792787563888,100
XGBoost_Target_Only,0.1128769073166544,200
KRR_Target_Only,19.19904097403894,200
NN_Target_Only,24.349285550633454,200
XGBoost_Pool,0.0999044828500528,200
KRR_Pool,1.5281594111306118,200
NN_Pool,3.955023085380661,200
XGBoost_TLCQM,0.1092000613414213,200
KRR_TLCQM,1.6412169352436023,200
NN_TLCQM,0.1144564119335533,200
XGBoost_Target_Only,0.0977824724268564,300
KRR_Target_Only,14.302389125523982,300
NN_Target_Only,6.21092075302873,300
XGBoost_Pool,0.0967166396297215,300
KRR_Pool,1.477828732510125,300
NN_Pool,3.3226119081213303,300
XGBoost_TLCQM,0.1065458500567214,300
KRR_TLCQM,1.572335887278357,300
NN_TLCQM,0.117890362968662,300
XGBoost_Target_Only,0.0932297308379591,500
KRR_Target_Only,8.250823570048997,500
NN_Target_Only,0.7207151762573026,500
XGBoost_Pool,0.0966875881528301,500
KRR_Pool,1.397817801303514,500
NN_Pool,2.9409871218601293,500
XGBoost_TLCQM,0.1079443256955073,500
KRR_TLCQM,1.4639032077279133,500
NN_TLCQM,0.1241090669704076,500
TKRR,1.894041568573332,100
CDAR,6.235345915219583,100
DARC,23.08603224102882,100
VNCD_MDD,0.1491171091191709,100
M3SDA_Reg,0.119741249188383,100
CMSS_Reg,0.111736094445179,100
TKRR,1.8421342715899087,200
CDAR,6.013250297579115,200
DARC,28.0701897210713,200
VNCD_MDD,0.1295481252003325,200
M3SDA_Reg,0.1180420035947091,200
CMSS_Reg,0.1067844971496705,200
TKRR,1.840560488772326,300
CDAR,5.956052241015252,300
DARC,28.097761873051205,300
VNCD_MDD,0.1378084890653505,300
M3SDA_Reg,0.117041228953499,300
CMSS_Reg,0.1064159392172691,300
TKRR,1.7291255325816215,500
CDAR,5.96786392532318,500
DARC,28.10962281070535,500
VNCD_MDD,0.1192094808948249,500
M3SDA_Reg,0.1141484619686678,500
CMSS_Reg,0.1012539727223055,500
XGBoost_Target_Only,0.1090613318434308,100
KRR_Target_Only,30.32299262843937,100
NN_Target_Only,22.29334169442445,100
XGBoost_Pool,0.0987972220923339,100
KRR_Pool,1.6240186274527142,100
NN_Pool,5.720715345965955,100
XGBoost_TLCQM,0.1076588484475929,100
KRR_TLCQM,1.7350448720220153,100
NN_TLCQM,0.1128695449019968,100
XGBoost_Target_Only,0.0993121449824299,200
KRR_Target_Only,19.374711716426365,200
NN_Target_Only,21.130068766722705,200
XGBoost_Pool,0.1004253552296993,200
KRR_Pool,1.5615139952823565,200
NN_Pool,3.726370559390219,200
XGBoost_TLCQM,0.1068816698551408,200
KRR_TLCQM,1.670740664925367,200
NN_TLCQM,0.1120403739628067,200
XGBoost_Target_Only,0.0993820022767239,300
KRR_Target_Only,13.2413189727737,300
NN_Target_Only,0.7637437821458174,300
XGBoost_Pool,0.0958849267123097,300
KRR_Pool,1.5101575603302406,300
NN_Pool,2.562693362548047,300
XGBoost_TLCQM,0.1043859933020641,300
KRR_TLCQM,1.591450762898709,300
NN_TLCQM,0.114379709086243,300
XGBoost_Target_Only,0.0948182694310179,500
KRR_Target_Only,8.630903056385895,500
NN_Target_Only,0.266346300103176,500
XGBoost_Pool,0.0949337461148328,500
KRR_Pool,1.4670577235871858,500
NN_Pool,4.21755725541118,500
XGBoost_TLCQM,0.103052471742765,500
KRR_TLCQM,1.545846330634624,500
NN_TLCQM,0.114212181668686,500
TKRR,1.9006848244214392,100
CDAR,6.1583994738412855,100
DARC,34.37408855139421,100
VNCD_MDD,0.1719148975671726,100
M3SDA_Reg,0.1144725200550376,100
CMSS_Reg,0.1147296797311221,100
TKRR,1.8478919424127984,200
CDAR,6.025215580913319,200
DARC,34.58922523088161,200
VNCD_MDD,0.1371466080396708,200
M3SDA_Reg,0.1126752377688264,200
CMSS_Reg,0.1058887932473461,200
TKRR,1.8883747856659017,300
CDAR,6.115246175033889,300
DARC,34.74162054212577,300
VNCD_MDD,0.142855544528714,300
M3SDA_Reg,0.1089233795206112,300
CMSS_Reg,0.1011980623327908,300
TKRR,1.7691911392065744,500
CDAR,6.016063400194113,500
DARC,34.72924356467138,500
VNCD_MDD,0.1261802381157342,500
M3SDA_Reg,0.113218058695497,500
CMSS_Reg,0.1006378732642424,500
XGBoost_Target_Only,0.1139307260663877,100
KRR_Target_Only,30.47372096961921,100
NN_Target_Only,21.70582784909741,100
XGBoost_Pool,0.1020591112363381,100
KRR_Pool,1.584083762827892,100
NN_Pool,5.361180738231608,100
XGBoost_TLCQM,0.107627283087433,100
KRR_TLCQM,1.7027236680225537,100
NN_TLCQM,0.1157613438594708,100
XGBoost_Target_Only,0.107851530471072,200
KRR_Target_Only,19.56002542946039,200
NN_Target_Only,22.2842922253958,200
XGBoost_Pool,0.101027493134094,200
KRR_Pool,1.5824854938602118,200
NN_Pool,3.559139664697907,200
XGBoost_TLCQM,0.1049085255062071,200
KRR_TLCQM,1.705099084056487,200
NN_TLCQM,0.1411634579356709,200
XGBoost_Target_Only,0.1081187889758923,300
KRR_Target_Only,15.436355215219896,300
NN_Target_Only,0.202778929261818,300
XGBoost_Pool,0.0979988457683978,300
KRR_Pool,1.5761456201038888,300
NN_Pool,3.3235580252916006,300
XGBoost_TLCQM,0.107058779974612,300
KRR_TLCQM,1.7028750172613507,300
NN_TLCQM,0.131355234535867,300
XGBoost_Target_Only,0.098742029447129,500
KRR_Target_Only,9.187015330701442,500
NN_Target_Only,0.4020778293932671,500
XGBoost_Pool,0.0959215355387673,500
KRR_Pool,1.4964950054825292,500
NN_Pool,3.703598787763916,500
XGBoost_TLCQM,0.1008459447601336,500
KRR_TLCQM,1.6089258800607702,500
NN_TLCQM,0.1236347411536613,500
TKRR,2.034869067457531,100
CDAR,5.412196662027633,100
DARC,29.538052173379747,100
VNCD_MDD,0.1590859912589118,100
M3SDA_Reg,0.1183195445809101,100
CMSS_Reg,0.1219201480910775,100
TKRR,1.8516443173803652,200
CDAR,5.839509614709943,200
DARC,35.01568779085476,200
VNCD_MDD,0.1441107275388632,200
M3SDA_Reg,0.1212856201950201,200
CMSS_Reg,0.1215215704684355,200
TKRR,1.865885009398032,300
CDAR,5.875612095865352,300
DARC,35.08915672068696,300
VNCD_MDD,0.1345063702519765,300
M3SDA_Reg,0.1226713362727451,300
CMSS_Reg,0.1169685976877098,300
TKRR,1.80178990863179,500
CDAR,5.94702906030217,500
DARC,35.042068949426614,500
VNCD_MDD,0.1220454255140417,500
M3SDA_Reg,0.1211823867704829,500
CMSS_Reg,0.1095262365220866,500
XGBoost_Target_Only,0.1339479173142231,100
KRR_Target_Only,29.90254004918263,100
NN_Target_Only,17.20524974523504,100
XGBoost_Pool,0.1027791298755517,100
KRR_Pool,1.619829959533282,100
NN_Pool,5.576827800934085,100
XGBoost_TLCQM,0.1077633235189488,100
KRR_TLCQM,1.731335377032156,100
NN_TLCQM,0.1330736149861628,100
XGBoost_Target_Only,0.1225669075583093,200
KRR_Target_Only,21.484406470415838,200
NN_Target_Only,22.69624928100223,200
XGBoost_Pool,0.0982947951126004,200
KRR_Pool,1.5669815385797303,200
NN_Pool,3.1845721749180456,200
XGBoost_TLCQM,0.1031176316392012,200
KRR_TLCQM,1.6642024232830044,200
NN_TLCQM,0.1505591555507214,200
XGBoost_Target_Only,0.1041356516969561,300
KRR_Target_Only,15.859456816770908,300
NN_Target_Only,6.099642120094664,300
XGBoost_Pool,0.0963452277286595,300
KRR_Pool,1.5221965119320493,300
NN_Pool,5.589708080018346,300
XGBoost_TLCQM,0.1058597433618774,300
KRR_TLCQM,1.6273912547378604,300
NN_TLCQM,0.1224694337482969,300
XGBoost_Target_Only,0.0948637807860392,500
KRR_Target_Only,9.683126049045695,500
NN_Target_Only,0.1574169565440344,500
XGBoost_Pool,0.0939568209282764,500
KRR_Pool,1.4553317889329458,500
NN_Pool,3.1131579127715736,500
XGBoost_TLCQM,0.1023959492426947,500
KRR_TLCQM,1.5345719368228483,500
NN_TLCQM,0.1803258925022344,500
TKRR,1.913347275888971,100
CDAR,6.17852987318844,100
DARC,23.65269688170448,100
VNCD_MDD,0.1915991315447898,100
M3SDA_Reg,0.1118074550829191,100
CMSS_Reg,0.1235318065462208,100
TKRR,1.8410557001739436,200
CDAR,6.101124732462956,200
DARC,31.63198595117201,200
VNCD_MDD,0.1489331675573778,200
M3SDA_Reg,0.1120888003311548,200
CMSS_Reg,0.114150248780005,200
TKRR,1.8283395807707707,300
CDAR,6.1053175350274005,300
DARC,31.52856451329464,300
VNCD_MDD,0.1400387573584927,300
M3SDA_Reg,0.1152057494850135,300
CMSS_Reg,0.1080879834453981,300
TKRR,1.7033648997835085,500
CDAR,6.155279348640846,500
DARC,31.86018091543876,500
VNCD_MDD,0.1233610306248676,500
M3SDA_Reg,0.1088190255707772,500
CMSS_Reg,0.1001978335944044,500
XGBoost_Target_Only,0.1429105814548499,100
KRR_Target_Only,28.224621845212123,100
NN_Target_Only,18.910980784673896,100
XGBoost_Pool,0.0980864517946031,100
KRR_Pool,1.6373149830877185,100
NN_Pool,5.815175793720947,100
XGBoost_TLCQM,0.1231500228144179,100
KRR_TLCQM,1.7366533701381592,100
NN_TLCQM,0.1236598606903132,100
XGBoost_Target_Only,0.1031976869944931,200
KRR_Target_Only,18.59524826135178,200
NN_Target_Only,19.74296350226351,200
XGBoost_Pool,0.0991152505694875,200
KRR_Pool,1.5825060466821774,200
NN_Pool,3.5966036983981824,200
XGBoost_TLCQM,0.104686183997432,200
KRR_TLCQM,1.6710864478265683,200
NN_TLCQM,0.1080508029449242,200
XGBoost_Target_Only,0.1031497930172043,300
KRR_Target_Only,13.930153214774846,300
NN_Target_Only,0.245122352247767,300
XGBoost_Pool,0.0984534617459244,300
KRR_Pool,1.565176268229949,300
NN_Pool,5.147373434631905,300
XGBoost_TLCQM,0.1073336465151338,300
KRR_TLCQM,1.653299170552852,300
NN_TLCQM,0.1360789181854529,300
XGBoost_Target_Only,0.0974368910676441,500
KRR_Target_Only,9.604108898253903,500
NN_Target_Only,0.1887236181698032,500
XGBoost_Pool,0.0949824117672878,500
KRR_Pool,1.5059698742058496,500
NN_Pool,3.6558051272211975,500
XGBoost_TLCQM,0.1051090065528931,500
KRR_TLCQM,1.5951306718883094,500
NN_TLCQM,0.1142869860971732,500
TKRR,1.95012797276704,100
CDAR,5.421756463495511,100
DARC,26.73671675814236,100
VNCD_MDD,0.1824168141180531,100
M3SDA_Reg,0.1060751663002101,100
CMSS_Reg,0.1100355113528698,100
TKRR,1.9041494344423928,200
CDAR,5.686661335093958,200
DARC,32.2783803177327,200
VNCD_MDD,0.1557436113530766,200
M3SDA_Reg,0.1097386638214675,200
CMSS_Reg,0.1075466530266636,200
TKRR,1.9269966579010973,300
CDAR,5.750098139431993,300
DARC,28.284603003395244,300
VNCD_MDD,0.1460225752495623,300
M3SDA_Reg,0.1156975779825723,300
CMSS_Reg,0.1063628591529176,300
TKRR,1.85996246666605,500
CDAR,5.641172482182906,500
DARC,27.622668384504117,500
VNCD_MDD,0.1248054252348232,500
M3SDA_Reg,0.1161554450730462,500
CMSS_Reg,0.1053047342983003,500
XGBoost_Target_Only,0.1281430808826541,100
KRR_Target_Only,29.399889626168147,100
NN_Target_Only,23.020452356228883,100
XGBoost_Pool,0.0998077736733662,100
KRR_Pool,1.5893455316149625,100
NN_Pool,5.424234783384144,100
XGBoost_TLCQM,0.1124733647054601,100
KRR_TLCQM,1.700691575584959,100
NN_TLCQM,0.130776434702477,100
XGBoost_Target_Only,0.1027236954994472,200
KRR_Target_Only,20.264034433373904,200
NN_Target_Only,20.63865839639364,200
XGBoost_Pool,0.0975038199079781,200
KRR_Pool,1.588074815231412,200
NN_Pool,3.2951529847200125,200
XGBoost_TLCQM,0.1066927479572032,200
KRR_TLCQM,1.6909827633103982,200
NN_TLCQM,0.1154674373519474,200
XGBoost_Target_Only,0.10644183804224,300
KRR_Target_Only,14.30054197731335,300
NN_Target_Only,10.50050395392161,300
XGBoost_Pool,0.0969878756120122,300
KRR_Pool,1.5396466867449252,300
NN_Pool,3.207834823554233,300
XGBoost_TLCQM,0.106979360478538,300
KRR_TLCQM,1.6314824065128122,300
NN_TLCQM,1.2472188860510771,300
XGBoost_Target_Only,0.095755660507799,500
KRR_Target_Only,9.672568428030427,500
NN_Target_Only,0.2965399251793748,500
XGBoost_Pool,0.0961459802714756,500
KRR_Pool,1.5305028526847066,500
NN_Pool,3.1033131024623164,500
XGBoost_TLCQM,0.1021369800337265,500
KRR_TLCQM,1.613428650584077,500
NN_TLCQM,0.1220245846004158,500
TKRR,1.8747303820262409,100
CDAR,4.985072820438263,100
DARC,37.33380550120907,100
VNCD_MDD,0.1881530323602704,100
M3SDA_Reg,0.1204864637003729,100
CMSS_Reg,0.1127589129726888,100
TKRR,2.084700339635342,200
CDAR,5.740183232065712,200
DARC,26.121522402701377,200
VNCD_MDD,0.153895253219372,200
M3SDA_Reg,0.116557803393256,200
CMSS_Reg,0.1160817889074261,200
TKRR,1.980940126520696,300
CDAR,5.649270013424184,300
DARC,26.492032988184203,300
VNCD_MDD,0.141286881852369,300
M3SDA_Reg,0.1154554574970318,300
CMSS_Reg,0.1089115809743351,300
TKRR,1.8555261973844688,500
CDAR,5.8226947922587255,500
DARC,26.4014775724308,500
VNCD_MDD,0.1289710078397207,500
M3SDA_Reg,0.1169132183836577,500
CMSS_Reg,0.099773488428128,500
XGBoost_Target_Only,0.1194770597207364,100
KRR_Target_Only,30.56832900525728,100
NN_Target_Only,26.1600948374143,100
XGBoost_Pool,0.1007863996874608,100
KRR_Pool,1.4806031969850575,100
NN_Pool,5.227812237506299,100
XGBoost_TLCQM,0.1010004275316153,100
KRR_TLCQM,1.5887681741241384,100
NN_TLCQM,0.126265979637243,100
XGBoost_Target_Only,0.1124596983539348,200
KRR_Target_Only,19.317001433752,200
NN_Target_Only,22.176347490159603,200
XGBoost_Pool,0.1008257018328437,200
KRR_Pool,1.4940296034425062,200
NN_Pool,3.505915369560234,200
XGBoost_TLCQM,0.1038667204254704,200
KRR_TLCQM,1.5923131489725957,200
NN_TLCQM,0.162180072158551,200
XGBoost_Target_Only,0.0985632083946075,300
KRR_Target_Only,14.1357948220713,300
NN_Target_Only,0.2656394307069956,300
XGBoost_Pool,0.0998710280537541,300
KRR_Pool,1.491107655811782,300
NN_Pool,2.979818021829092,300
XGBoost_TLCQM,0.1060389895182716,300
KRR_TLCQM,1.578472069872721,300
NN_TLCQM,0.1105697287601308,300
XGBoost_Target_Only,0.0957868368482291,500
KRR_Target_Only,8.921720223986922,500
NN_Target_Only,0.1839528477161254,500
XGBoost_Pool,0.0965638592137505,500
KRR_Pool,1.459343813486682,500
NN_Pool,2.968864982592407,500
XGBoost_TLCQM,0.1012512767982859,500
KRR_TLCQM,1.546389697373607,500
NN_TLCQM,0.108034109204896,500
TKRR,1.8227549302782888,100
CDAR,6.497477366841598,100
DARC,40.76019112158398,100
VNCD_MDD,0.1623893327075905,100
M3SDA_Reg,0.1203319779512183,100
CMSS_Reg,0.1184334551431497,100
TKRR,1.8116871347583436,200
CDAR,5.727092993533756,200
DARC,33.63479138431888,200
VNCD_MDD,0.1410089396812258,200
M3SDA_Reg,0.1170092775045608,200
CMSS_Reg,0.1152477592487842,200
TKRR,1.8000717118577068,300
CDAR,5.744720129154354,300
DARC,33.45394479973827,300
VNCD_MDD,0.1270658737025232,300
M3SDA_Reg,0.1192037862625808,300
CMSS_Reg,0.1120779041810736,300
TKRR,1.7994991385455006,500
CDAR,5.738505408605098,500
DARC,33.35888795569929,500
VNCD_MDD,0.1246068414248909,500
M3SDA_Reg,0.1215848621468946,500
CMSS_Reg,0.1063235455033258,500
XGBoost_Target_Only,0.1116330926841795,100
KRR_Target_Only,30.8906803557353,100
NN_Target_Only,25.65146175783081,100
XGBoost_Pool,0.1045914868989091,100
KRR_Pool,1.6235476175100714,100
NN_Pool,5.2156115713011335,100
XGBoost_TLCQM,0.1161235811508695,100
KRR_TLCQM,1.7088147255543034,100
NN_TLCQM,0.1217304086262674,100
XGBoost_Target_Only,0.1037986185642143,200
KRR_Target_Only,20.38455141859542,200
NN_Target_Only,24.04644310809856,200
XGBoost_Pool,0.1001103682550778,200
KRR_Pool,1.572667977400752,200
NN_Pool,3.527899126617054,200
XGBoost_TLCQM,0.1079615683571897,200
KRR_TLCQM,1.6609322532346942,200
NN_TLCQM,0.1106749416862801,200
XGBoost_Target_Only,0.0953604655065981,300
KRR_Target_Only,13.480043901715534,300
NN_Target_Only,0.3287737248762353,300
XGBoost_Pool,0.0975607105302852,300
KRR_Pool,1.565042861476163,300
NN_Pool,3.033732870040569,300
XGBoost_TLCQM,0.1062486832435122,300
KRR_TLCQM,1.6404673073945908,300
NN_TLCQM,0.990226602182958,300
XGBoost_Target_Only,0.0908421858448859,500
KRR_Target_Only,8.560973237857045,500
NN_Target_Only,0.4218394072796165,500
XGBoost_Pool,0.0939902401543611,500
KRR_Pool,1.5099077611194591,500
NN_Pool,3.670157446393935,500
XGBoost_TLCQM,0.1077235350248802,500
KRR_TLCQM,1.5867490804665283,500
NN_TLCQM,0.1377190435560896,500
TKRR,1.887717243329532,100
CDAR,6.456137175700776,100
DARC,28.456464555192923,100
VNCD_MDD,0.1589091050791147,100
M3SDA_Reg,0.1179724356555023,100
CMSS_Reg,0.1150106677976392,100
TKRR,1.8783098927307451,200
CDAR,6.253687725564549,200
DARC,37.49421378299187,200
VNCD_MDD,0.1545166727845558,200
M3SDA_Reg,0.1208810106349534,200
CMSS_Reg,0.1130747285558236,200
TKRR,1.7986097725277834,300
CDAR,6.217396145278079,300
DARC,32.54183510102765,300
VNCD_MDD,0.1625219579039642,300
M3SDA_Reg,0.1164448064219309,300
CMSS_Reg,0.1094528031377329,300
TKRR,1.7849469555327693,500
CDAR,6.170010560651359,500
DARC,31.998293706693456,500
VNCD_MDD,0.1527070708340938,500
M3SDA_Reg,0.1152848046156991,500
CMSS_Reg,0.1041131253793247,500
XGBoost_Target_Only,0.1056739298396793,100
KRR_Target_Only,29.182389012068644,100
NN_Target_Only,29.816591074505748,100
XGBoost_Pool,0.1012176963283569,100
KRR_Pool,1.6080806949331272,100
NN_Pool,5.765104715715876,100
XGBoost_TLCQM,0.1062740638448847,100
KRR_TLCQM,1.718698883946643,100
NN_TLCQM,0.1427333332184082,100
XGBoost_Target_Only,0.100166325292664,200
KRR_Target_Only,19.62377232411712,200
NN_Target_Only,24.38870558690324,200
XGBoost_Pool,0.0979823645990711,200
KRR_Pool,1.6200503255764644,200
NN_Pool,3.1449310298585726,200
XGBoost_TLCQM,0.1085898814039447,200
KRR_TLCQM,1.7352843664913291,200
NN_TLCQM,0.113584472551104,200
XGBoost_Target_Only,0.0998776130317165,300
KRR_Target_Only,14.59641722030267,300
NN_Target_Only,7.801837578101648,300
XGBoost_Pool,0.0991500031328722,300
KRR_Pool,1.5955433450694054,300
NN_Pool,3.398504107801579,300
XGBoost_TLCQM,0.1062245496720607,300
KRR_TLCQM,1.7076462391423584,300
NN_TLCQM,0.6079276270461303,300
XGBoost_Target_Only,0.0954845664889228,500
KRR_Target_Only,8.976579226341203,500
NN_Target_Only,0.1751915564417926,500
XGBoost_Pool,0.0957175593352546,500
KRR_Pool,1.5394202667789068,500
NN_Pool,3.717352119133847,500
XGBoost_TLCQM,0.1047726410620413,500
KRR_TLCQM,1.6359922387896848,500
NN_TLCQM,0.1096627814684972,500
TKRR,1.862034516081693,100
CDAR,6.566476120258346,100
DARC,34.321569850280376,100
VNCD_MDD,0.1824325865723126,100
M3SDA_Reg,0.1200405240190933,100
CMSS_Reg,0.111232726451203,100
TKRR,1.923726760695736,200
CDAR,5.459874941625185,200
DARC,33.6812106530969,200
VNCD_MDD,0.148202016933482,200
M3SDA_Reg,0.1178714586175048,200
CMSS_Reg,0.1098197107037435,200
TKRR,1.898645127931351,300
CDAR,5.434512768050389,300
DARC,33.68760235654883,300
VNCD_MDD,0.1328712478154596,300
M3SDA_Reg,0.1190130407179045,300
CMSS_Reg,0.1043570844869311,300
TKRR,1.8227221387252557,500
CDAR,5.45676357518351,500
DARC,33.717707301871044,500
VNCD_MDD,0.1228481529632486,500
M3SDA_Reg,0.121075426266242,500
CMSS_Reg,0.100622432355042,500
XGBoost_Target_Only,0.1151464772208868,100
KRR_Target_Only,31.36088357409694,100
NN_Target_Only,17.10518098512638,100
XGBoost_Pool,0.1011381390162472,100
KRR_Pool,1.6086120310154917,100
NN_Pool,5.628487400021135,100
XGBoost_TLCQM,0.0982182189611901,100
KRR_TLCQM,1.7318671091773856,100
NN_TLCQM,0.1007587069086633,100
XGBoost_Target_Only,0.1128746265491853,200
KRR_Target_Only,21.557074491479234,200
NN_Target_Only,20.954574686343115,200
XGBoost_Pool,0.0978618052593669,200
KRR_Pool,1.562500424229894,200
NN_Pool,3.583293556653593,200
XGBoost_TLCQM,0.0997631851360855,200
KRR_TLCQM,1.67310174978242,200
NN_TLCQM,0.1106225072164523,200
XGBoost_Target_Only,0.1030802772836086,300
KRR_Target_Only,14.531804390339072,300
NN_Target_Only,6.2343866418210565,300
XGBoost_Pool,0.0973597688705687,300
KRR_Pool,1.548280094358093,300
NN_Pool,6.6235238665029526,300
XGBoost_TLCQM,0.1030128987459653,300
KRR_TLCQM,1.6614352073983707,300
NN_TLCQM,0.148421671629903,300
XGBoost_Target_Only,0.0944945325960783,500
KRR_Target_Only,8.331394067103531,500
NN_Target_Only,1.0077392388017388,500
XGBoost_Pool,0.0934904856240314,500
KRR_Pool,1.43073642905944,500
NN_Pool,4.848252272186201,500
XGBoost_TLCQM,0.1018555693845518,500
KRR_TLCQM,1.5243307415096827,500
NN_TLCQM,0.1069001169222312,500
TKRR,1.8624133986839015,100
CDAR,5.789185920098195,100
DARC,26.01020520570735,100
VNCD_MDD,0.1916245905530629,100
M3SDA_Reg,0.1111382766074983,100
CMSS_Reg,0.1174470356421018,100
TKRR,1.8306713410737787,200
CDAR,5.527670129557305,200
DARC,32.626131525512335,200
VNCD_MDD,0.1683649028638361,200
M3SDA_Reg,0.1130966566216099,200
CMSS_Reg,0.1163109209004589,200
TKRR,1.841258733645387,300
CDAR,5.452454454605985,300
DARC,33.646620170774845,300
VNCD_MDD,0.1398035687443506,300
M3SDA_Reg,0.1185706222443708,300
CMSS_Reg,0.1156796209773615,300
TKRR,1.801231132239126,500
CDAR,5.441013053761113,500
DARC,33.88516688949854,500
VNCD_MDD,0.1331493220418255,500
M3SDA_Reg,0.1183730298515496,500
CMSS_Reg,0.1051814279429892,500
XGBoost_Target_Only,0.1386467865454542,100
KRR_Target_Only,29.41579047428626,100
NN_Target_Only,20.74417606819215,100
XGBoost_Pool,0.1033529074727441,100
KRR_Pool,1.6200826807309363,100
NN_Pool,5.645582372749158,100
XGBoost_TLCQM,0.1129194813962219,100
KRR_TLCQM,1.7356964517951947,100
NN_TLCQM,0.1784026720515023,100
XGBoost_Target_Only,0.105710384227172,200
KRR_Target_Only,18.943743673387004,200
NN_Target_Only,21.337800189806885,200
XGBoost_Pool,0.102620969046979,200
KRR_Pool,1.5366571184943814,200
NN_Pool,3.348768973862467,200
XGBoost_TLCQM,0.1107256948035396,200
KRR_TLCQM,1.619039012377422,200
NN_TLCQM,0.122497082184403,200
XGBoost_Target_Only,0.1032237386356401,300
KRR_Target_Only,15.00629642528697,300
NN_Target_Only,0.3483068279796156,300
XGBoost_Pool,0.1000845077331683,300
KRR_Pool,1.51369832143983,300
NN_Pool,3.3284602718083964,300
XGBoost_TLCQM,0.1102777409651403,300
KRR_TLCQM,1.5955394524167064,300
NN_TLCQM,0.1107251588970771,300
XGBoost_Target_Only,0.0971509115688462,500
KRR_Target_Only,9.133776941362177,500
NN_Target_Only,1.4912752081112246,500
XGBoost_Pool,0.0980628722700447,500
KRR_Pool,1.4921806940513662,500
NN_Pool,4.271378503717521,500
XGBoost_TLCQM,0.1044693386649669,500
KRR_TLCQM,1.5776319529212923,500
NN_TLCQM,0.2259050379219607,500
TKRR,1.9271303392189831,100
CDAR,6.131215308704308,100
DARC,30.286775680123394,100
VNCD_MDD,0.1603404053366158,100
M3SDA_Reg,0.1140757971688857,100
CMSS_Reg,0.1222064763474751,100
TKRR,1.8239855854307236,200
CDAR,5.104018196816993,200
DARC,33.9240494758544,200
VNCD_MDD,0.134692149944781,200
M3SDA_Reg,0.1096631496704832,200
CMSS_Reg,0.1147741207363612,200
TKRR,1.7725873929389675,300
CDAR,5.069357221979067,300
DARC,34.1324576815634,300
VNCD_MDD,0.1292614489001427,300
M3SDA_Reg,0.1091508970403601,300
CMSS_Reg,0.1104840573702017,300
TKRR,1.7883777661227986,500
CDAR,5.185207571031445,500
DARC,33.226243319212976,500
VNCD_MDD,0.1260390160542907,500
M3SDA_Reg,0.1144076156559404,500
CMSS_Reg,0.1064648755223579,500
XGBoost_Target_Only,0.114478534104678,100
KRR_Target_Only,29.25050255483231,100
NN_Target_Only,21.44454983052629,100
XGBoost_Pool,0.1022944352981803,100
KRR_Pool,1.623796933444263,100
NN_Pool,5.777902347945421,100
XGBoost_TLCQM,0.1064650029258673,100
KRR_TLCQM,1.7259830286198798,100
NN_TLCQM,0.1105062952289156,100
XGBoost_Target_Only,0.1110911185731148,200
KRR_Target_Only,18.273108238405293,200
NN_Target_Only,22.138751896451755,200
XGBoost_Pool,0.0983263832056351,200
KRR_Pool,1.5474252162341913,200
NN_Pool,3.360628402008897,200
XGBoost_TLCQM,0.1052218079525401,200
KRR_TLCQM,1.6323125927430684,200
NN_TLCQM,0.1544174757843347,200
XGBoost_Target_Only,0.1007892122227065,300
KRR_Target_Only,12.978780512116348,300
NN_Target_Only,0.383217943658941,300
XGBoost_Pool,0.0994392979245332,300
KRR_Pool,1.5386933909467422,300
NN_Pool,3.917127318702092,300
XGBoost_TLCQM,0.1032980290005593,300
KRR_TLCQM,1.630478520907414,300
NN_TLCQM,0.1588003045333355,300
XGBoost_Target_Only,0.0968652368782518,500
KRR_Target_Only,8.692630578995157,500
NN_Target_Only,2.350110938870356,500
XGBoost_Pool,0.0967468527308692,500
KRR_Pool,1.5080443401776915,500
NN_Pool,3.52672031629734,500
XGBoost_TLCQM,0.104226900882522,500
KRR_TLCQM,1.601259440740299,500
NN_TLCQM,0.6241961805941543,500
TKRR,1.8915841246075664,100
CDAR,5.491021175645885,100
DARC,25.503813611336422,100
VNCD_MDD,0.2032184417545268,100
M3SDA_Reg,0.1176175370149235,100
CMSS_Reg,0.1197042201831699,100
TKRR,1.84842867077403,200
CDAR,6.058084075156926,200
DARC,26.29662286162543,200
VNCD_MDD,0.1532627781960186,200
M3SDA_Reg,0.1195842175542416,200
CMSS_Reg,0.1163297312447235,200
TKRR,1.8282112631718743,300
CDAR,5.99768272818248,300
DARC,25.118763589116647,300
VNCD_MDD,0.141397046369013,300
M3SDA_Reg,0.1205288498006657,300
CMSS_Reg,0.1126175344000852,300
TKRR,1.79819372012662,500
CDAR,6.022927847537561,500
DARC,26.16376459489812,500
VNCD_MDD,0.1320197631053625,500
M3SDA_Reg,0.1171887078417509,500
CMSS_Reg,0.1120963652334263,500
XGBoost_Target_Only,0.1023580302272764,100
KRR_Target_Only,29.89324372518765,100
NN_Target_Only,26.93140655969805,100
XGBoost_Pool,0.1002161950052537,100
KRR_Pool,1.600314185078033,100
NN_Pool,3.726217101802175,100
XGBoost_TLCQM,0.1082525881230016,100
KRR_TLCQM,1.699639456132846,100
NN_TLCQM,0.1102256782904353,100
XGBoost_Target_Only,0.1045374798618743,200
KRR_Target_Only,19.223209627761488,200
NN_Target_Only,23.22251253962366,200
XGBoost_Pool,0.0994496377604061,200
KRR_Pool,1.609898415893323,200
NN_Pool,3.593083735104111,200
XGBoost_TLCQM,0.1014722756960377,200
KRR_TLCQM,1.719887247193406,200
NN_TLCQM,0.1049387512162603,200
XGBoost_Target_Only,0.0983660268370325,300
KRR_Target_Only,14.766965763651386,300
NN_Target_Only,8.395170044224942,300
XGBoost_Pool,0.1004672950940721,300
KRR_Pool,1.6104470339146189,300
NN_Pool,4.163603431564491,300
XGBoost_TLCQM,0.1055027652807836,300
KRR_TLCQM,1.7257968161765065,300
NN_TLCQM,0.156736224008801,300
XGBoost_Target_Only,0.09625481586763,500
KRR_Target_Only,8.910567204850546,500
NN_Target_Only,0.2719511157861313,500
XGBoost_Pool,0.0941572276768338,500
KRR_Pool,1.4241517706346596,500
NN_Pool,4.308503680052832,500
XGBoost_TLCQM,0.0979153416881496,500
KRR_TLCQM,1.5064376688936054,500
NN_TLCQM,0.2950724952653605,500
TKRR,1.8881963356840532,100
CDAR,6.533871549234156,100
DARC,41.075298561364896,100
VNCD_MDD,0.1453889524124454,100
M3SDA_Reg,0.1182533739187959,100
CMSS_Reg,0.1099139053332002,100
TKRR,1.86130863381808,200
CDAR,5.7805093409404735,200
DARC,34.25023935645307,200
VNCD_MDD,0.126987818786942,200
M3SDA_Reg,0.124752486638542,200
CMSS_Reg,0.1156386237884543,200
TKRR,1.868726903013601,300
CDAR,5.775362440813068,300
DARC,34.53603366201889,300
VNCD_MDD,0.1276682313697644,300
M3SDA_Reg,0.1205782516235057,300
CMSS_Reg,0.1077950105421267,300
TKRR,1.7098017473079632,500
CDAR,5.8135520405225085,500
DARC,34.0512346240657,500
VNCD_MDD,0.1203789996820355,500
M3SDA_Reg,0.1183742482564985,500
CMSS_Reg,0.1013896160347035,500
XGBoost_Target_Only,0.1266953336526413,100
KRR_Target_Only,29.55992685549688,100
NN_Target_Only,22.47826449810535,100
XGBoost_Pool,0.1022371635586929,100
KRR_Pool,1.6345695528675137,100
NN_Pool,5.465546817347273,100
XGBoost_TLCQM,0.104240793174238,100
KRR_TLCQM,1.746141509303344,100
NN_TLCQM,0.1055329929044984,100
XGBoost_Target_Only,0.1150975198718324,200
KRR_Target_Only,18.395579039165455,200
NN_Target_Only,23.2785719641937,200
XGBoost_Pool,0.0994031848214118,200
KRR_Pool,1.5705477582985932,200
NN_Pool,3.9077566828871695,200
XGBoost_TLCQM,0.1027179050033687,200
KRR_TLCQM,1.681456096050984,200
NN_TLCQM,0.1047481114875525,200
XGBoost_Target_Only,0.1001837824136702,300
KRR_Target_Only,13.154666358766802,300
NN_Target_Only,12.122741259479204,300
XGBoost_Pool,0.0998743626600979,300
KRR_Pool,1.503271519011864,300
NN_Pool,3.4395810163693,300
XGBoost_TLCQM,0.1033367814208483,300
KRR_TLCQM,1.609535279111103,300
NN_TLCQM,0.1394132913407058,300
XGBoost_Target_Only,0.1013245811093744,500
KRR_Target_Only,8.750714509891774,500
NN_Target_Only,0.3957109038281993,500
XGBoost_Pool,0.0965084245015593,500
KRR_Pool,1.466933955704928,500
NN_Pool,3.25441346671976,500
XGBoost_TLCQM,0.107126880205182,500
KRR_TLCQM,1.580922165026498,500
NN_TLCQM,0.1200201886935372,500
TKRR,1.8987986769974616,100
CDAR,5.836805283314328,100
DARC,26.268699744267064,100
VNCD_MDD,0.1438221793266961,100
M3SDA_Reg,0.1257399425471549,100
CMSS_Reg,0.1178807064565866,100
TKRR,1.860086229132634,200
CDAR,5.358296387375183,200
DARC,31.13184299636691,200
VNCD_MDD,0.1360137617619268,200
M3SDA_Reg,0.1298978562577163,200
CMSS_Reg,0.1157867625215977,200
TKRR,1.8348569900199967,300
CDAR,5.305695952961795,300
DARC,31.366194465515303,300
VNCD_MDD,0.1350661661144736,300
M3SDA_Reg,0.1231819627306919,300
CMSS_Reg,0.1117064802254157,300
TKRR,1.781614240884413,500
CDAR,5.324840731611697,500
DARC,31.744680010630177,500
VNCD_MDD,0.1213710692342838,500
M3SDA_Reg,0.1223656128279636,500
CMSS_Reg,0.1044684805586306,500
XGBoost_Target_Only,0.1215836729298507,100
KRR_Target_Only,29.274170168532983,100
NN_Target_Only,20.829855063151356,100
XGBoost_Pool,0.101668260378579,100
KRR_Pool,1.6504331011278897,100
NN_Pool,5.841820362126151,100
XGBoost_TLCQM,0.1040244745037831,100
KRR_TLCQM,1.7768691004563693,100
NN_TLCQM,0.1161544020228192,100
XGBoost_Target_Only,0.1078212287828303,200
KRR_Target_Only,19.44200086161402,200
NN_Target_Only,22.1354276442861,200
XGBoost_Pool,0.1004583848634418,200
KRR_Pool,1.614190128684564,200
NN_Pool,3.403288955816461,200
XGBoost_TLCQM,0.1076068519280488,200
KRR_TLCQM,1.726466844403579,200
NN_TLCQM,0.1127060758557521,200
XGBoost_Target_Only,0.1005152532383835,300
KRR_Target_Only,13.643421575757884,300
NN_Target_Only,7.099156565317437,300
XGBoost_Pool,0.0975972096251361,300
KRR_Pool,1.5450001361739223,300
NN_Pool,2.67724078975941,300
XGBoost_TLCQM,0.1043794323503984,300
KRR_TLCQM,1.6356563166993685,300
NN_TLCQM,0.1097044834574521,300
XGBoost_Target_Only,0.0983748953549921,500
KRR_Target_Only,9.431245143607294,500
NN_Target_Only,0.1979193081879415,500
XGBoost_Pool,0.0966612711137217,500
KRR_Pool,1.4765033795855995,500
NN_Pool,2.9140861568817957,500
XGBoost_TLCQM,0.1033543240245803,500
KRR_TLCQM,1.5660244685604328,500
NN_TLCQM,0.116722936121447,500
TKRR,1.903801632155644,100
CDAR,5.346491657011452,100
DARC,37.24469470910199,100
VNCD_MDD,0.1523096495865852,100
M3SDA_Reg,0.119861949009819,100
CMSS_Reg,0.1220647736108315,100
TKRR,1.99219406109268,200
CDAR,5.3628293911211,200
DARC,25.38990385229527,200
VNCD_MDD,0.1371019031008248,200
M3SDA_Reg,0.1243687231704821,200
CMSS_Reg,0.1122038376362938,200
TKRR,1.8076626765039043,300
CDAR,5.330686552362552,300
DARC,25.28776548410999,300
VNCD_MDD,0.1203325336322356,300
M3SDA_Reg,0.1230426342215379,300
CMSS_Reg,0.1060272233842262,300
TKRR,1.8000735301896178,500
CDAR,5.341290126345119,500
DARC,26.22962053773804,500
VNCD_MDD,0.1223514397915984,500
M3SDA_Reg,0.1161754832578762,500
CMSS_Reg,0.1019659180955482,500
XGBoost_Target_Only,0.1159020411088542,100
KRR_Target_Only,29.08508272724634,100
NN_Target_Only,20.53909742506468,100
XGBoost_Pool,0.1004918201558856,100
KRR_Pool,1.6053986945080567,100
NN_Pool,5.495793948293081,100
XGBoost_TLCQM,0.1061031512689132,100
KRR_TLCQM,1.7159321217530508,100
NN_TLCQM,0.1226930476550098,100
XGBoost_Target_Only,0.1159945426441434,200
KRR_Target_Only,19.94127478362964,200
NN_Target_Only,18.5846584790495,200
XGBoost_Pool,0.0994952485530629,200
KRR_Pool,1.6136170016876166,200
NN_Pool,3.860601137283043,200
XGBoost_TLCQM,0.1029757031604952,200
KRR_TLCQM,1.7301178796603396,200
NN_TLCQM,0.1071887970990879,200
XGBoost_Target_Only,0.1088481113050627,300
KRR_Target_Only,13.976559501592284,300
NN_Target_Only,0.1802655420860003,300
XGBoost_Pool,0.0997339024631085,300
KRR_Pool,1.5897578448252745,300
NN_Pool,3.455150382466531,300
XGBoost_TLCQM,0.1024378723624214,300
KRR_TLCQM,1.7166028103460251,300
NN_TLCQM,0.1085982712608964,300
XGBoost_Target_Only,0.0959613168177801,500
KRR_Target_Only,8.707669081887246,500
NN_Target_Only,0.2482671361380262,500
XGBoost_Pool,0.0965239287782401,500
KRR_Pool,1.5272570892105364,500
NN_Pool,3.183694272718882,500
XGBoost_TLCQM,0.0984925209246031,500
KRR_TLCQM,1.649350854876443,500
NN_TLCQM,0.1131997885122221,500
TKRR,1.8685312733417143,100
CDAR,5.622734491872575,100
DARC,21.548751254429117,100
VNCD_MDD,0.1571103850221721,100
M3SDA_Reg,0.1147883388723302,100
CMSS_Reg,0.1134266844089186,100
TKRR,2.0349041735537416,200
CDAR,6.395329088267914,200
DARC,29.546216170931537,200
VNCD_MDD,0.1465733805926243,200
M3SDA_Reg,0.1121874354422738,200
CMSS_Reg,0.1116247552182403,200
TKRR,1.9704102381967343,300
CDAR,6.467954250319397,300
DARC,25.407728745748585,300
VNCD_MDD,0.1469864608715261,300
M3SDA_Reg,0.1145505228243722,300
CMSS_Reg,0.1082887321937026,300
TKRR,1.7954685179993348,500
CDAR,6.115736930343181,500
DARC,26.41940455220474,500
VNCD_MDD,0.1357921904323834,500
M3SDA_Reg,0.1184599269636483,500
CMSS_Reg,0.1022954691287375,500
XGBoost_Target_Only,0.1163173128709251,100
KRR_Target_Only,30.334358338005394,100
NN_Target_Only,21.37082503832978,100
XGBoost_Pool,0.0982090270234515,100
KRR_Pool,1.64048297018009,100
NN_Pool,5.35013693936701,100
XGBoost_TLCQM,0.1133758466777144,100
KRR_TLCQM,1.7505357865211508,100
NN_TLCQM,0.3290915332775885,100
XGBoost_Target_Only,0.1000540496151149,200
KRR_Target_Only,20.132917609393576,200
NN_Target_Only,21.3465766895118,200
XGBoost_Pool,0.0966594584168168,200
KRR_Pool,1.598968080406885,200
NN_Pool,3.3281803511373416,200
XGBoost_TLCQM,0.1084412041830406,200
KRR_TLCQM,1.6980904905011602,200
NN_TLCQM,0.1403211376616853,200
XGBoost_Target_Only,0.1000729380675908,300
KRR_Target_Only,14.247072762777904,300
NN_Target_Only,7.102583136320391,300
XGBoost_Pool,0.0985475629093486,300
KRR_Pool,1.5820323289066138,300
NN_Pool,4.123002741077975,300
XGBoost_TLCQM,0.1032945692481199,300
KRR_TLCQM,1.6771688499462225,300
NN_TLCQM,0.1115651857743881,300
XGBoost_Target_Only,0.0983569961222776,500
KRR_Target_Only,9.159324467233503,500
NN_Target_Only,0.7196171355616222,500
XGBoost_Pool,0.0968538290158687,500
KRR_Pool,1.5746962710848844,500
NN_Pool,3.3618939786487845,500
XGBoost_TLCQM,0.1056653907352454,500
KRR_TLCQM,1.676831091877598,500
NN_TLCQM,0.1089650458927959,500
TKRR,2.157273365782658,100
CDAR,5.274395386272893,100
DARC,39.20157474293839,100
VNCD_MDD,0.1367239519795172,100
M3SDA_Reg,0.1097944216146072,100
CMSS_Reg,0.1118669429930153,100
TKRR,1.8976061056045388,200
CDAR,5.017903659271515,200
DARC,28.486950083127688,200
VNCD_MDD,0.1328211056662502,200
M3SDA_Reg,0.1073544176439187,200
CMSS_Reg,0.1097277671434535,200
TKRR,1.8831053381925624,300
CDAR,4.990658304822038,300
DARC,27.63459214030467,300
VNCD_MDD,0.1277229881541967,300
M3SDA_Reg,0.1106650779622997,300
CMSS_Reg,0.1062276316913377,300
TKRR,1.84775611864193,500
CDAR,5.044040872882713,500
DARC,28.57121473708236,500
VNCD_MDD,0.1282316848944298,500
M3SDA_Reg,0.1147894309213204,500
CMSS_Reg,0.1058796457595099,500
XGBoost_Target_Only,0.1152099367953525,100
KRR_Target_Only,28.78293242473317,100
NN_Target_Only,23.550892463237364,100
XGBoost_Pool,0.0980727358306007,100
KRR_Pool,1.6301384436995945,100
NN_Pool,3.3485818301686523,100
XGBoost_TLCQM,0.1059555810103581,100
KRR_TLCQM,1.7434976157742188,100
NN_TLCQM,0.1145866355087687,100
XGBoost_Target_Only,0.1043141294234399,200
KRR_Target_Only,20.188158565545518,200
NN_Target_Only,24.56999390248259,200
XGBoost_Pool,0.0980019447441882,200
KRR_Pool,1.5876508724545182,200
NN_Pool,3.289994947716321,200
XGBoost_TLCQM,0.1071250308209183,200
KRR_TLCQM,1.7057898915893484,200
NN_TLCQM,0.1378233143660842,200
XGBoost_Target_Only,0.1049886842239663,300
KRR_Target_Only,13.633525637557526,300
NN_Target_Only,0.4761022345026852,300
XGBoost_Pool,0.0957889243829215,300
KRR_Pool,1.5042655981706174,300
NN_Pool,5.9685035872785415,300
XGBoost_TLCQM,0.1028318212234861,300
KRR_TLCQM,1.6337871980189385,300
NN_TLCQM,0.1135421046015129,300
XGBoost_Target_Only,0.0931920598402154,500
KRR_Target_Only,8.793958662200197,500
NN_Target_Only,0.3857445964106477,500
XGBoost_Pool,0.0944246150071727,500
KRR_Pool,1.5070320321140118,500
NN_Pool,3.3107945067531146,500
XGBoost_TLCQM,0.099891772356228,500
KRR_TLCQM,1.6258129449461378,500
NN_TLCQM,0.1477724668325743,500
TKRR,2.157601598911633,100
CDAR,6.026969275050782,100
DARC,40.70146014854138,100
VNCD_MDD,0.1363356787217423,100
M3SDA_Reg,0.1108534402069864,100
CMSS_Reg,0.1136871187803929,100
TKRR,1.9076560156551177,200
CDAR,5.645532186817591,200
DARC,34.503639439612705,200
VNCD_MDD,0.1250439104475741,200
M3SDA_Reg,0.1116313836163843,200
CMSS_Reg,0.1072779909530371,200
TKRR,1.8351160335133376,300
CDAR,5.755853287609931,300
DARC,34.20538244037428,300
VNCD_MDD,0.1283257748874416,300
M3SDA_Reg,0.1136560785949796,300
CMSS_Reg,0.1057204779564891,300
TKRR,1.8250039166013647,500
CDAR,5.538144137761659,500
DARC,34.058874606273626,500
VNCD_MDD,0.1182212589729309,500
M3SDA_Reg,0.1152452108013809,500
CMSS_Reg,0.101205597345978,500
XGBoost_Target_Only,0.1156839972390404,100
KRR_Target_Only,27.80484901639449,100
NN_Target_Only,24.9441522914451,100
XGBoost_Pool,0.1023949393521775,100
KRR_Pool,1.5768302536916263,100
NN_Pool,5.295342962212094,100
XGBoost_TLCQM,0.1162997103211385,100
KRR_TLCQM,1.732163809008355,100
NN_TLCQM,0.1207337180681605,100
XGBoost_Target_Only,0.1157542906245558,200
KRR_Target_Only,20.31730854897085,200
NN_Target_Only,24.545898548258723,200
XGBoost_Pool,0.1007015151167051,200
KRR_Pool,1.4902192441735953,200
NN_Pool,3.171763986136557,200
XGBoost_TLCQM,0.1009867512661994,200
KRR_TLCQM,1.5972103012815664,200
NN_TLCQM,0.4227601836682252,200
XGBoost_Target_Only,0.1108927455794599,300
KRR_Target_Only,14.892476119007352,300
NN_Target_Only,1.2240935569078228,300
XGBoost_Pool,0.099271096447024,300
KRR_Pool,1.497514321730974,300
NN_Pool,4.285463348277387,300
XGBoost_TLCQM,0.1005215162185245,300
KRR_TLCQM,1.5971928417688943,300
NN_TLCQM,0.1050642952747147,300
XGBoost_Target_Only,0.0953108455180365,500
KRR_Target_Only,9.650813090821451,500
NN_Target_Only,0.2953199871772488,500
XGBoost_Pool,0.0982000876135818,500
KRR_Pool,1.4505427953717742,500
NN_Pool,3.551163396543472,500
XGBoost_TLCQM,0.1009753452537475,500
KRR_TLCQM,1.5482208621700595,500
NN_TLCQM,0.1091777512387471,500
TKRR,1.8668369919708456,100
CDAR,5.876302226797064,100
DARC,27.4209704249384,100
VNCD_MDD,0.1500538334066363,100
M3SDA_Reg,0.12623011447518,100
CMSS_Reg,0.1210511909943272,100
TKRR,1.7699351969849426,200
CDAR,5.794973613969322,200
DARC,31.680709114130472,200
VNCD_MDD,0.1460919062144402,200
M3SDA_Reg,0.1262554663071,200
CMSS_Reg,0.111727513063837,200
TKRR,1.7875734051463412,300
CDAR,5.78630841919597,300
DARC,31.55200721824401,300
VNCD_MDD,0.1382207132386326,300
M3SDA_Reg,0.1283245067446687,300
CMSS_Reg,0.1102828105763797,300
TKRR,1.7718291300426352,500
CDAR,5.798516438395071,500
DARC,31.26980235822559,500
VNCD_MDD,0.1281267921723413,500
M3SDA_Reg,0.1254691013101735,500
CMSS_Reg,0.1046305305198081,500
XGBoost_Target_Only,0.1171544145352166,100
KRR_Target_Only,29.904250374531298,100
NN_Target_Only,21.928451097761275,100
XGBoost_Pool,0.103157878411161,100
KRR_Pool,1.5769421893013054,100
NN_Pool,5.671881030542174,100
XGBoost_TLCQM,0.1042901196304839,100
KRR_TLCQM,1.672145700418252,100
NN_TLCQM,0.117006698733366,100
XGBoost_Target_Only,0.0988056127029248,200
KRR_Target_Only,18.98539202706506,200
NN_Target_Only,22.72004328797091,200
XGBoost_Pool,0.0995063482638803,200
KRR_Pool,1.4808187471112255,200
NN_Pool,3.4495433626757204,200
XGBoost_TLCQM,0.1049494125944736,200
KRR_TLCQM,1.561386573645846,200
NN_TLCQM,0.1580434919870673,200
XGBoost_Target_Only,0.0965597411651574,300
KRR_Target_Only,13.682426904303014,300
NN_Target_Only,6.744878312629481,300
XGBoost_Pool,0.0976698447911702,300
KRR_Pool,1.4632465619285344,300
NN_Pool,4.517039132883445,300
XGBoost_TLCQM,0.1083988032322759,300
KRR_TLCQM,1.5379183358001116,300
NN_TLCQM,0.1199598619359161,300
XGBoost_Target_Only,0.0925605057297892,500
KRR_Target_Only,8.89674113281894,500
NN_Target_Only,0.413753658706583,500
XGBoost_Pool,0.095172479442605,500
KRR_Pool,1.4378803064938352,500
NN_Pool,3.2969855594904858,500
XGBoost_TLCQM,0.1025233069166701,500
KRR_TLCQM,1.507505425072783,500
NN_TLCQM,0.1281976090737022,500
TKRR,2.0262930049445083,100
CDAR,5.416499707339706,100
DARC,23.3254814074813,100
VNCD_MDD,0.1776850310177036,100
M3SDA_Reg,0.1215155488084242,100
CMSS_Reg,0.1190166687687086,100
TKRR,1.8656512019995235,200
CDAR,5.026047757974701,200
DARC,27.293700257412706,200
VNCD_MDD,0.1562786600861296,200
M3SDA_Reg,0.1156314694030236,200
CMSS_Reg,0.1108681018703277,200
TKRR,1.723730140553992,300
CDAR,5.025240197779166,300
DARC,27.1297914344188,300
VNCD_MDD,0.1410970642112016,300
M3SDA_Reg,0.1115418044035732,300
CMSS_Reg,0.1035625695984636,300
TKRR,1.7407436889259609,500
CDAR,4.990164040752765,500
DARC,27.04634236014549,500
VNCD_MDD,0.1155321342931889,500
M3SDA_Reg,0.1178086144053068,500
CMSS_Reg,0.0975781357324579,500
XGBoost_Target_Only,0.1049430026599381,100
KRR_Target_Only,29.162007622415903,100
NN_Target_Only,21.40083182356177,100
XGBoost_Pool,0.1007409022355694,100
KRR_Pool,1.5762432154956694,100
NN_Pool,4.029267745404866,100
XGBoost_TLCQM,0.1067416255522542,100
KRR_TLCQM,1.6994296312756754,100
NN_TLCQM,0.1096768255375827,100
XGBoost_Target_Only,0.1117046786420334,200
KRR_Target_Only,18.73737217786193,200
NN_Target_Only,20.73643178064404,200
XGBoost_Pool,0.0995733678553572,200
KRR_Pool,1.5594187987578467,200
NN_Pool,3.3218573804298703,200
XGBoost_TLCQM,0.1049871475456257,200
KRR_TLCQM,1.6979813767592289,200
NN_TLCQM,0.8387069634177853,200
XGBoost_Target_Only,0.1008801386773994,300
KRR_Target_Only,13.99924117141926,300
NN_Target_Only,0.185020258018588,300
XGBoost_Pool,0.0991449519726668,300
KRR_Pool,1.5134978193059547,300
NN_Pool,3.389553852631248,300
XGBoost_TLCQM,0.1053241061278154,300
KRR_TLCQM,1.6439983490498096,300
NN_TLCQM,0.1074146542659047,300
XGBoost_Target_Only,0.0985871296602509,500
KRR_Target_Only,8.485458202985477,500
NN_Target_Only,0.4229574099015179,500
XGBoost_Pool,0.0966898162679518,500
KRR_Pool,1.484742425054548,500
NN_Pool,3.6550340547711433,500
XGBoost_TLCQM,0.100189302531227,500
KRR_TLCQM,1.5951479384503575,500
NN_TLCQM,0.1029128195667993,500
TKRR,2.0401666690401257,100
CDAR,5.968728511474025,100
DARC,29.34425819913536,100
VNCD_MDD,0.1576274495332774,100
M3SDA_Reg,0.1091460584037913,100
CMSS_Reg,0.111986929712479,100
TKRR,2.041192663391588,200
CDAR,4.971485403919109,200
DARC,38.4950151241047,200
VNCD_MDD,0.1523543252029668,200
M3SDA_Reg,0.1160989039853734,200
CMSS_Reg,0.109659852074907,200
TKRR,1.8977332717691584,300
CDAR,4.991843968241042,300
DARC,38.76285647058684,300
VNCD_MDD,0.1435793013976856,300
M3SDA_Reg,0.1132257487870923,300
CMSS_Reg,0.1093400186575902,300
TKRR,1.8015517802760228,500
CDAR,5.045354497621198,500
DARC,38.59504590650763,500
VNCD_MDD,0.1337130062738508,500
M3SDA_Reg,0.1171860212170123,500
CMSS_Reg,0.110229624485182,500
XGBoost_Target_Only,0.1142036709821629,100
KRR_Target_Only,31.02617338261541,100
NN_Target_Only,22.42097630100148,100
XGBoost_Pool,0.1003099767313674,100
KRR_Pool,1.649313815356307,100
NN_Pool,5.35956760869972,100
XGBoost_TLCQM,0.1053181342659822,100
KRR_TLCQM,1.7739780787916346,100
NN_TLCQM,0.104454276731674,100
XGBoost_Target_Only,0.1117040833939607,200
KRR_Target_Only,20.88261995357757,200
NN_Target_Only,21.72195623031393,200
XGBoost_Pool,0.098391627347234,200
KRR_Pool,1.5972945540079084,200
NN_Pool,3.153619961139666,200
XGBoost_TLCQM,0.1251472271322828,200
KRR_TLCQM,1.7285521524222134,200
NN_TLCQM,0.123664591885914,200
XGBoost_Target_Only,0.1027094467713082,300
KRR_Target_Only,15.693658119180135,300
NN_Target_Only,0.6113626241602803,300
XGBoost_Pool,0.0969929359431034,300
KRR_Pool,1.5677038385167368,300
NN_Pool,5.944238545693416,300
XGBoost_TLCQM,0.1058390219986112,300
KRR_TLCQM,1.6659639141442255,300
NN_TLCQM,0.1098556825036794,300
XGBoost_Target_Only,0.0957549266689012,500
KRR_Target_Only,10.004721884153597,500
NN_Target_Only,0.2037580190066212,500
XGBoost_Pool,0.095931640335433,500
KRR_Pool,1.5500410753907168,500
NN_Pool,3.287468214111384,500
XGBoost_TLCQM,0.1023969699295797,500
KRR_TLCQM,1.6288023091888333,500
NN_TLCQM,0.1116717568408553,500
TKRR,2.1840079368731127,100
CDAR,5.3908322503485415,100
DARC,30.927383363944497,100
VNCD_MDD,0.1695340188278918,100
M3SDA_Reg,0.1186628097611486,100
CMSS_Reg,0.1158069288182554,100
TKRR,1.8955641364068188,200
CDAR,5.461996269721087,200
DARC,34.28377347015649,200
VNCD_MDD,0.1342809711105465,200
M3SDA_Reg,0.1205448728580952,200
CMSS_Reg,0.1120856600881209,200
TKRR,1.884196510401074,300
CDAR,5.403035593718887,300
DARC,34.14850326467495,300
VNCD_MDD,0.1284102011647129,300
M3SDA_Reg,0.1203494285726219,300
CMSS_Reg,0.109776935450275,300
TKRR,1.8681489307513368,500
CDAR,5.418670532226946,500
DARC,33.68952666046484,500
VNCD_MDD,0.1193845243860232,500
M3SDA_Reg,0.1282620449778521,500
CMSS_Reg,0.1013264986435045,500
XGBoost_Target_Only,0.1237697843199105,100
KRR_Target_Only,28.570674970632027,100
NN_Target_Only,17.04936217907136,100
XGBoost_Pool,0.1011206706918074,100
KRR_Pool,1.632837028575532,100
NN_Pool,5.684210425917089,100
XGBoost_TLCQM,0.1175558951834722,100
KRR_TLCQM,1.772806942344818,100
NN_TLCQM,0.1177421397708945,100
XGBoost_Target_Only,0.1120129513986589,200
KRR_Target_Only,20.262393344644572,200
NN_Target_Only,20.813893607837848,200
XGBoost_Pool,0.09958270363621,200
KRR_Pool,1.601758032845621,200
NN_Pool,3.3041870797130004,200
XGBoost_TLCQM,0.1009381645794053,200
KRR_TLCQM,1.6965193020452776,200
NN_TLCQM,0.1023995183895571,200
XGBoost_Target_Only,0.1019685396596854,300
KRR_Target_Only,14.48198551159956,300
NN_Target_Only,7.44092883728799,300
XGBoost_Pool,0.0990933198422506,300
KRR_Pool,1.5880706654557026,300
NN_Pool,3.335682946887801,300
XGBoost_TLCQM,0.1009142606689443,300
KRR_TLCQM,1.6913413657311709,300
NN_TLCQM,0.1049491471702191,300
XGBoost_Target_Only,0.1056099327104805,500
KRR_Target_Only,9.351124791881212,500
NN_Target_Only,0.2986226688486975,500
XGBoost_Pool,0.0985325364930545,500
KRR_Pool,1.55049109145645,500
NN_Pool,3.324485020787068,500
XGBoost_TLCQM,0.1003625776093947,500
KRR_TLCQM,1.6508951919329489,500
NN_TLCQM,0.1290157270924104,500
TKRR,1.9075699386920613,100
CDAR,6.448276253805603,100
DARC,30.93373057140332,100
VNCD_MDD,0.2401169369879093,100
M3SDA_Reg,0.1160246075922145,100
CMSS_Reg,0.1171009956518387,100
TKRR,1.911008920535673,200
CDAR,5.7183914341601625,200
DARC,33.400594503187534,200
VNCD_MDD,0.1814922558144468,200
M3SDA_Reg,0.1107128462267186,200
CMSS_Reg,0.1070638225839379,200
TKRR,1.838597216049128,300
CDAR,5.858117507087739,300
DARC,33.79482713279517,300
VNCD_MDD,0.1896812827144396,300
M3SDA_Reg,0.1119646319314129,300
CMSS_Reg,0.1060278500535145,300
TKRR,1.8659470876103543,500
CDAR,5.825358573000469,500
DARC,34.463603267861494,500
VNCD_MDD,0.1532986269208099,500
M3SDA_Reg,0.1200001233141953,500
CMSS_Reg,0.1059313245674236,500
XGBoost_Target_Only,0.1287856295537713,100
KRR_Target_Only,28.20278830863124,100
NN_Target_Only,16.72120257147829,100
XGBoost_Pool,0.0998860708923341,100
KRR_Pool,1.6479911823578468,100
NN_Pool,5.843346398674337,100
XGBoost_TLCQM,0.1052307681092792,100
KRR_TLCQM,1.7689795215118431,100
NN_TLCQM,0.1054356597126709,100
XGBoost_Target_Only,0.1043586626036342,200
KRR_Target_Only,18.78389511793003,200
NN_Target_Only,24.086391795516583,200
XGBoost_Pool,0.0966641066627649,200
KRR_Pool,1.6306397987687902,200
NN_Pool,4.872531730794173,200
XGBoost_TLCQM,0.1050276854606166,200
KRR_TLCQM,1.7516078570937814,200
NN_TLCQM,0.1186343226594874,200
XGBoost_Target_Only,0.1012735253736922,300
KRR_Target_Only,14.274342860471744,300
NN_Target_Only,0.3857416448517843,300
XGBoost_Pool,0.096215025937765,300
KRR_Pool,1.5948996348242426,300
NN_Pool,3.5322328682398747,300
XGBoost_TLCQM,0.1073503926899426,300
KRR_TLCQM,1.7084593391969318,300
NN_TLCQM,0.159207720324976,300
XGBoost_Target_Only,0.0968648827346773,500
KRR_Target_Only,9.535126157036954,500
NN_Target_Only,0.2400907225552772,500
XGBoost_Pool,0.0936221966381728,500
KRR_Pool,1.5998897340521248,500
NN_Pool,3.232982661548136,500
XGBoost_TLCQM,0.1055805872654417,500
KRR_TLCQM,1.7165587146779848,500
NN_TLCQM,0.1106033990501982,500
TKRR,1.899444306653741,100
CDAR,5.90569700475443,100
DARC,21.15758508766285,100
VNCD_MDD,0.159903094242023,100
M3SDA_Reg,0.109801522525624,100
CMSS_Reg,0.1168924733372415,100
TKRR,1.879766580223989,200
CDAR,53.33592019482269,200
DARC,26.68220972996287,200
VNCD_MDD,0.1486067802974481,200
M3SDA_Reg,0.1199374216514619,200
CMSS_Reg,0.1127634421003227,200
TKRR,1.853168481015207,300
CDAR,53.33681795210952,300
DARC,26.867924442728174,300
VNCD_MDD,0.1341912739524836,300
M3SDA_Reg,0.1161564563501342,300
CMSS_Reg,0.1097755069223906,300
TKRR,1.8762403112726411,500
CDAR,53.33732088477284,500
DARC,27.00997395665537,500
VNCD_MDD,0.1250996865810067,500
M3SDA_Reg,0.1151930727585918,500
CMSS_Reg,0.1045196313176968,500
XGBoost_Target_Only,0.1177910669448688,100
KRR_Target_Only,30.91757015509809,100
NN_Target_Only,22.14385606035976,100
XGBoost_Pool,0.1013176448653099,100
KRR_Pool,1.6229153911655418,100
NN_Pool,3.539895083122268,100
XGBoost_TLCQM,0.1066190544430146,100
KRR_TLCQM,1.7238471551028571,100
NN_TLCQM,0.134045227253164,100
XGBoost_Target_Only,0.1114552704837721,200
KRR_Target_Only,19.977892902499832,200
NN_Target_Only,20.47716711239768,200
XGBoost_Pool,0.1005725396622784,200
KRR_Pool,1.606743752983357,200
NN_Pool,3.780673806890257,200
XGBoost_TLCQM,0.1014749778182378,200
KRR_TLCQM,1.7054331524457698,200
NN_TLCQM,0.1177145524685052,200
XGBoost_Target_Only,0.1144879188319399,300
KRR_Target_Only,13.74388114939841,300
NN_Target_Only,0.8035011682342299,300
XGBoost_Pool,0.0994219496253075,300
KRR_Pool,1.6046503822226998,300
NN_Pool,3.5889641074848466,300
XGBoost_TLCQM,0.1012253412717969,300
KRR_TLCQM,1.6998974464559369,300
NN_TLCQM,0.1055248562587646,300
XGBoost_Target_Only,0.0943816789537041,500
KRR_Target_Only,9.212272602960349,500
NN_Target_Only,0.198683599500729,500
XGBoost_Pool,0.0985253547746662,500
KRR_Pool,1.529681612014648,500
NN_Pool,4.832686772751933,500
XGBoost_TLCQM,0.0962561053120623,500
KRR_TLCQM,1.6324766545598663,500
NN_TLCQM,0.100876614239572,500
TKRR,1.9241117002289263,100
CDAR,5.970765138735482,100
DARC,28.109260178523463,100
VNCD_MDD,0.1620255538284241,100
M3SDA_Reg,0.110310281800381,100
CMSS_Reg,0.1207475546064255,100
TKRR,1.9230161578997504,200
CDAR,5.725115123121477,200
DARC,27.876410652398064,200
VNCD_MDD,0.1561349766072976,200
M3SDA_Reg,0.1111231814842814,200
CMSS_Reg,0.1109845678620554,200
TKRR,1.9004619268899317,300
CDAR,5.8077877172840005,300
DARC,28.1452046814401,300
VNCD_MDD,0.1548009845512552,300
M3SDA_Reg,0.113710174474086,300
CMSS_Reg,0.1106779363953328,300
TKRR,1.8719025845617123,500
CDAR,5.637878134300186,500
DARC,28.496117810959625,500
VNCD_MDD,0.167042043853373,500
M3SDA_Reg,0.1218103145292833,500
CMSS_Reg,0.1074212655573841,500
XGBoost_Target_Only,0.1154401887774037,100
KRR_Target_Only,29.35443132716244,100
NN_Target_Only,24.76176458993785,100
XGBoost_Pool,0.1043016800981375,100
KRR_Pool,1.6262311756328032,100
NN_Pool,5.423931580707759,100
XGBoost_TLCQM,0.1024812860045451,100
KRR_TLCQM,1.7400334938828448,100
NN_TLCQM,0.1084474848639967,100
XGBoost_Target_Only,0.1034251509470432,200
KRR_Target_Only,18.909599115472613,200
NN_Target_Only,23.606397933507164,200
XGBoost_Pool,0.1001087057683975,200
KRR_Pool,1.5707271921508423,200
NN_Pool,7.121977325545157,200
XGBoost_TLCQM,0.1062632120979489,200
KRR_TLCQM,1.6665817400077878,200
NN_TLCQM,0.1366849769145305,200
XGBoost_Target_Only,0.0972973956056387,300
KRR_Target_Only,13.570430489125611,300
NN_Target_Only,0.3900000970186356,300
XGBoost_Pool,0.0985247631261793,300
KRR_Pool,1.515337713158361,300
NN_Pool,6.107535322645969,300
XGBoost_TLCQM,0.1009411446450917,300
KRR_TLCQM,1.6085196787342968,300
NN_TLCQM,0.1110350010561528,300
XGBoost_Target_Only,0.0957897874972663,500
KRR_Target_Only,8.199847246849961,500
NN_Target_Only,0.6877708344340876,500
XGBoost_Pool,0.0978577318977954,500
KRR_Pool,1.3829459280970091,500
NN_Pool,3.622859091231627,500
XGBoost_TLCQM,0.1075010994749247,500
KRR_TLCQM,1.4779914791508828,500
NN_TLCQM,0.1068113159756869,500
TKRR,1.932614821940685,100
CDAR,5.2101655480421,100
DARC,34.782873270575855,100
VNCD_MDD,0.1644473622123317,100
M3SDA_Reg,0.1195046565199699,100
CMSS_Reg,0.1176507499420031,100
TKRR,1.821151794858788,200
CDAR,6.180539859482913,200
DARC,31.00755235631586,200
VNCD_MDD,0.1605229123167666,200
M3SDA_Reg,0.1223596423306848,200
CMSS_Reg,0.1139894946460994,200
TKRR,1.786145128786513,300
CDAR,6.238506423513799,300
DARC,14.41794401611125,300
VNCD_MDD,0.1304849419566778,300
M3SDA_Reg,0.1256545972540416,300
CMSS_Reg,0.1074216638499745,300
TKRR,1.733126627922898,500
CDAR,6.441981691927512,500
DARC,26.17707282152288,500
VNCD_MDD,0.1253046857474382,500
M3SDA_Reg,0.1177333799858223,500
CMSS_Reg,0.1010616764090574,500
XGBoost_Target_Only,0.1204626922378322,100
KRR_Target_Only,31.579619511589584,100
NN_Target_Only,20.58360192879478,100
XGBoost_Pool,0.1007113885259254,100
KRR_Pool,1.6129498068603196,100
NN_Pool,5.68668780584281,100
XGBoost_TLCQM,0.1072142954261402,100
KRR_TLCQM,1.741808116961092,100
NN_TLCQM,0.1064960630677355,100
XGBoost_Target_Only,0.1142769954580747,200
KRR_Target_Only,19.542179373203567,200
NN_Target_Only,21.073245117681328,200
XGBoost_Pool,0.0994281055686821,200
KRR_Pool,1.621913615962682,200
NN_Pool,3.629697917298292,200
XGBoost_TLCQM,0.0999021737273426,200
KRR_TLCQM,1.7444950934739347,200
NN_TLCQM,0.1320674223181689,200
XGBoost_Target_Only,0.1115655747782569,300
KRR_Target_Only,13.117466449338588,300
NN_Target_Only,6.196386093799654,300
XGBoost_Pool,0.1001778711850321,300
KRR_Pool,1.5696725799531086,300
NN_Pool,3.875382375026605,300
XGBoost_TLCQM,0.1025051250466504,300
KRR_TLCQM,1.67644276836243,300
NN_TLCQM,0.106421094516649,300
XGBoost_Target_Only,0.0953341897754287,500
KRR_Target_Only,8.641655571924613,500
NN_Target_Only,0.3138218553413538,500
XGBoost_Pool,0.0957359688098586,500
KRR_Pool,1.494844366889389,500
NN_Pool,2.7515347598821447,500
XGBoost_TLCQM,0.1032932943112522,500
KRR_TLCQM,1.6001426353845127,500
NN_TLCQM,0.1138219341326293,500
TKRR,2.545891778733054,100
CDAR,5.534592031353265,100
DARC,10.9621659240201,100
VNCD_MDD,0.1728894021324764,100
M3SDA_Reg,0.1191405842736186,100
CMSS_Reg,0.1330707358844857,100
TKRR,1.9412331715274125,200
CDAR,5.456932686979405,200
DARC,20.17968405140718,200
VNCD_MDD,0.1601950316988084,200
M3SDA_Reg,0.1225120495072836,200
CMSS_Reg,0.1221481691409262,200
TKRR,1.8535651426237287,300
CDAR,5.355045308022934,300
DARC,30.57350331232672,300
VNCD_MDD,0.1667223420182363,300
M3SDA_Reg,0.1233122003439197,300
CMSS_Reg,0.1138478973510082,300
TKRR,1.8192764649211557,500
CDAR,5.323300707578118,500
DARC,34.23248237007193,500
VNCD_MDD,0.1510362329596277,500
M3SDA_Reg,0.1158762433298701,500
CMSS_Reg,0.1038516911499205,500
XGBoost_Target_Only,0.1084537220637614,100
KRR_Target_Only,29.428019284732564,100
NN_Target_Only,20.24374608042673,100
XGBoost_Pool,0.1002748446848072,100
KRR_Pool,1.6123700661277542,100
NN_Pool,5.322651599198558,100
XGBoost_TLCQM,0.123034306949159,100
KRR_TLCQM,1.6987681052025163,100
NN_TLCQM,0.1545106437974297,100
XGBoost_Target_Only,0.1071641323252669,200
KRR_Target_Only,18.743474984030883,200
NN_Target_Only,20.872091335843617,200
XGBoost_Pool,0.0993774666516884,200
KRR_Pool,1.5639438640571066,200
NN_Pool,3.857408598696221,200
XGBoost_TLCQM,0.1072158263820966,200
KRR_TLCQM,1.6589433578576525,200
NN_TLCQM,0.1131985986005244,200
XGBoost_Target_Only,0.1028613713911891,300
KRR_Target_Only,13.851415387253336,300
NN_Target_Only,6.837406946037994,300
XGBoost_Pool,0.0990872914266507,300
KRR_Pool,1.4724593121635623,300
NN_Pool,2.594327623254911,300
XGBoost_TLCQM,0.1097529708617188,300
KRR_TLCQM,1.5532600787968336,300
NN_TLCQM,0.1079125622100078,300
XGBoost_Target_Only,0.0939558846644598,500
KRR_Target_Only,8.800143899077495,500
NN_Target_Only,0.8088662148226833,500
XGBoost_Pool,0.098609747076325,500
KRR_Pool,1.4573099327923071,500
NN_Pool,3.222356524723494,500
XGBoost_TLCQM,0.0962945020137985,500
KRR_TLCQM,1.5724980036736491,500
NN_TLCQM,0.2317388113186997,500
TKRR,1.8721523361873815,100
CDAR,6.138199444897058,100
DARC,37.13140712715078,100
VNCD_MDD,0.1937583901385178,100
M3SDA_Reg,0.110574451548585,100
CMSS_Reg,0.1268193647475363,100
TKRR,1.8367668091740288,200
CDAR,48.61526154874689,200
DARC,32.96164271924023,200
VNCD_MDD,0.161901845677497,200
M3SDA_Reg,0.1109956085529102,200
CMSS_Reg,0.1168772656561054,200
TKRR,1.838183009016788,300
CDAR,48.62470792604597,300
DARC,33.18746005533028,300
VNCD_MDD,0.158446029910244,300
M3SDA_Reg,0.1095791168220086,300
CMSS_Reg,0.1125293235290169,300
TKRR,1.763827685280601,500
CDAR,48.62716863303866,500
DARC,32.983308490733464,500
VNCD_MDD,0.1500573453268428,500
M3SDA_Reg,0.1148931229505766,500
CMSS_Reg,0.1056503418657536,500
XGBoost_Target_Only,0.1254367507588581,100
KRR_Target_Only,29.342961810647854,100
NN_Target_Only,18.168641610661467,100
XGBoost_Pool,0.10311923746822,100
KRR_Pool,1.6464362259374432,100
NN_Pool,3.381072069163866,100
XGBoost_TLCQM,0.1004089383225584,100
KRR_TLCQM,1.7673564041975898,100
NN_TLCQM,0.1021079911124913,100
XGBoost_Target_Only,0.1134139708527717,200
KRR_Target_Only,19.70211839958574,200
NN_Target_Only,18.860978068660827,200
XGBoost_Pool,0.102151896063587,200
KRR_Pool,1.6284132333476744,200
NN_Pool,3.590862135047816,200
XGBoost_TLCQM,0.09922514761463,200
KRR_TLCQM,1.7377042332152914,200
NN_TLCQM,0.1078218462918339,200
XGBoost_Target_Only,0.1031011738901498,300
KRR_Target_Only,13.86147542326905,300
NN_Target_Only,0.3709807668765945,300
XGBoost_Pool,0.101104012526779,300
KRR_Pool,1.591991598490544,300
NN_Pool,4.697705715175008,300
XGBoost_TLCQM,0.1042624209574135,300
KRR_TLCQM,1.677418987820214,300
NN_TLCQM,0.1055269260215915,300
XGBoost_Target_Only,0.0947594593974825,500
KRR_Target_Only,9.018733077021192,500
NN_Target_Only,1.689591343246232,500
XGBoost_Pool,0.0952009812728941,500
KRR_Pool,1.5382034952612382,500
NN_Pool,2.554195681860496,500
XGBoost_TLCQM,0.1071982052509414,500
KRR_TLCQM,1.6220081553591872,500
NN_TLCQM,0.1456687585642558,500
TKRR,1.9137567669977888,100
CDAR,6.172231092392179,100
DARC,30.45653378199817,100
VNCD_MDD,0.1426549434216201,100
M3SDA_Reg,0.1219182432232161,100
CMSS_Reg,0.1261231755451844,100
TKRR,1.9165536471002265,200
CDAR,5.609493383593725,200
DARC,20.11857058739989,200
VNCD_MDD,0.14012303556052,200
M3SDA_Reg,0.127982855643418,200
CMSS_Reg,0.1235541602977729,200
TKRR,1.896445507688124,300
CDAR,5.548487241826512,300
DARC,20.486334987512016,300
VNCD_MDD,0.1354501368483481,300
M3SDA_Reg,0.1251090737234035,300
CMSS_Reg,0.1174405242880374,300
TKRR,1.7852317832799978,500
CDAR,5.555031970112487,500
DARC,20.15645437625089,500
VNCD_MDD,0.1362119848447783,500
M3SDA_Reg,0.1139432540260552,500
CMSS_Reg,0.1045856037711638,500
XGBoost_Target_Only,0.1205173829894267,100
KRR_Target_Only,28.589140905023605,100
NN_Target_Only,19.564410111780507,100
XGBoost_Pool,0.1016758784773703,100
KRR_Pool,1.5926691070435164,100
NN_Pool,5.678179337278922,100
XGBoost_TLCQM,0.1216188775328122,100
KRR_TLCQM,1.7425045005287092,100
NN_TLCQM,0.1232229023548936,100
XGBoost_Target_Only,0.0996944928725306,200
KRR_Target_Only,17.617659847397622,200
NN_Target_Only,24.166440519440744,200
XGBoost_Pool,0.0991752742074269,200
KRR_Pool,1.4853195873947431,200
NN_Pool,3.153900795492931,200
XGBoost_TLCQM,0.1075442754832105,200
KRR_TLCQM,1.58024235240844,200
NN_TLCQM,0.1079437113159659,200
XGBoost_Target_Only,0.0977329921126961,300
KRR_Target_Only,14.184802796980833,300
NN_Target_Only,6.402775780383569,300
XGBoost_Pool,0.0981174568176183,300
KRR_Pool,1.3889249934757495,300
NN_Pool,3.532004186725964,300
XGBoost_TLCQM,0.1088696266415336,300
KRR_TLCQM,1.466681137527157,300
NN_TLCQM,0.1108805506654774,300
XGBoost_Target_Only,0.0917245151998078,500
KRR_Target_Only,8.60807071142459,500
NN_Target_Only,0.4150712194721752,500
XGBoost_Pool,0.093347285731434,500
KRR_Pool,1.3257130959220338,500
NN_Pool,4.313430272532659,500
XGBoost_TLCQM,0.1036897873375311,500
KRR_TLCQM,1.383773254231968,500
NN_TLCQM,0.1046438850842463,500
TKRR,1.9016145459845584,100
CDAR,6.179726853968402,100
DARC,38.963114204648136,100
VNCD_MDD,0.1469923730720751,100
M3SDA_Reg,0.1105431014179624,100
CMSS_Reg,0.1175655072301001,100
TKRR,1.760533328364695,200
CDAR,6.344343707062712,200
DARC,21.468462838806587,200
VNCD_MDD,0.141903637734242,200
M3SDA_Reg,0.1148776986913769,200
CMSS_Reg,0.1143410702253184,200
TKRR,1.6549328031353154,300
CDAR,6.411866288020551,300
DARC,22.00843964653028,300
VNCD_MDD,0.1398361889977382,300
M3SDA_Reg,0.1171143088786234,300
CMSS_Reg,0.1119760326160269,300
TKRR,1.6498715900222625,500
CDAR,6.218426818299855,500
DARC,21.535466135879176,500
VNCD_MDD,0.1313570778587764,500
M3SDA_Reg,0.114615465779101,500
CMSS_Reg,0.1068929696821371,500
XGBoost_Target_Only,0.1254730024332255,100
KRR_Target_Only,27.58798828529628,100
NN_Target_Only,20.752283536046605,100
XGBoost_Pool,0.1002719198593687,100
KRR_Pool,1.6333031507428064,100
NN_Pool,5.528896124304475,100
XGBoost_TLCQM,0.1106027940990781,100
KRR_TLCQM,1.7416515733150952,100
NN_TLCQM,0.120050657834513,100
XGBoost_Target_Only,0.1155315163918388,200
KRR_Target_Only,18.5976894248231,200
NN_Target_Only,21.74022899495537,200
XGBoost_Pool,0.0982005739943435,200
KRR_Pool,1.6371920907721091,200
NN_Pool,4.256880271906788,200
XGBoost_TLCQM,0.1060162959586482,200
KRR_TLCQM,1.7375564751216563,200
NN_TLCQM,0.1162582152236268,200
XGBoost_Target_Only,0.1072803702259678,300
KRR_Target_Only,13.662751086130683,300
NN_Target_Only,6.322940683542781,300
XGBoost_Pool,0.0972179879175855,300
KRR_Pool,1.610462107126898,300
NN_Pool,2.571972455723929,300
XGBoost_TLCQM,0.105272658962661,300
KRR_TLCQM,1.703478186203501,300
NN_TLCQM,0.1481716230100249,300
XGBoost_Target_Only,0.0969610658427222,500
KRR_Target_Only,9.339311924972556,500
NN_Target_Only,0.4044696855316413,500
XGBoost_Pool,0.0946494939715259,500
KRR_Pool,1.5951054855668465,500
NN_Pool,4.496028955506257,500
XGBoost_TLCQM,0.1032853701850432,500
KRR_TLCQM,1.6763358845476544,500
NN_TLCQM,0.1076564281670412,500
TKRR,1.8936863477592447,100
CDAR,5.504738651108518,100
DARC,32.16594891682484,100
VNCD_MDD,0.1615144156122553,100
M3SDA_Reg,0.1152338697051454,100
CMSS_Reg,0.1249031939042744,100
TKRR,1.9950903266757871,200
CDAR,50.495076214607685,200
DARC,30.59855554493978,200
VNCD_MDD,0.1414671665789954,200
M3SDA_Reg,0.1243896010153697,200
CMSS_Reg,0.1158112270863853,200
TKRR,1.9038882942141984,300
CDAR,50.49817111565343,300
DARC,31.688230892999908,300
VNCD_MDD,0.1398994153083923,300
M3SDA_Reg,0.1223171515246223,300
CMSS_Reg,0.1142490257662044,300
TKRR,1.8878280519311328,500
CDAR,50.52121607059721,500
DARC,32.0615035326193,500
VNCD_MDD,0.13554339144585,500
M3SDA_Reg,0.1213720873919383,500
CMSS_Reg,0.1062337170107794,500
XGBoost_Target_Only,0.1196960914558706,100
KRR_Target_Only,31.02655358138839,100
NN_Target_Only,20.41882605861877,100
XGBoost_Pool,0.100538735131844,100
KRR_Pool,1.622272958148483,100
NN_Pool,4.805895581466637,100
XGBoost_TLCQM,0.1177498176689932,100
KRR_TLCQM,1.776817799897808,100
NN_TLCQM,0.1200878618076496,100
XGBoost_Target_Only,0.1028673824351985,200
KRR_Target_Only,18.021382149768147,200
NN_Target_Only,21.632745637039932,200
XGBoost_Pool,0.1030420286645744,200
KRR_Pool,1.6024410150522297,200
NN_Pool,3.725680259580413,200
XGBoost_TLCQM,0.1040976558105514,200
KRR_TLCQM,1.7048147899423862,200
NN_TLCQM,0.1471793181063893,200
XGBoost_Target_Only,0.0984253386508986,300
KRR_Target_Only,13.045600482186485,300
NN_Target_Only,0.5629045788251292,300
XGBoost_Pool,0.0981272420813316,300
KRR_Pool,1.5942242157019766,300
NN_Pool,3.531084376620699,300
XGBoost_TLCQM,0.1030004366535515,300
KRR_TLCQM,1.6850460402990708,300
NN_TLCQM,0.1142039362451733,300
XGBoost_Target_Only,0.0938464972305924,500
KRR_Target_Only,8.70200867436938,500
NN_Target_Only,0.1997290158493138,500
XGBoost_Pool,0.0966030434501007,500
KRR_Pool,1.4659001080921066,500
NN_Pool,3.2980194443609863,500
XGBoost_TLCQM,0.1008045873704112,500
KRR_TLCQM,1.5567888168061503,500
NN_TLCQM,0.1521707935206442,500
TKRR,1.9178447905752196,100
CDAR,5.867266195895953,100
DARC,31.415081258253544,100
VNCD_MDD,0.1501996018499532,100
M3SDA_Reg,0.1111569180716509,100
CMSS_Reg,0.117452227952936,100
TKRR,1.9396073371948528,200
CDAR,6.202454392711803,200
DARC,30.986966352500847,200
VNCD_MDD,0.1596819912260411,200
M3SDA_Reg,0.1120371642325762,200
CMSS_Reg,0.1144652229195016,200
TKRR,1.877193188040857,300
CDAR,6.234964146700468,300
DARC,29.96156071291047,300
VNCD_MDD,0.1704064885895123,300
M3SDA_Reg,0.1106014016148465,300
CMSS_Reg,0.1121643124854877,300
TKRR,1.7736505558303504,500
CDAR,6.184797849962857,500
DARC,27.942785233063777,500
VNCD_MDD,0.1553242710916746,500
M3SDA_Reg,0.1220009229797996,500
CMSS_Reg,0.1018903679849594,500
XGBoost_Target_Only,0.1198534170527446,100
KRR_Target_Only,30.262486745169355,100
NN_Target_Only,21.1198897274138,100
XGBoost_Pool,0.1025918986564281,100
KRR_Pool,1.6401928051738248,100
NN_Pool,5.726280658962785,100
XGBoost_TLCQM,0.0996593344380357,100
KRR_TLCQM,1.766237804289204,100
NN_TLCQM,0.102771588190966,100
XGBoost_Target_Only,0.1191380836432624,200
KRR_Target_Only,20.427108786272743,200
NN_Target_Only,20.33703867017782,200
XGBoost_Pool,0.0986647885503167,200
KRR_Pool,1.5906321133665806,200
NN_Pool,3.310666671676627,200
XGBoost_TLCQM,0.1070799845326442,200
KRR_TLCQM,1.7112125830975633,200
NN_TLCQM,0.1103709742662508,200
XGBoost_Target_Only,0.0946818087591016,300
KRR_Target_Only,13.777051988783969,300
NN_Target_Only,6.659581130268188,300
XGBoost_Pool,0.0960785933312603,300
KRR_Pool,1.5448937892137289,300
NN_Pool,4.546410111869726,300
XGBoost_TLCQM,0.1021376958403631,300
KRR_TLCQM,1.6475325234807872,300
NN_TLCQM,0.1052819364553383,300
XGBoost_Target_Only,0.0927479242219818,500
KRR_Target_Only,9.150680193705726,500
NN_Target_Only,6.242552993032867,500
XGBoost_Pool,0.0921558671649452,500
KRR_Pool,1.483129466475328,500
NN_Pool,2.977689731387697,500
XGBoost_TLCQM,0.1001125926375162,500
KRR_TLCQM,1.5809855465003633,500
NN_TLCQM,0.3028409423333993,500
TKRR,1.9389666257919376,100
CDAR,5.29565433841486,100
DARC,29.110418717805704,100
VNCD_MDD,0.1561512217411314,100
M3SDA_Reg,0.1221686753725132,100
CMSS_Reg,0.1214261170783981,100
TKRR,1.841893397785541,200
CDAR,5.942662001334835,200
DARC,28.61386891177224,200
VNCD_MDD,0.1435143154107326,200
M3SDA_Reg,0.1161204860879404,200
CMSS_Reg,0.1176609481273168,200
TKRR,1.8960680403975612,300
CDAR,5.883898857089904,300
DARC,28.62737172235581,300
VNCD_MDD,0.1517647028409328,300
M3SDA_Reg,0.1132724207206012,300
CMSS_Reg,0.1093285759151205,300
TKRR,1.866354800143589,500
CDAR,5.859408812905866,500
DARC,28.39809098103535,500
VNCD_MDD,0.1323792469543055,500
M3SDA_Reg,0.1180641821083919,500
CMSS_Reg,0.107295057715054,500
XGBoost_Target_Only,0.1097165903899873,100
KRR_Target_Only,28.22284821868052,100
NN_Target_Only,26.699084192067048,100
XGBoost_Pool,0.1003967193981255,100
KRR_Pool,1.6377157687966677,100
NN_Pool,5.946806188786577,100
XGBoost_TLCQM,0.0994659351202458,100
KRR_TLCQM,1.7720312671882623,100
NN_TLCQM,0.1511734476832666,100
XGBoost_Target_Only,0.1132508189896317,200
KRR_Target_Only,18.00152285808416,200
NN_Target_Only,22.97673386623055,200
XGBoost_Pool,0.0991957856495087,200
KRR_Pool,1.6180411386130753,200
NN_Pool,2.467921230973388,200
XGBoost_TLCQM,0.1041447951441828,200
KRR_TLCQM,1.7511802476936098,200
NN_TLCQM,0.4674658287270311,200
XGBoost_Target_Only,0.0981565359391984,300
KRR_Target_Only,13.287203710679051,300
NN_Target_Only,5.101846046679314,300
XGBoost_Pool,0.0961137202670683,300
KRR_Pool,1.5795693536500686,300
NN_Pool,5.9430545738539,300
XGBoost_TLCQM,0.0970306883858452,300
KRR_TLCQM,1.703574993877011,300
NN_TLCQM,0.1096189982718514,300
XGBoost_Target_Only,0.0946897141542416,500
KRR_Target_Only,8.93709090624558,500
NN_Target_Only,0.349854305661178,500
XGBoost_Pool,0.092638877815071,500
KRR_Pool,1.57060176707079,500
NN_Pool,3.4321720818815766,500
XGBoost_TLCQM,0.0947911648503885,500
KRR_TLCQM,1.689375840795279,500
NN_TLCQM,0.1074348759913089,500
TKRR,2.115353070405129,100
CDAR,5.862485853476396,100
DARC,25.337207215335468,100
VNCD_MDD,0.1428156080160226,100
M3SDA_Reg,0.1149971205692876,100
CMSS_Reg,0.1152519470955319,100
TKRR,1.8937290719473687,200
CDAR,5.680313432520123,200
DARC,39.80847758450239,200
VNCD_MDD,0.1436819356038124,200
M3SDA_Reg,0.1193624950990279,200
CMSS_Reg,0.1181368689674106,200
TKRR,1.9028686632068343,300
CDAR,5.685627842793147,300
DARC,39.96683197372888,300
VNCD_MDD,0.1386701641132762,300
M3SDA_Reg,0.1182766870599219,300
CMSS_Reg,0.1151497012754758,300
TKRR,1.830540315544244,500
CDAR,5.662353100918022,500
DARC,39.88112536961253,500
VNCD_MDD,0.1430714824078389,500
M3SDA_Reg,0.1220910240286766,500
CMSS_Reg,0.1069125957323878,500
XGBoost_Target_Only,0.1145042870271166,100
KRR_Target_Only,30.49689045832068,100
NN_Target_Only,21.130604616893493,100
XGBoost_Pool,0.1012185122251405,100
KRR_Pool,1.6072315086929037,100
NN_Pool,5.975413359850872,100
XGBoost_TLCQM,0.1061245099486562,100
KRR_TLCQM,1.7040172379252665,100
NN_TLCQM,0.1163128518083733,100
XGBoost_Target_Only,0.1117865784755987,200
KRR_Target_Only,19.043682062721807,200
NN_Target_Only,23.3626073544561,200
XGBoost_Pool,0.0967353687389292,200
KRR_Pool,1.5533802116098734,200
NN_Pool,3.4834176585599943,200
XGBoost_TLCQM,0.104662669225963,200
KRR_TLCQM,1.6547055345873192,200
NN_TLCQM,0.1086996404283772,200
XGBoost_Target_Only,0.1005005169554501,300
KRR_Target_Only,13.570028617208862,300
NN_Target_Only,0.5033042576649193,300
XGBoost_Pool,0.0983968335882865,300
KRR_Pool,1.5027360772523866,300
NN_Pool,2.684722419357705,300
XGBoost_TLCQM,0.1038281609731959,300
KRR_TLCQM,1.5914955544257507,300
NN_TLCQM,0.1068239089246921,300
XGBoost_Target_Only,0.0951503418075295,500
KRR_Target_Only,9.087175741830674,500
NN_Target_Only,6.531625184793235,500
XGBoost_Pool,0.0968721825375866,500
KRR_Pool,1.517902042228192,500
NN_Pool,4.548707594295106,500
XGBoost_TLCQM,0.1030761463627297,500
KRR_TLCQM,1.6161129031156494,500
NN_TLCQM,0.1326442568832974,500
TKRR,1.8564994438999929,100
CDAR,5.988486327196664,100
DARC,43.719746375800646,100
VNCD_MDD,0.1624182889628906,100
M3SDA_Reg,0.1141334396782209,100
CMSS_Reg,0.1213964555974739,100
TKRR,1.8432335305813372,200
CDAR,6.205207863424497,200
DARC,29.463275686118653,200
VNCD_MDD,0.1446575016033328,200
M3SDA_Reg,0.1189744835678186,200
CMSS_Reg,0.1148348375728677,200
TKRR,1.9326906158853845,300
CDAR,6.1948368128723015,300
DARC,30.26924939077947,300
VNCD_MDD,0.1373052111446684,300
M3SDA_Reg,0.1182848877137964,300
CMSS_Reg,0.1069662049294606,300
TKRR,1.843949806577784,500
CDAR,6.176982742660053,500
DARC,30.203484839571093,500
VNCD_MDD,0.1445919903406828,500
M3SDA_Reg,0.1210924407916378,500
CMSS_Reg,0.1027532709787001,500
XGBoost_Target_Only,0.1092382750901305,100
KRR_Target_Only,28.77031053560115,100
NN_Target_Only,21.57117213821944,100
XGBoost_Pool,0.1014109806661478,100
KRR_Pool,1.5933527769927385,100
NN_Pool,5.773278570826802,100
XGBoost_TLCQM,0.103656887837241,100
KRR_TLCQM,1.694803068313569,100
NN_TLCQM,0.1117352746448946,100
XGBoost_Target_Only,0.10983055560567,200
KRR_Target_Only,18.87390586324098,200
NN_Target_Only,19.84915876357616,200
XGBoost_Pool,0.1011611881346726,200
KRR_Pool,1.5935412698067883,200
NN_Pool,3.303893946698371,200
XGBoost_TLCQM,0.1053658877676422,200
KRR_TLCQM,1.7056512581961003,200
NN_TLCQM,0.1063504329334282,200
XGBoost_Target_Only,0.1054407790322798,300
KRR_Target_Only,14.241663754373212,300
NN_Target_Only,7.43766363109415,300
XGBoost_Pool,0.0981734727939136,300
KRR_Pool,1.6017986296923823,300
NN_Pool,4.47662635316328,300
XGBoost_TLCQM,0.098882779524482,300
KRR_TLCQM,1.7117724478156768,300
NN_TLCQM,0.2381943384612379,300
XGBoost_Target_Only,0.0966795936668111,500
KRR_Target_Only,9.70348581453818,500
NN_Target_Only,0.8623523201810359,500
XGBoost_Pool,0.0964422198919774,500
KRR_Pool,1.598488527767168,500
NN_Pool,3.516234587652812,500
XGBoost_TLCQM,0.1057321418409259,500
KRR_TLCQM,1.7069187853668142,500
NN_TLCQM,0.1525089098400723,500
TKRR,1.890893148750715,100
CDAR,5.228328988298984,100
DARC,35.54184553691457,100
VNCD_MDD,0.1594915302732688,100
M3SDA_Reg,0.1247423113225418,100
CMSS_Reg,0.1239006479350476,100
TKRR,1.8800842685183403,200
CDAR,6.623627680982237,200
DARC,37.68802280188799,200
VNCD_MDD,0.1593100665734443,200
M3SDA_Reg,0.1205363979529683,200
CMSS_Reg,0.1250722293377267,200
TKRR,1.887138047434353,300
CDAR,6.688514439951462,300
DARC,37.95394032656378,300
VNCD_MDD,0.1522169186098612,300
M3SDA_Reg,0.1211806492376438,300
CMSS_Reg,0.1161430088160633,300
TKRR,1.928315408262943,500
CDAR,6.670915796919219,500
DARC,38.12631666840528,500
VNCD_MDD,0.145805559185781,500
M3SDA_Reg,0.1199715899572867,500
CMSS_Reg,0.1092905055158953,500
XGBoost_Target_Only,0.1107474296725235,100
KRR_Target_Only,29.0077306607449,100
NN_Target_Only,21.58037366388541,100
XGBoost_Pool,0.1010814729906702,100
KRR_Pool,1.640338399252716,100
NN_Pool,5.821025937348717,100
XGBoost_TLCQM,0.1079249854354113,100
KRR_TLCQM,1.7424361998335662,100
NN_TLCQM,0.1070174333358233,100
XGBoost_Target_Only,0.1081484867185569,200
KRR_Target_Only,19.174015029406952,200
NN_Target_Only,22.34707192023912,200
XGBoost_Pool,0.1010643098011705,200
KRR_Pool,1.5842951484414325,200
NN_Pool,3.707296735258159,200
XGBoost_TLCQM,0.1087755087536744,200
KRR_TLCQM,1.683116617935392,200
NN_TLCQM,0.1531965029667221,200
XGBoost_Target_Only,0.1048554698742942,300
KRR_Target_Only,14.581200879156365,300
NN_Target_Only,10.591601582574672,300
XGBoost_Pool,0.0984786881136402,300
KRR_Pool,1.5650122331337777,300
NN_Pool,4.155885637531815,300
XGBoost_TLCQM,0.1107220746290415,300
KRR_TLCQM,1.670876801159566,300
NN_TLCQM,0.1149938563598362,300
XGBoost_Target_Only,0.0939432320629478,500
KRR_Target_Only,9.323978358660574,500
NN_Target_Only,0.4550656564730541,500
XGBoost_Pool,0.0950126428568257,500
KRR_Pool,1.511139643881848,500
NN_Pool,3.1741704084814746,500
XGBoost_TLCQM,0.1061995037317182,500
KRR_TLCQM,1.6328515586294583,500
NN_TLCQM,0.1530718788595949,500
TKRR,1.925691212282252,100
CDAR,6.297614220465975,100
DARC,29.073770218605905,100
VNCD_MDD,0.1521191949903565,100
M3SDA_Reg,0.1100251720446699,100
CMSS_Reg,0.1127961723128539,100
TKRR,1.93647227674782,200
CDAR,5.276190081325401,200
DARC,46.24142623451785,200
VNCD_MDD,0.1386484373706369,200
M3SDA_Reg,0.1137555589502611,200
CMSS_Reg,0.1109144752860311,200
TKRR,2.0028911580406805,300
CDAR,5.303260808159995,300
DARC,46.27423607552958,300
VNCD_MDD,0.1332103923376774,300
M3SDA_Reg,0.1123847482440691,300
CMSS_Reg,0.1053242168542165,300
TKRR,1.8281685077447565,500
CDAR,5.255978789058656,500
DARC,46.31435136444239,500
VNCD_MDD,0.1192718307796087,500
M3SDA_Reg,0.113869364732549,500
CMSS_Reg,0.1035070101423075,500
XGBoost_Target_Only,0.1218138410155247,100
KRR_Target_Only,28.697016037913563,100
NN_Target_Only,21.43381261248789,100
XGBoost_Pool,0.1023810337335827,100
KRR_Pool,1.614150632891832,100
NN_Pool,5.247825364739613,100
XGBoost_TLCQM,0.0990794267265683,100
KRR_TLCQM,1.7352490210132472,100
NN_TLCQM,0.1108403608513494,100
XGBoost_Target_Only,0.1161496764055519,200
KRR_Target_Only,20.64899128960923,200
NN_Target_Only,21.25658976474672,200
XGBoost_Pool,0.1002474126815109,200
KRR_Pool,1.599112962409915,200
NN_Pool,3.6147102249596177,200
XGBoost_TLCQM,0.1010150621682336,200
KRR_TLCQM,1.704961029958222,200
NN_TLCQM,0.1129702019842018,200
XGBoost_Target_Only,0.1020383318763779,300
KRR_Target_Only,15.31858316792844,300
NN_Target_Only,7.394256673273769,300
XGBoost_Pool,0.0985885660527467,300
KRR_Pool,1.5733271607365,300
NN_Pool,4.449722369148498,300
XGBoost_TLCQM,0.1032011055107555,300
KRR_TLCQM,1.6733620085507437,300
NN_TLCQM,0.1409019415465803,300
XGBoost_Target_Only,0.0981456000476212,500
KRR_Target_Only,8.716973969746151,500
NN_Target_Only,0.6938315293485162,500
XGBoost_Pool,0.0960925037071784,500
KRR_Pool,1.4753585433817151,500
NN_Pool,3.383242583646392,500
XGBoost_TLCQM,0.1052175617384752,500
KRR_TLCQM,1.5565710047078356,500
NN_TLCQM,0.2166911949148889,500
TKRR,1.9660652336607032,100
CDAR,5.865467157806728,100
DARC,28.98789989842932,100
VNCD_MDD,0.1736728343236202,100
M3SDA_Reg,0.1189799795871092,100
CMSS_Reg,0.1191196974694669,100
TKRR,1.9258697197671533,200
CDAR,5.96204519365574,200
DARC,24.65180777560272,200
VNCD_MDD,0.1587984912637379,200
M3SDA_Reg,0.1111558729947225,200
CMSS_Reg,0.1145246811506743,200
TKRR,1.942849840235641,300
CDAR,6.127112521225036,300
DARC,20.49255071780605,300
VNCD_MDD,0.1430331525040636,300
M3SDA_Reg,0.1077931739853501,300
CMSS_Reg,0.1115060022107478,300
TKRR,1.8563789722894075,500
CDAR,5.965124994850124,500
DARC,24.58940261628017,500
VNCD_MDD,0.1373883065837757,500
M3SDA_Reg,0.106599868455709,500
CMSS_Reg,0.1000776381590368,500
XGBoost_Target_Only,0.1274330889746953,100
KRR_Target_Only,28.159823490385207,100
NN_Target_Only,20.16502547680841,100
XGBoost_Pool,0.102437770717031,100
KRR_Pool,1.609588439389373,100
NN_Pool,5.779714035710133,100
XGBoost_TLCQM,0.1219349116298519,100
KRR_TLCQM,1.701282101514167,100
NN_TLCQM,0.3798775380413859,100
XGBoost_Target_Only,0.1012985272511453,200
KRR_Target_Only,18.91498969977733,200
NN_Target_Only,19.730588029562952,200
XGBoost_Pool,0.098090488421952,200
KRR_Pool,1.5553331526094314,200
NN_Pool,3.5136431703005253,200
XGBoost_TLCQM,0.1159142711444455,200
KRR_TLCQM,1.6551241176615086,200
NN_TLCQM,0.1092880364439752,200
XGBoost_Target_Only,0.1015707996447884,300
KRR_Target_Only,13.134916644508396,300
NN_Target_Only,7.066938262403463,300
XGBoost_Pool,0.0963697012425767,300
KRR_Pool,1.5654880729418943,300
NN_Pool,3.318581509009608,300
XGBoost_TLCQM,0.1086655331233976,300
KRR_TLCQM,1.6681462686194832,300
NN_TLCQM,0.1138786383099059,300
XGBoost_Target_Only,0.0987321243586267,500
KRR_Target_Only,8.276964901927391,500
NN_Target_Only,0.2136208647381483,500
XGBoost_Pool,0.0954365386601514,500
KRR_Pool,1.4640095593999345,500
NN_Pool,3.404144418634422,500
XGBoost_TLCQM,0.1080090331771232,500
KRR_TLCQM,1.546432357583233,500
NN_TLCQM,0.120660825978805,500
TKRR,1.880346178433626,100
CDAR,5.176301223186271,100
DARC,19.75062752537277,100
VNCD_MDD,0.2178930010607735,100
M3SDA_Reg,0.1082186043631407,100
CMSS_Reg,0.1236942486122522,100
TKRR,1.9400845546687429,200
CDAR,5.962298013897772,200
DARC,26.80017137750084,200
VNCD_MDD,0.1739399281647453,200
M3SDA_Reg,0.1052715120618475,200
CMSS_Reg,0.1191856718401087,200
TKRR,1.8932108217960415,300
CDAR,6.101364644452218,300
DARC,26.79036201335149,300
VNCD_MDD,0.1407334026705397,300
M3SDA_Reg,0.1018914370741552,300
CMSS_Reg,0.1114585979623207,300
TKRR,1.7927631387795746,500
CDAR,5.940576671783499,500
DARC,26.91735826371849,500
VNCD_MDD,0.1338280891195737,500
M3SDA_Reg,0.1107612146299667,500
CMSS_Reg,0.1102870822419165,500
XGBoost_Target_Only,0.1024115336275817,100
KRR_Target_Only,30.83884463783793,100
NN_Target_Only,29.258490544567454,100
XGBoost_Pool,0.0991509630546194,100
KRR_Pool,1.5981116048096058,100
NN_Pool,5.370572426973642,100
XGBoost_TLCQM,0.1008134496283784,100
KRR_TLCQM,1.703617786877831,100
NN_TLCQM,0.1611783227610761,100
XGBoost_Target_Only,0.0977618032567699,200
KRR_Target_Only,20.32862477560898,200
NN_Target_Only,25.112311017722245,200
XGBoost_Pool,0.0970908342431819,200
KRR_Pool,1.58993929886705,200
NN_Pool,3.474227045674899,200
XGBoost_TLCQM,0.1008387900465435,200
KRR_TLCQM,1.7071580054163096,200
NN_TLCQM,0.1092145525822791,200
XGBoost_Target_Only,0.0949146197444226,300
KRR_Target_Only,13.573562517326923,300
NN_Target_Only,13.33696203795585,300
XGBoost_Pool,0.0977011016661328,300
KRR_Pool,1.556137836185624,300
NN_Pool,3.993218238575268,300
XGBoost_TLCQM,0.1082069634606309,300
KRR_TLCQM,1.661219479577475,300
NN_TLCQM,0.1101763433685008,300
XGBoost_Target_Only,0.0952140297790972,500
KRR_Target_Only,9.631241333442716,500
NN_Target_Only,0.4358079714049254,500
XGBoost_Pool,0.0956223257799343,500
KRR_Pool,1.4847996798464669,500
NN_Pool,3.0022827429794483,500
XGBoost_TLCQM,0.0985500697953718,500
KRR_TLCQM,1.581821290973362,500
NN_TLCQM,0.3099586899440954,500
TKRR,1.9922068528348,100
CDAR,6.375392874317247,100
DARC,28.361704508516866,100
VNCD_MDD,0.1710931618648688,100
M3SDA_Reg,0.1190279798067184,100
CMSS_Reg,0.1152295360231401,100
TKRR,1.884119768571877,200
CDAR,5.756643374132955,200
DARC,23.438787442221773,200
VNCD_MDD,0.1459848568280157,200
M3SDA_Reg,0.1213113711158538,200
CMSS_Reg,0.1171629953152997,200
TKRR,1.815611568526728,300
CDAR,5.608229650755034,300
DARC,23.770219860458592,300
VNCD_MDD,0.1327140522054125,300
M3SDA_Reg,0.1156881347273768,300
CMSS_Reg,0.105105074604051,300
TKRR,1.8242343476596428,500
CDAR,5.709868573649959,500
DARC,23.91276381219116,500
VNCD_MDD,0.1283722865688249,500
M3SDA_Reg,0.1173562285556962,500
CMSS_Reg,0.0996591771732842,500
XGBoost_Target_Only,0.1379691525314365,100
KRR_Target_Only,30.73017108014047,100
NN_Target_Only,22.926049164217453,100
XGBoost_Pool,0.1048664544031827,100
KRR_Pool,1.5746987384138829,100
NN_Pool,5.7497148441529164,100
XGBoost_TLCQM,0.1294866816559011,100
KRR_TLCQM,1.6914436897327745,100
NN_TLCQM,0.118729970130951,100
XGBoost_Target_Only,0.1008353719562579,200
KRR_Target_Only,20.592820805333268,200
NN_Target_Only,25.157302500486743,200
XGBoost_Pool,0.0991045871635388,200
KRR_Pool,1.5350092947738472,200
NN_Pool,3.34561991556482,200
XGBoost_TLCQM,0.1058117928898508,200
KRR_TLCQM,1.627897356885068,200
NN_TLCQM,0.1626044013932658,200
XGBoost_Target_Only,0.094299657315017,300
KRR_Target_Only,14.03020811634853,300
NN_Target_Only,3.1717919962814185,300
XGBoost_Pool,0.0966158626691169,300
KRR_Pool,1.5131778306742478,300
NN_Pool,4.172036066941336,300
XGBoost_TLCQM,0.0999744325685733,300
KRR_TLCQM,1.599574405628453,300
NN_TLCQM,0.1046003893166888,300
XGBoost_Target_Only,0.092550244392479,500
KRR_Target_Only,8.578341647318828,500
NN_Target_Only,0.2024329126042084,500
XGBoost_Pool,0.0947116902659277,500
KRR_Pool,1.5044361927525434,500
NN_Pool,3.5263020274383896,500
XGBoost_TLCQM,0.0991430498250053,500
KRR_TLCQM,1.570894045607585,500
NN_TLCQM,0.1343242546210233,500
TKRR,1.873319365702288,100
CDAR,5.3638597436836175,100
DARC,23.99483225964389,100
VNCD_MDD,0.162414127986376,100
M3SDA_Reg,0.1169810437184013,100
CMSS_Reg,0.1200425409358459,100
TKRR,1.7795956621536524,200
CDAR,5.093966554323391,200
DARC,23.55364866072614,200
VNCD_MDD,0.1394359426297689,200
M3SDA_Reg,0.1131371244253084,200
CMSS_Reg,0.1127449896574621,200
TKRR,1.938757226641704,300
CDAR,4.988972092875886,300
DARC,23.4397368331667,300
VNCD_MDD,0.1422208317376259,300
M3SDA_Reg,0.1149476574789273,300
CMSS_Reg,0.1097342851377548,300
TKRR,1.7429158635896995,500
CDAR,4.993673697348449,500
DARC,23.86511762760604,500
VNCD_MDD,0.1293359562404153,500
M3SDA_Reg,0.1172027818217966,500
CMSS_Reg,0.1055040789474342,500
XGBoost_Target_Only,0.1054755099752198,100
KRR_Target_Only,29.07531518776221,100
NN_Target_Only,21.659330510320093,100
XGBoost_Pool,0.1007319309048187,100
KRR_Pool,1.640077852381696,100
NN_Pool,5.362949025742692,100
XGBoost_TLCQM,0.1122174866887956,100
KRR_TLCQM,1.7377805196418383,100
NN_TLCQM,0.1121190871860704,100
XGBoost_Target_Only,0.1131109889319977,200
KRR_Target_Only,18.904921194363038,200
NN_Target_Only,22.23536631818335,200
XGBoost_Pool,0.0978505616291518,200
KRR_Pool,1.6353225841536922,200
NN_Pool,3.5820855825101527,200
XGBoost_TLCQM,0.1041747578176773,200
KRR_TLCQM,1.728951562518549,200
NN_TLCQM,0.1167338544515932,200
XGBoost_Target_Only,0.1018390226361559,300
KRR_Target_Only,13.28605235615246,300
NN_Target_Only,0.316900132613277,300
XGBoost_Pool,0.0966174426471001,300
KRR_Pool,1.6227878521747972,300
NN_Pool,3.4410659457681607,300
XGBoost_TLCQM,0.1048034744264054,300
KRR_TLCQM,1.725126126459127,300
NN_TLCQM,0.3954247883679213,300
XGBoost_Target_Only,0.1018998123191972,500
KRR_Target_Only,8.953946328743257,500
NN_Target_Only,0.4055223008639534,500
XGBoost_Pool,0.0958631763971637,500
KRR_Pool,1.4576450859710446,500
NN_Pool,3.003706404980881,500
XGBoost_TLCQM,0.1005752714413804,500
KRR_TLCQM,1.557790870275671,500
NN_TLCQM,0.1634021766539027,500
TKRR,2.005719911873292,100
CDAR,5.953370770191469,100
DARC,42.354205558353456,100
VNCD_MDD,0.1619355181109963,100
M3SDA_Reg,0.1133392369233737,100
CMSS_Reg,0.1175714973416522,100
TKRR,1.883643769365385,200
CDAR,5.593102018572697,200
DARC,25.31855362807521,200
VNCD_MDD,0.1565159894360369,200
M3SDA_Reg,0.11365437597114,200
CMSS_Reg,0.1146624568979216,200
TKRR,1.9190535778161344,300
CDAR,5.626837377239832,300
DARC,25.335683912980848,300
VNCD_MDD,0.143228804165137,300
M3SDA_Reg,0.1183063473928909,300
CMSS_Reg,0.1144333631357888,300
TKRR,1.812290935933585,500
CDAR,5.426837928121196,500
DARC,24.85084425737701,500
VNCD_MDD,0.134006465249265,500
M3SDA_Reg,0.1190547252231519,500
CMSS_Reg,0.108451776051009,500
XGBoost_Target_Only,0.1199862009412808,100
KRR_Target_Only,29.619119445023,100
NN_Target_Only,17.17777320041272,100
XGBoost_Pool,0.1017737066405839,100
KRR_Pool,1.612285525519396,100
NN_Pool,5.688734969521908,100
XGBoost_TLCQM,0.1031178710346733,100
KRR_TLCQM,1.7628199304813754,100
NN_TLCQM,0.1004941903882395,100
XGBoost_Target_Only,0.1068871237675379,200
KRR_Target_Only,19.20550728607384,200
NN_Target_Only,18.319905504228277,200
XGBoost_Pool,0.1008600721446978,200
KRR_Pool,1.611266681831638,200
NN_Pool,3.956526799032913,200
XGBoost_TLCQM,0.100132938863663,200
KRR_TLCQM,1.7635678238269443,200
NN_TLCQM,0.1046213280734469,200
XGBoost_Target_Only,0.0993807625292667,300
KRR_Target_Only,14.186007090446854,300
NN_Target_Only,6.81037121638744,300
XGBoost_Pool,0.0986202296433229,300
KRR_Pool,1.505817640394744,300
NN_Pool,6.0506216097462096,300
XGBoost_TLCQM,0.1021058797017228,300
KRR_TLCQM,1.619903559061193,300
NN_TLCQM,0.1143559473271735,300
XGBoost_Target_Only,0.0973452157119536,500
KRR_Target_Only,9.39672175539324,500
NN_Target_Only,0.298983942827888,500
XGBoost_Pool,0.0965977555915795,500
KRR_Pool,1.5004600122480931,500
NN_Pool,3.3015117749116385,500
XGBoost_TLCQM,0.1009192879766791,500
KRR_TLCQM,1.608284908867466,500
NN_TLCQM,0.1157299669667474,500
TKRR,2.029353573843645,100
CDAR,5.8335698572006285,100
DARC,34.46529838086618,100
VNCD_MDD,0.1932659329485019,100
M3SDA_Reg,0.1145347310590566,100
CMSS_Reg,0.1168171966817916,100
TKRR,1.885915978244617,200
CDAR,6.92140035568471,200
DARC,27.759440270076773,200
VNCD_MDD,0.1561983793535994,200
M3SDA_Reg,0.115317991856792,200
CMSS_Reg,0.1160359902407546,200
TKRR,1.7834769978846572,300
CDAR,6.4744019765773535,300
DARC,28.279817968150784,300
VNCD_MDD,0.1343522771823229,300
M3SDA_Reg,0.1198459226288647,300
CMSS_Reg,0.1090547274892577,300
TKRR,1.8304356463631608,500
CDAR,6.523762718877869,500
DARC,27.724967357761287,500
VNCD_MDD,0.1427597276129452,500
M3SDA_Reg,0.1164166027887131,500
CMSS_Reg,0.1081841394386934,500
XGBoost_Target_Only,0.1116377498817581,100
KRR_Target_Only,28.882679273417622,100
NN_Target_Only,17.34591446354145,100
XGBoost_Pool,0.1008839254790353,100
KRR_Pool,1.6224129967931202,100
NN_Pool,6.345970856221125,100
XGBoost_TLCQM,0.2494181237703923,100
KRR_TLCQM,1.940767673524036,100
NN_TLCQM,0.2599259455540494,100
XGBoost_Target_Only,0.1037665089054906,200
KRR_Target_Only,20.405844307165843,200
NN_Target_Only,18.502437635693163,200
XGBoost_Pool,0.0999376689893874,200
KRR_Pool,1.6018281043115297,200
NN_Pool,3.6659175430806057,200
XGBoost_TLCQM,0.1011210009781663,200
KRR_TLCQM,1.6886315821275943,200
NN_TLCQM,0.1046690535854465,200
XGBoost_Target_Only,0.0975787538770442,300
KRR_Target_Only,14.306691266159168,300
NN_Target_Only,7.691296177368659,300
XGBoost_Pool,0.0982646829115726,300
KRR_Pool,1.5899313475654118,300
NN_Pool,2.6041873263261266,300
XGBoost_TLCQM,0.1084673748583553,300
KRR_TLCQM,1.7092366250744748,300
NN_TLCQM,0.1765281190207175,300
XGBoost_Target_Only,0.0964362803512248,500
KRR_Target_Only,9.224350796246366,500
NN_Target_Only,0.3263379206063811,500
XGBoost_Pool,0.0985854185846418,500
KRR_Pool,1.466884165256246,500
NN_Pool,3.294251383742284,500
XGBoost_TLCQM,0.0993801420485936,500
KRR_TLCQM,1.5408694244290089,500
NN_TLCQM,0.1120498905407804,500
TKRR,1.86033679617113,100
CDAR,6.477854179505461,100
DARC,36.67204243294393,100
VNCD_MDD,0.1770387277499098,100
M3SDA_Reg,0.1155346915689838,100
CMSS_Reg,0.1171564262309659,100
TKRR,1.8335941393178763,200
CDAR,5.490074596556696,200
DARC,35.007763606165845,200
VNCD_MDD,0.1697538820900893,200
M3SDA_Reg,0.1169264795384034,200
CMSS_Reg,0.1140772068295691,200
TKRR,1.8210034047405808,300
CDAR,5.462872080983307,300
DARC,29.43809507136488,300
VNCD_MDD,0.1483153635255195,300
M3SDA_Reg,0.1162076395380047,300
CMSS_Reg,0.1074338206395242,300
TKRR,1.7953587332843464,500
CDAR,5.242167750692678,500
DARC,32.76807800575916,500
VNCD_MDD,0.132211291347862,500
M3SDA_Reg,0.1212491908493038,500
CMSS_Reg,0.101446654251175,500
XGBoost_Target_Only,0.1196218864781105,100
KRR_Target_Only,30.23252405342293,100
NN_Target_Only,24.528426782465253,100
XGBoost_Pool,0.0993668366379217,100
KRR_Pool,1.6175235016434633,100
NN_Pool,4.198805794787969,100
XGBoost_TLCQM,0.1031106783979685,100
KRR_TLCQM,1.7412341797235615,100
NN_TLCQM,0.2175334035422688,100
XGBoost_Target_Only,0.1188742108943064,200
KRR_Target_Only,20.03995929739662,200
NN_Target_Only,21.50058147864724,200
XGBoost_Pool,0.1003455534175131,200
KRR_Pool,1.6065319848527848,200
NN_Pool,3.4825783905132037,200
XGBoost_TLCQM,0.1018373792763007,200
KRR_TLCQM,1.716397688314088,200
NN_TLCQM,0.4777475854891887,200
XGBoost_Target_Only,0.0987714749386046,300
KRR_Target_Only,14.20908542144187,300
NN_Target_Only,0.2991431141366166,300
XGBoost_Pool,0.0983609720270955,300
KRR_Pool,1.5616407359905735,300
NN_Pool,3.3462719767025115,300
XGBoost_TLCQM,0.1008990345113153,300
KRR_TLCQM,1.6715214096877455,300
NN_TLCQM,0.1108431266646369,300
XGBoost_Target_Only,0.0974653061146854,500
KRR_Target_Only,9.159705038680606,500
NN_Target_Only,0.7131026843018586,500
XGBoost_Pool,0.096589315082449,500
KRR_Pool,1.5824554706075096,500
NN_Pool,4.252728274810536,500
XGBoost_TLCQM,0.1037800160589303,500
KRR_TLCQM,1.7007397773520434,500
NN_TLCQM,0.1265026984171069,500
TKRR,1.90455596624216,100
CDAR,5.42808999583186,100
DARC,21.505750695606025,100
VNCD_MDD,0.1815523986279156,100
M3SDA_Reg,0.122362314681042,100
CMSS_Reg,0.1114201628841983,100
TKRR,1.892808122038336,200
CDAR,6.212712253697784,200
DARC,36.15291595550416,200
VNCD_MDD,0.147502556626494,200
M3SDA_Reg,0.124701029232367,200
CMSS_Reg,0.1112514846089492,200
TKRR,1.8748803219034564,300
CDAR,6.266975335938889,300
DARC,35.83634171063882,300
VNCD_MDD,0.1498005166554958,300
M3SDA_Reg,0.1309744349961281,300
CMSS_Reg,0.1045192422324989,300
TKRR,1.923249424214607,500
CDAR,6.2994025427726985,500
DARC,35.91472116050079,500
VNCD_MDD,0.1387385870271227,500
M3SDA_Reg,0.1342073792838195,500
CMSS_Reg,0.1025713074992603,500
XGBoost_Target_Only,0.1167338238374768,100
KRR_Target_Only,30.133316139752484,100
NN_Target_Only,21.671541908217577,100
XGBoost_Pool,0.0984065460726469,100
KRR_Pool,1.564623360910582,100
NN_Pool,5.350872947082677,100
XGBoost_TLCQM,0.1083974893001605,100
KRR_TLCQM,1.689461730861345,100
NN_TLCQM,0.1208825264888448,100
XGBoost_Target_Only,0.1065441450046727,200
KRR_Target_Only,20.552031271201265,200
NN_Target_Only,22.66495401285374,200
XGBoost_Pool,0.0999187505850113,200
KRR_Pool,1.482191541133722,200
NN_Pool,3.591939203412546,200
XGBoost_TLCQM,0.1055004069837918,200
KRR_TLCQM,1.5867414399164432,200
NN_TLCQM,0.1133737160903952,200
XGBoost_Target_Only,0.0957405124601722,300
KRR_Target_Only,14.391125328337322,300
NN_Target_Only,6.909671427991339,300
XGBoost_Pool,0.0960583753750689,300
KRR_Pool,1.470085121600469,300
NN_Pool,2.8252140641576404,300
XGBoost_TLCQM,0.1083865086125162,300
KRR_TLCQM,1.5674220968785124,300
NN_TLCQM,0.1150113125220836,300
XGBoost_Target_Only,0.0945306247801885,500
KRR_Target_Only,8.63550119463055,500
NN_Target_Only,2.7131273427826352,500
XGBoost_Pool,0.0957124106062036,500
KRR_Pool,1.3484796727789143,500
NN_Pool,2.5851796339192705,500
XGBoost_TLCQM,0.103284376510381,500
KRR_TLCQM,1.4295387624456153,500
NN_TLCQM,0.1317485540754924,500
TKRR,2.061380633610709,100
CDAR,5.834230138049984,100
DARC,38.17612955989395,100
VNCD_MDD,0.1651702590687603,100
M3SDA_Reg,0.1162498099161866,100
CMSS_Reg,0.1087182135145517,100
TKRR,1.8143536797698157,200
CDAR,5.39313835745352,200
DARC,29.106332619737547,200
VNCD_MDD,0.1471446534800038,200
M3SDA_Reg,0.1139056150477306,200
CMSS_Reg,0.1106857905985933,200
TKRR,1.7689384307629754,300
CDAR,5.420047499745105,300
DARC,27.31401887315749,300
VNCD_MDD,0.1417024858531269,300
M3SDA_Reg,0.1116634234188969,300
CMSS_Reg,0.1073597501780751,300
TKRR,1.761394732650111,500
CDAR,5.394166939015915,500
DARC,25.078667366584337,500
VNCD_MDD,0.1311417131012593,500
M3SDA_Reg,0.1164294518900483,500
CMSS_Reg,0.102065912556568,500
XGBoost_Target_Only,0.1069846609385701,100
KRR_Target_Only,29.89688713300628,100
NN_Target_Only,22.409687233268105,100
XGBoost_Pool,0.0988175420275777,100
KRR_Pool,1.6427703982328,100
NN_Pool,3.41280748832568,100
XGBoost_TLCQM,0.1043266614587001,100
KRR_TLCQM,1.7631460769987717,100
NN_TLCQM,0.1177719540073837,100
XGBoost_Target_Only,0.1068999713240108,200
KRR_Target_Only,18.34315553455123,200
NN_Target_Only,20.13761147180044,200
XGBoost_Pool,0.0980467285271646,200
KRR_Pool,1.648133096407674,200
NN_Pool,3.46186541272229,200
XGBoost_TLCQM,0.1027090779081608,200
KRR_TLCQM,1.7577083351378195,200
NN_TLCQM,0.1159345043858464,200
XGBoost_Target_Only,0.099829974190905,300
KRR_Target_Only,12.789579186605616,300
NN_Target_Only,0.3435396241080683,300
XGBoost_Pool,0.0999333726484602,300
KRR_Pool,1.6338379322651788,300
NN_Pool,4.636883138702694,300
XGBoost_TLCQM,0.1034609159575739,300
KRR_TLCQM,1.728656347385035,300
NN_TLCQM,0.1081185644357393,300
XGBoost_Target_Only,0.0976612342536482,500
KRR_Target_Only,8.297965541462911,500
NN_Target_Only,0.2125323845384969,500
XGBoost_Pool,0.0972474754369927,500
KRR_Pool,1.6245375155854982,500
NN_Pool,2.830789675829154,500
XGBoost_TLCQM,0.1060713282436835,500
KRR_TLCQM,1.712395759330235,500
NN_TLCQM,0.1369225093335291,500
TKRR,1.9063016432807445,100
CDAR,6.010892929068008,100
DARC,40.17138089151269,100
VNCD_MDD,0.1558883089655934,100
M3SDA_Reg,0.1192715932259843,100
CMSS_Reg,0.1304741490719132,100
TKRR,1.9161963030527265,200
CDAR,5.433907683946285,200
DARC,38.9967855483312,200
VNCD_MDD,0.1430292133368596,200
M3SDA_Reg,0.1110312680295816,200
CMSS_Reg,0.1161790525475313,200
TKRR,1.9181045041206444,300
CDAR,5.474440627854635,300
DARC,39.16071946143839,300
VNCD_MDD,0.1304558181898093,300
M3SDA_Reg,0.1109309942650567,300
CMSS_Reg,0.1121197646595161,300
TKRR,1.8747286823822449,500
CDAR,5.483931471244217,500
DARC,38.99223815780659,500
VNCD_MDD,0.1252775003863006,500
M3SDA_Reg,0.1096309958568325,500
CMSS_Reg,0.1092867488234027,500
XGBoost_Target_Only,0.1172091758819042,100
KRR_Target_Only,30.938758689183835,100
NN_Target_Only,26.22182658467339,100
XGBoost_Pool,0.0999952538701442,100
KRR_Pool,1.550644414269225,100
NN_Pool,5.335759462860112,100
XGBoost_TLCQM,0.1053057659154949,100
KRR_TLCQM,1.653474225242397,100
NN_TLCQM,0.1230029979206111,100
XGBoost_Target_Only,0.103592875172351,200
KRR_Target_Only,18.980633812508863,200
NN_Target_Only,22.02293933828556,200
XGBoost_Pool,0.095671407888642,200
KRR_Pool,1.5533555129626715,200
NN_Pool,4.991056365505484,200
XGBoost_TLCQM,0.1025945953553709,200
KRR_TLCQM,1.655160961771444,200
NN_TLCQM,0.1084590882310302,200
XGBoost_Target_Only,0.1094172788027148,300
KRR_Target_Only,14.79355338315565,300
NN_Target_Only,6.306236575778925,300
XGBoost_Pool,0.0976584903023877,300
KRR_Pool,1.549720882075148,300
NN_Pool,3.1710240381334067,300
XGBoost_TLCQM,0.1100427202760503,300
KRR_TLCQM,1.646263802704455,300
NN_TLCQM,0.1095419903360421,300
XGBoost_Target_Only,0.0956664622114056,500
KRR_Target_Only,9.5163324434509,500
NN_Target_Only,0.2489258645356394,500
XGBoost_Pool,0.0945047838437787,500
KRR_Pool,1.489437450238278,500
NN_Pool,3.1329185532642296,500
XGBoost_TLCQM,0.1024727466428974,500
KRR_TLCQM,1.582700901126481,500
NN_TLCQM,0.1113184984855657,500
TKRR,2.020139822821584,100
CDAR,5.887686076515187,100
DARC,27.948124252087027,100
VNCD_MDD,0.170501543262036,100
M3SDA_Reg,0.1158596280980858,100
CMSS_Reg,0.1216721391674686,100
TKRR,1.845408606589496,200
CDAR,5.517749853586244,200
DARC,34.50304488237276,200
VNCD_MDD,0.1527725944227219,200
M3SDA_Reg,0.1143026375480269,200
CMSS_Reg,0.1093089543653543,200
TKRR,1.8584721462549287,300
CDAR,5.691557683915982,300
DARC,34.354798032980185,300
VNCD_MDD,0.1341889976863181,300
M3SDA_Reg,0.1140108348736442,300
CMSS_Reg,0.1154781629654131,300
TKRR,1.811800115761628,500
CDAR,5.597689389227179,500
DARC,33.84033288942072,500
VNCD_MDD,0.1316507638250228,500
M3SDA_Reg,0.1152096903953057,500
CMSS_Reg,0.111468704859577,500
XGBoost_Target_Only,0.1162098848741084,100
KRR_Target_Only,27.767665429698425,100
NN_Target_Only,18.55586370417182,100
XGBoost_Pool,0.0991220769315932,100
KRR_Pool,1.6397811333309895,100
NN_Pool,5.579626251365656,100
XGBoost_TLCQM,0.1109498754722289,100
KRR_TLCQM,1.7763404043524058,100
NN_TLCQM,0.1384389810922053,100
XGBoost_Target_Only,0.102654226681682,200
KRR_Target_Only,19.45908644700287,200
NN_Target_Only,20.52274670657701,200
XGBoost_Pool,0.0994860549327154,200
KRR_Pool,1.6243571292381074,200
NN_Pool,3.506525833532562,200
XGBoost_TLCQM,0.1079670973778705,200
KRR_TLCQM,1.7282419446504864,200
NN_TLCQM,0.122890848350284,200
XGBoost_Target_Only,0.0999304652029841,300
KRR_Target_Only,13.898481417620632,300
NN_Target_Only,0.3882519121533115,300
XGBoost_Pool,0.0973170568585876,300
KRR_Pool,1.6305264582412156,300
NN_Pool,5.866797256398336,300
XGBoost_TLCQM,0.1017492327842044,300
KRR_TLCQM,1.7300522559581335,300
NN_TLCQM,0.1094378974174945,300
XGBoost_Target_Only,0.0946277617652962,500
KRR_Target_Only,9.401702877095063,500
NN_Target_Only,0.2129378777262203,500
XGBoost_Pool,0.0939418670780797,500
KRR_Pool,1.4944703666333103,500
NN_Pool,4.467025814872398,500
XGBoost_TLCQM,0.1029969775580963,500
KRR_TLCQM,1.583837925243579,500
NN_TLCQM,0.1102467581785123,500
TKRR,1.9039057460139568,100
CDAR,5.369070215017307,100
DARC,28.07183102449953,100
VNCD_MDD,0.1625839151616032,100
M3SDA_Reg,0.1169640372153964,100
CMSS_Reg,0.1170666028184211,100
TKRR,1.8886680244387628,200
CDAR,5.393137474971804,200
DARC,29.433072076887026,200
VNCD_MDD,0.1406065422076865,200
M3SDA_Reg,0.1174445358663764,200
CMSS_Reg,0.114291081306989,200
TKRR,1.9138764920644065,300
CDAR,5.491597780671133,300
DARC,28.75497445973649,300
VNCD_MDD,0.1578298691548112,300
M3SDA_Reg,0.1166957099341433,300
CMSS_Reg,0.1119513805870567,300
TKRR,1.768316829991277,500
CDAR,5.408248490811456,500
DARC,28.763296621944725,500
VNCD_MDD,0.1422131845974052,500
M3SDA_Reg,0.1219858372203422,500
CMSS_Reg,0.1027894388082834,500
XGBoost_Target_Only,0.1418742504072556,100
KRR_Target_Only,30.265087519976472,100
NN_Target_Only,18.12840596891788,100
XGBoost_Pool,0.1002554182097336,100
KRR_Pool,1.6496468940781157,100
NN_Pool,4.064104512587294,100
XGBoost_TLCQM,0.1106127117833498,100
KRR_TLCQM,1.738834665264045,100
NN_TLCQM,0.1090505361128107,100
XGBoost_Target_Only,0.1069719359863857,200
KRR_Target_Only,20.57730217468833,200
NN_Target_Only,21.66541006818297,200
XGBoost_Pool,0.0992987364173429,200
KRR_Pool,1.6285443939051811,200
NN_Pool,3.534237398771236,200
XGBoost_TLCQM,0.1038724590469491,200
KRR_TLCQM,1.7367660949460266,200
NN_TLCQM,0.1041307240317309,200
XGBoost_Target_Only,0.1047576552707862,300
KRR_Target_Only,14.32250667997982,300
NN_Target_Only,6.22534958690639,300
XGBoost_Pool,0.0992910730905486,300
KRR_Pool,1.622460322327803,300
NN_Pool,3.093555225709206,300
XGBoost_TLCQM,0.1012968307267627,300
KRR_TLCQM,1.7359495413641894,300
NN_TLCQM,0.1051847065168897,300
XGBoost_Target_Only,0.100768208723205,500
KRR_Target_Only,9.256629524063642,500
NN_Target_Only,0.7932059655947226,500
XGBoost_Pool,0.0991687618263575,500
KRR_Pool,1.563330720976179,500
NN_Pool,3.4235010895132727,500
XGBoost_TLCQM,0.0977070608340495,500
KRR_TLCQM,1.6648323790510648,500
NN_TLCQM,0.1008881303005007,500
TKRR,1.9533489982268768,100
CDAR,6.289567903181061,100
DARC,31.664549759613838,100
VNCD_MDD,0.1564552669886237,100
M3SDA_Reg,0.1100311569171212,100
CMSS_Reg,0.1207031372450382,100
TKRR,1.890474891965841,200
CDAR,6.282105808848471,200
DARC,28.31943698675193,200
VNCD_MDD,0.1582453705921466,200
M3SDA_Reg,0.1111501209043513,200
CMSS_Reg,0.1171809333917772,200
TKRR,1.885031102934349,300
CDAR,6.284766157250528,300
DARC,28.93598177603532,300
VNCD_MDD,0.1487747538906694,300
M3SDA_Reg,0.1195659072294937,300
CMSS_Reg,0.1133544742226766,300
TKRR,1.8645225349076149,500
CDAR,6.319561904997498,500
DARC,29.42760977170513,500
VNCD_MDD,0.1380680481375789,500
M3SDA_Reg,0.1210210343395223,500
CMSS_Reg,0.1099705954901253,500
XGBoost_Target_Only,0.1173794925232081,100
KRR_Target_Only,28.761965409168265,100
NN_Target_Only,22.45258805552316,100
XGBoost_Pool,0.1008142861037965,100
KRR_Pool,1.629698710815084,100
NN_Pool,5.660463265549673,100
XGBoost_TLCQM,0.1073146086309519,100
KRR_TLCQM,1.730038683975195,100
NN_TLCQM,0.1094170438961406,100
XGBoost_Target_Only,0.1045934263428085,200
KRR_Target_Only,17.923859513049372,200
NN_Target_Only,22.424450993195183,200
XGBoost_Pool,0.0997247877628521,200
KRR_Pool,1.552520117393132,200
NN_Pool,3.2476446238297525,200
XGBoost_TLCQM,0.1043480288188335,200
KRR_TLCQM,1.6355272324030925,200
NN_TLCQM,0.1229770657413309,200
XGBoost_Target_Only,0.1031754496064816,300
KRR_Target_Only,13.947416489319822,300
NN_Target_Only,6.251566563066207,300
XGBoost_Pool,0.0983796304701583,300
KRR_Pool,1.5434881147924673,300
NN_Pool,3.769740234843867,300
XGBoost_TLCQM,0.1054516776612198,300
KRR_TLCQM,1.635771454301097,300
NN_TLCQM,0.1438437501198417,300
XGBoost_Target_Only,0.096046345656093,500
KRR_Target_Only,8.577948226337542,500
NN_Target_Only,0.1658107324619115,500
XGBoost_Pool,0.0958893961629677,500
KRR_Pool,1.5240041865076157,500
NN_Pool,3.500240614874232,500
XGBoost_TLCQM,0.1014528340131677,500
KRR_TLCQM,1.612381993516185,500
NN_TLCQM,0.1157138317573286,500
TKRR,1.8960588942932863,100
CDAR,5.134459532248011,100
DARC,31.23942444746576,100
VNCD_MDD,0.1260990929405195,100
M3SDA_Reg,0.1139736463283503,100
CMSS_Reg,0.1115706683090938,100
TKRR,1.9372738752548904,200
CDAR,6.3379963362618845,200
DARC,36.20321922187996,200
VNCD_MDD,0.170957430083636,200
M3SDA_Reg,0.1180123355264149,200
CMSS_Reg,0.1056729862083772,200
TKRR,1.8393713207218785,300
CDAR,6.327959979826636,300
DARC,36.57039360560238,300
VNCD_MDD,0.1612586622015955,300
M3SDA_Reg,0.120150251729507,300
CMSS_Reg,0.1034408286953524,300
TKRR,1.8218642843983004,500
CDAR,6.361109307230396,500
DARC,36.15056703643218,500
VNCD_MDD,0.1377875618136527,500
M3SDA_Reg,0.1128243926479663,500
CMSS_Reg,0.0974002955912051,500
XGBoost_Target_Only,0.1189818508203777,100
KRR_Target_Only,28.03943548927664,100
NN_Target_Only,16.953187306657025,100
XGBoost_Pool,0.1002447815192249,100
KRR_Pool,1.6506655519048383,100
NN_Pool,5.640794825184045,100
XGBoost_TLCQM,0.1124273589409337,100
KRR_TLCQM,1.7862444149545145,100
NN_TLCQM,0.1324192201469669,100
XGBoost_Target_Only,0.105980346556398,200
KRR_Target_Only,19.81770749381149,200
NN_Target_Only,21.03579602647967,200
XGBoost_Pool,0.0990654635388605,200
KRR_Pool,1.6380039912227091,200
NN_Pool,3.363037543145836,200
XGBoost_TLCQM,0.1026970216197362,200
KRR_TLCQM,1.7311982061644051,200
NN_TLCQM,0.1077048071364956,200
XGBoost_Target_Only,0.1019908727272037,300
KRR_Target_Only,14.426076581087631,300
NN_Target_Only,1.2891985185148789,300
XGBoost_Pool,0.0979828070132948,300
KRR_Pool,1.587228228072472,300
NN_Pool,6.400226007245021,300
XGBoost_TLCQM,0.1022934928621725,300
KRR_TLCQM,1.6908835732857317,300
NN_TLCQM,0.375468589853217,300
XGBoost_Target_Only,0.0913197556355592,500
KRR_Target_Only,9.153905928630946,500
NN_Target_Only,0.3802729697411899,500
XGBoost_Pool,0.0954397824466002,500
KRR_Pool,1.4951384321902652,500
NN_Pool,4.187191051676396,500
XGBoost_TLCQM,0.1011212605201672,500
KRR_TLCQM,1.573790726857881,500
NN_TLCQM,0.1084279523122409,500
TKRR,1.897275753976794,100
CDAR,7.038450754038703,100
DARC,24.34159398103096,100
VNCD_MDD,0.1774067117277008,100
M3SDA_Reg,0.121117588933073,100
CMSS_Reg,0.1140973545273956,100
TKRR,1.8971816903802623,200
CDAR,5.685495304391127,200
DARC,31.146224194099805,200
VNCD_MDD,0.1391537993932751,200
M3SDA_Reg,0.1210988414834775,200
CMSS_Reg,0.112902568854354,200
TKRR,1.892895509309746,300
CDAR,5.644255548056387,300
DARC,31.397967170172453,300
VNCD_MDD,0.1330797540839442,300
M3SDA_Reg,0.1165739617316817,300
CMSS_Reg,0.1092789539760766,300
TKRR,1.7812988981614055,500
CDAR,5.685631720604512,500
DARC,31.046555264345336,500
VNCD_MDD,0.1264894595248028,500
M3SDA_Reg,0.1227094460675029,500
CMSS_Reg,0.1070855401129163,500
XGBoost_Target_Only,0.109825045035119,100
KRR_Target_Only,30.114096077250487,100
NN_Target_Only,23.435782387188446,100
XGBoost_Pool,0.0989114658885017,100
KRR_Pool,1.5745307289115409,100
NN_Pool,5.331704792132172,100
XGBoost_TLCQM,0.1059984024199524,100
KRR_TLCQM,1.6806674102957604,100
NN_TLCQM,0.1444008059656055,100
XGBoost_Target_Only,0.0999901780835936,200
KRR_Target_Only,20.311412171342656,200
NN_Target_Only,21.803150162663265,200
XGBoost_Pool,0.1001646376802666,200
KRR_Pool,1.5405380279156775,200
NN_Pool,4.821064305728314,200
XGBoost_TLCQM,0.1034024587882144,200
KRR_TLCQM,1.620316283572978,200
NN_TLCQM,0.1037087259576569,200
XGBoost_Target_Only,0.0992193517049321,300
KRR_Target_Only,14.793255959856314,300
NN_Target_Only,6.443081658622794,300
XGBoost_Pool,0.098564448387146,300
KRR_Pool,1.5255034456827583,300
NN_Pool,5.730914921569733,300
XGBoost_TLCQM,0.1078284535028736,300
KRR_TLCQM,1.594991958468437,300
NN_TLCQM,0.1086060879170321,300
XGBoost_Target_Only,0.0944082553539037,500
KRR_Target_Only,8.66983507628495,500
NN_Target_Only,0.1971200459255119,500
XGBoost_Pool,0.0967363785434092,500
KRR_Pool,1.448744783521518,500
NN_Pool,2.881035897834856,500
XGBoost_TLCQM,0.1003567799351901,500
KRR_TLCQM,1.5249785243891647,500
NN_TLCQM,0.1177000425234648,500
TKRR,2.057071313752109,100
CDAR,5.814789597200711,100
DARC,27.973256932976625,100
VNCD_MDD,0.1607704458771323,100
M3SDA_Reg,0.1134390294572572,100
CMSS_Reg,0.1076701565551749,100
TKRR,1.9652850914997224,200
CDAR,6.362210460137984,200
DARC,32.10292545158744,200
VNCD_MDD,0.137225214363225,200
M3SDA_Reg,0.1125619668274687,200
CMSS_Reg,0.1131702604915323,200
TKRR,1.8641580969764395,300
CDAR,6.388303713375767,300
DARC,31.94109354273124,300
VNCD_MDD,0.1349275620589162,300
M3SDA_Reg,0.1134258516598026,300
CMSS_Reg,0.1092192983489448,300
TKRR,1.7639118888854433,500
CDAR,6.361908224091575,500
DARC,32.332964005341005,500
VNCD_MDD,0.1293705570542801,500
M3SDA_Reg,0.1200007332588746,500
CMSS_Reg,0.1013359695559261,500
XGBoost_Target_Only,0.1147756829230671,100
KRR_Target_Only,30.511865223018667,100
NN_Target_Only,23.27453505444702,100
XGBoost_Pool,0.1013929000652131,100
KRR_Pool,1.6180165707662424,100
NN_Pool,3.2427180514816847,100
XGBoost_TLCQM,0.1005376235127174,100
KRR_TLCQM,1.7433904047714577,100
NN_TLCQM,0.1586398090498541,100
XGBoost_Target_Only,0.1151893489300116,200
KRR_Target_Only,19.57931236748946,200
NN_Target_Only,22.111984796342483,200
XGBoost_Pool,0.1000033295582225,200
KRR_Pool,1.5634900410892962,200
NN_Pool,3.471708131926687,200
XGBoost_TLCQM,0.1149299279301954,200
KRR_TLCQM,1.6718608498044387,200
NN_TLCQM,0.1180401790901984,200
XGBoost_Target_Only,0.1124160443003274,300
KRR_Target_Only,14.582163537926798,300
NN_Target_Only,6.287087320009759,300
XGBoost_Pool,0.0968080025311531,300
KRR_Pool,1.5400811280657436,300
NN_Pool,6.051984698097543,300
XGBoost_TLCQM,0.0984482326075468,300
KRR_TLCQM,1.6365245442768397,300
NN_TLCQM,0.1008024118970913,300
XGBoost_Target_Only,0.0942886657285938,500
KRR_Target_Only,9.013371475436974,500
NN_Target_Only,0.1987108221874716,500
XGBoost_Pool,0.0964597129376102,500
KRR_Pool,1.456326470785688,500
NN_Pool,3.3677954967498622,500
XGBoost_TLCQM,0.1019121320774926,500
KRR_TLCQM,1.5491244377231872,500
NN_TLCQM,0.1056863544206318,500
TKRR,1.8911301315515625,100
CDAR,6.031087755279684,100
DARC,27.30555254765298,100
VNCD_MDD,0.1629471710394266,100
M3SDA_Reg,0.114073558967618,100
CMSS_Reg,0.1238414191150785,100
TKRR,1.8668611714421544,200
CDAR,5.807193901793257,200
DARC,35.35086934497949,200
VNCD_MDD,0.1364423916027785,200
M3SDA_Reg,0.115741096462572,200
CMSS_Reg,0.1149418809971681,200
TKRR,1.843961791913371,300
CDAR,5.825023494282877,300
DARC,39.353257178345785,300
VNCD_MDD,0.134113576204711,300
M3SDA_Reg,0.1163837292858835,300
CMSS_Reg,0.1115926004210327,300
TKRR,1.7987442546977874,500
CDAR,5.797928573174088,500
DARC,36.61096449865228,500
VNCD_MDD,0.1383405389122961,500
M3SDA_Reg,0.1169491989572329,500
CMSS_Reg,0.1082881679606577,500
XGBoost_Target_Only,0.1138946000370823,100
KRR_Target_Only,28.03899356050035,100
NN_Target_Only,20.17250728512349,100
XGBoost_Pool,0.1033651978627654,100
KRR_Pool,1.636896982723018,100
NN_Pool,5.385787503784037,100
XGBoost_TLCQM,0.1094938999800582,100
KRR_TLCQM,1.768213618092337,100
NN_TLCQM,0.2161020169928463,100
XGBoost_Target_Only,0.1041800219734018,200
KRR_Target_Only,18.58623434749533,200
NN_Target_Only,21.16612825795097,200
XGBoost_Pool,0.0988147121094684,200
KRR_Pool,1.635166094420876,200
NN_Pool,3.531630732975593,200
XGBoost_TLCQM,0.1047673331859811,200
KRR_TLCQM,1.7606675229737276,200
NN_TLCQM,0.1278855009251653,200
XGBoost_Target_Only,0.0951232187614488,300
KRR_Target_Only,13.857122381586723,300
NN_Target_Only,6.286276623147312,300
XGBoost_Pool,0.0987223900122704,300
KRR_Pool,1.527311761335287,300
NN_Pool,3.0681201497830037,300
XGBoost_TLCQM,0.1002314305469266,300
KRR_TLCQM,1.6327441962000726,300
NN_TLCQM,0.1643618139721105,300
XGBoost_Target_Only,0.0948759676334822,500
KRR_Target_Only,8.991683576065794,500
NN_Target_Only,0.1632804705381298,500
XGBoost_Pool,0.0959395551493412,500
KRR_Pool,1.514302937308127,500
NN_Pool,2.9412235167626064,500
XGBoost_TLCQM,0.1023127834752444,500
KRR_TLCQM,1.6301177971307463,500
NN_TLCQM,0.1078777038397596,500
TKRR,1.900507022568724,100
CDAR,6.022145826351426,100
DARC,28.340802878048304,100
VNCD_MDD,0.1670861172147238,100
M3SDA_Reg,0.1157441095567731,100
CMSS_Reg,0.1202869506396533,100
TKRR,1.9277645826987817,200
CDAR,5.854770499298518,200
DARC,35.47707120540361,200
VNCD_MDD,0.1506752594014407,200
M3SDA_Reg,0.1253965927517783,200
CMSS_Reg,0.1189452300593944,200
TKRR,1.8576288671287944,300
CDAR,5.8244633092478,300
DARC,35.95514649191748,300
VNCD_MDD,0.139924155769329,300
M3SDA_Reg,0.1513060925698105,300
CMSS_Reg,0.1110959298457839,300
TKRR,1.8615788728621707,500
CDAR,5.815748621536929,500
DARC,35.98380221201408,500
VNCD_MDD,0.1338808037237001,500
M3SDA_Reg,0.1254900558902147,500
CMSS_Reg,0.1065065567437938,500
XGBoost_Target_Only,0.1095080776491347,100
KRR_Target_Only,28.479840868891053,100
NN_Target_Only,20.697862509236185,100
XGBoost_Pool,0.1023062358341187,100
KRR_Pool,1.6395988950467972,100
NN_Pool,5.326651851036282,100
XGBoost_TLCQM,0.1132284498182448,100
KRR_TLCQM,1.7475403828788303,100
NN_TLCQM,0.1265805669016239,100
XGBoost_Target_Only,0.1094686284212479,200
KRR_Target_Only,19.45338379311797,200
NN_Target_Only,22.26502371427966,200
XGBoost_Pool,0.0978788204230783,200
KRR_Pool,1.636528826441929,200
NN_Pool,4.991486462361911,200
XGBoost_TLCQM,0.1000484872924187,200
KRR_TLCQM,1.7518605085847692,200
NN_TLCQM,0.1296189700911602,200
XGBoost_Target_Only,0.1034142271254596,300
KRR_Target_Only,14.200749942131583,300
NN_Target_Only,6.291322744540319,300
XGBoost_Pool,0.0977101513514696,300
KRR_Pool,1.6331411734570598,300
NN_Pool,3.4147929242334296,300
XGBoost_TLCQM,0.0994844507464995,300
KRR_TLCQM,1.7627948691282969,300
NN_TLCQM,0.099760664262981,300
XGBoost_Target_Only,0.0949319975975903,500
KRR_Target_Only,9.104725385383306,500
NN_Target_Only,0.302144081522697,500
XGBoost_Pool,0.0940456463728348,500
KRR_Pool,1.58112617921705,500
NN_Pool,4.216643769967798,500
XGBoost_TLCQM,0.1066077616204407,500
KRR_TLCQM,1.7014364868109155,500
NN_TLCQM,0.1071775970652882,500
TKRR,1.900418184925258,100
CDAR,6.377460669315585,100
DARC,25.849696802275343,100
VNCD_MDD,0.1523625441452254,100
M3SDA_Reg,0.1094932077322039,100
CMSS_Reg,0.1168791242175173,100
TKRR,1.8933067831016968,200
CDAR,5.99202672343208,200
DARC,33.36692070182735,200
VNCD_MDD,0.1484938038788277,200
M3SDA_Reg,0.1121833042166263,200
CMSS_Reg,0.1110742489273539,200
TKRR,1.9126911881274504,300
CDAR,6.021386859511685,300
DARC,34.57933090670235,300
VNCD_MDD,0.14396031192269,300
M3SDA_Reg,0.1156180266574916,300
CMSS_Reg,0.1038253691130505,300
TKRR,1.8341818865598083,500
CDAR,6.0752670151829,500
DARC,35.1747259603458,500
VNCD_MDD,0.1238145927076782,500
M3SDA_Reg,0.1132809987979937,500
CMSS_Reg,0.1006914330965679,500
XGBoost_Target_Only,0.1057733691523661,100
KRR_Target_Only,30.274861189311025,100
NN_Target_Only,21.62440143035529,100
XGBoost_Pool,0.0996459938360133,100
KRR_Pool,1.579310294056863,100
NN_Pool,5.634027280739077,100
XGBoost_TLCQM,0.1185477868655094,100
KRR_TLCQM,1.6773021950194649,100
NN_TLCQM,0.1846924189671286,100
XGBoost_Target_Only,0.0982778374787311,200
KRR_Target_Only,20.29531747481466,200
NN_Target_Only,20.90637481201913,200
XGBoost_Pool,0.0985824308974428,200
KRR_Pool,1.5814024934593602,200
NN_Pool,3.243636986341928,200
XGBoost_TLCQM,0.1077796348595118,200
KRR_TLCQM,1.6926423293686237,200
NN_TLCQM,0.111680665126226,200
XGBoost_Target_Only,0.0991041626256553,300
KRR_Target_Only,14.879479151494374,300
NN_Target_Only,0.502454625222091,300
XGBoost_Pool,0.0959417324527819,300
KRR_Pool,1.570639872861907,300
NN_Pool,3.2333986814766056,300
XGBoost_TLCQM,0.10801341357872,300
KRR_TLCQM,1.6815764450918151,300
NN_TLCQM,0.112401679400639,300
XGBoost_Target_Only,0.0963353402617418,500
KRR_Target_Only,9.930824032688276,500
NN_Target_Only,0.1865388370773016,500
XGBoost_Pool,0.0959015499867088,500
KRR_Pool,1.5532959291626542,500
NN_Pool,4.195401471736769,500
XGBoost_TLCQM,0.1036739177118106,500
KRR_TLCQM,1.664637819183583,500
NN_TLCQM,0.1712793272963963,500
TKRR,2.0889191652752834,100
CDAR,5.291209984637449,100
DARC,23.7024761777774,100
VNCD_MDD,0.1618592758314179,100
M3SDA_Reg,0.1098755381215989,100
CMSS_Reg,0.110868725066273,100
TKRR,1.8601962995165595,200
CDAR,5.442657043774887,200
DARC,36.84695661935436,200
VNCD_MDD,0.1444148062418337,200
M3SDA_Reg,0.1141705000524988,200
CMSS_Reg,0.1096800915636448,200
TKRR,1.8611247371031976,300
CDAR,5.519302565929396,300
DARC,37.394937699190834,300
VNCD_MDD,0.1459013344510473,300
M3SDA_Reg,0.1121359678533443,300
CMSS_Reg,0.1078648729069898,300
TKRR,1.952118969569,500
CDAR,5.584664620942631,500
DARC,36.66145621628222,500
VNCD_MDD,0.1302073171006082,500
M3SDA_Reg,0.1162169831607059,500
CMSS_Reg,0.1070453606468057,500
XGBoost_Target_Only,0.1101950562229601,100
KRR_Target_Only,28.75446280601157,100
NN_Target_Only,18.35558618535592,100
XGBoost_Pool,0.1006147706794973,100
KRR_Pool,1.6015074501896107,100
NN_Pool,5.865569460861416,100
XGBoost_TLCQM,0.1155216267172877,100
KRR_TLCQM,1.7491069683391485,100
NN_TLCQM,0.1523824229092432,100
XGBoost_Target_Only,0.105815229777865,200
KRR_Target_Only,19.18628839608768,200
NN_Target_Only,20.93921819629991,200
XGBoost_Pool,0.1002989929733999,200
KRR_Pool,1.5924854885967965,200
NN_Pool,3.3391453543245078,200
XGBoost_TLCQM,0.1089339024443471,200
KRR_TLCQM,1.677405025906452,200
NN_TLCQM,0.1091602680323909,200
XGBoost_Target_Only,0.1052950921345718,300
KRR_Target_Only,13.93650582429432,300
NN_Target_Only,8.200505584626274,300
XGBoost_Pool,0.098601393498045,300
KRR_Pool,1.5238606349016903,300
NN_Pool,3.517471767626172,300
XGBoost_TLCQM,0.1112855383488576,300
KRR_TLCQM,1.620592176577181,300
NN_TLCQM,0.1120253280755263,300
XGBoost_Target_Only,0.0954672376309756,500
KRR_Target_Only,9.558698831309773,500
NN_Target_Only,0.4925973805026223,500
XGBoost_Pool,0.0976388253825239,500
KRR_Pool,1.5078763792561791,500
NN_Pool,4.661768647203226,500
XGBoost_TLCQM,0.1003720603007433,500
KRR_TLCQM,1.608832811701424,500
NN_TLCQM,0.5322580780412911,500
TKRR,2.0076798583854343,100
CDAR,5.752143220132628,100
DARC,28.53153271471996,100
VNCD_MDD,0.1609867582287827,100
M3SDA_Reg,0.1173350238955339,100
CMSS_Reg,0.1088197171500926,100
TKRR,1.849015152310482,200
CDAR,5.692933255554076,200
DARC,27.964913554843672,200
VNCD_MDD,0.1516022142639387,200
M3SDA_Reg,0.1188859716974122,200
CMSS_Reg,0.1095728890466177,200
TKRR,1.832532006657287,300
CDAR,5.659625124064879,300
DARC,28.093571949415324,300
VNCD_MDD,0.1372363988497515,300
M3SDA_Reg,0.117715636122226,300
CMSS_Reg,0.1054024767183838,300
TKRR,1.8404174266076967,500
CDAR,5.769331043066839,500
DARC,27.935241403139912,500
VNCD_MDD,0.1370476011890969,500
M3SDA_Reg,0.1234414495859296,500
CMSS_Reg,0.100589407868173,500
XGBoost_Target_Only,0.1048763078207047,100
KRR_Target_Only,31.172730452515307,100
NN_Target_Only,20.46361065151039,100
XGBoost_Pool,0.1014473002299995,100
KRR_Pool,1.6274719693603572,100
NN_Pool,5.401756460415362,100
XGBoost_TLCQM,0.1026123293246816,100
KRR_TLCQM,1.7486243551454246,100
NN_TLCQM,0.1041285684498978,100
XGBoost_Target_Only,0.1001390720562007,200
KRR_Target_Only,19.24555529775225,200
NN_Target_Only,22.06488187161076,200
XGBoost_Pool,0.0992767478247252,200
KRR_Pool,1.60541567342179,200
NN_Pool,3.4179583414051096,200
XGBoost_TLCQM,0.1063089856690916,200
KRR_TLCQM,1.711166834169736,200
NN_TLCQM,0.1215162927602663,200
XGBoost_Target_Only,0.1008817751399261,300
KRR_Target_Only,14.013373037600688,300
NN_Target_Only,1.5786445674293728,300
XGBoost_Pool,0.0981854656548865,300
KRR_Pool,1.6105338245346923,300
NN_Pool,5.986532511372766,300
XGBoost_TLCQM,0.1069769250678568,300
KRR_TLCQM,1.7212443975592226,300
NN_TLCQM,0.2780424153074474,300
XGBoost_Target_Only,0.0952627987305335,500
KRR_Target_Only,8.95795032582577,500
NN_Target_Only,0.212824703316813,500
XGBoost_Pool,0.096022966793409,500
KRR_Pool,1.5879591078887334,500
NN_Pool,2.988872472062527,500
XGBoost_TLCQM,0.1063984683990416,500
KRR_TLCQM,1.6876635405386535,500
NN_TLCQM,0.1150630499883237,500
TKRR,1.95392797415286,100
CDAR,5.956486555502448,100
DARC,24.90422599539368,100
VNCD_MDD,0.1463094286217402,100
M3SDA_Reg,0.1182756574384053,100
CMSS_Reg,0.1107428200753362,100
TKRR,1.9671494640222384,200
CDAR,5.793040208941324,200
DARC,40.70144699791469,200
VNCD_MDD,0.1469317461886048,200
M3SDA_Reg,0.1133186043307904,200
CMSS_Reg,0.1069394074478601,200
TKRR,1.890126791384287,300
CDAR,5.899498923043391,300
DARC,40.58283099792457,300
VNCD_MDD,0.140405715905008,300
M3SDA_Reg,0.1140947345287266,300
CMSS_Reg,0.1057631093180654,300
TKRR,1.8646907686861875,500
CDAR,5.943327756960299,500
DARC,40.67708240016622,500
VNCD_MDD,0.1233244172048271,500
M3SDA_Reg,0.1205727726444807,500
CMSS_Reg,0.1027213831809263,500
XGBoost_Target_Only,0.1222988160781293,100
KRR_Target_Only,29.22052743508996,100
NN_Target_Only,17.444533784390096,100
XGBoost_Pool,0.1028892103431557,100
KRR_Pool,1.60584039255212,100
NN_Pool,6.138195987092568,100
XGBoost_TLCQM,0.1220186962630458,100
KRR_TLCQM,1.6712404177328637,100
NN_TLCQM,0.5487279304741064,100
XGBoost_Target_Only,0.1078692427793656,200
KRR_Target_Only,20.43028437160488,200
NN_Target_Only,20.99048312825161,200
XGBoost_Pool,0.1006502600419405,200
KRR_Pool,1.553500465701125,200
NN_Pool,4.291482572226913,200
XGBoost_TLCQM,0.111260954350522,200
KRR_TLCQM,1.6277342494934413,200
NN_TLCQM,0.1362635801036754,200
XGBoost_Target_Only,0.1021309856099342,300
KRR_Target_Only,13.793602386092648,300
NN_Target_Only,0.1504970986841559,300
XGBoost_Pool,0.0984137083443199,300
KRR_Pool,1.5503125812125491,300
NN_Pool,2.8899111707237,300
XGBoost_TLCQM,0.1099814673486557,300
KRR_TLCQM,1.6363477107917022,300
NN_TLCQM,0.1157096228889085,300
XGBoost_Target_Only,0.0962160241552467,500
KRR_Target_Only,9.01477404535231,500
NN_Target_Only,1.1608186195893475,500
XGBoost_Pool,0.0955454605821615,500
KRR_Pool,1.5061523285168523,500
NN_Pool,3.327403922123395,500
XGBoost_TLCQM,0.1050032680772816,500
KRR_TLCQM,1.5942688358144783,500
NN_TLCQM,0.1125743992181373,500
TKRR,1.882216122980894,100
CDAR,5.6022274580806855,100
DARC,40.74633728893868,100
VNCD_MDD,0.1947217739046687,100
M3SDA_Reg,0.1136760148238065,100
CMSS_Reg,0.1112586789465551,100
TKRR,1.8382515886096629,200
CDAR,5.585018679363163,200
DARC,38.16713789613587,200
VNCD_MDD,0.1532404106352675,200
M3SDA_Reg,0.1136674927962383,200
CMSS_Reg,0.1073684936701015,200
TKRR,1.891111811329213,300
CDAR,5.676437666703843,300
DARC,38.61364559673907,300
VNCD_MDD,0.1457275792631024,300
M3SDA_Reg,0.1150630325425255,300
CMSS_Reg,0.1127682785635666,300
TKRR,1.8340451269832176,500
CDAR,5.7991315131624,500
DARC,38.639297609189335,500
VNCD_MDD,0.1550664951218947,500
M3SDA_Reg,0.1152836978915371,500
CMSS_Reg,0.1051528200879218,500
XGBoost_Target_Only,0.1220405815874641,100
KRR_Target_Only,29.641756428314093,100
NN_Target_Only,20.75100919102377,100
XGBoost_Pool,0.1042718825400964,100
KRR_Pool,1.6369384713242945,100
NN_Pool,6.237581497835795,100
XGBoost_TLCQM,0.1435361887508465,100
KRR_TLCQM,1.8407264087943944,100
NN_TLCQM,0.1370680852384262,100
XGBoost_Target_Only,0.1147149850488884,200
KRR_Target_Only,18.82952197290373,200
NN_Target_Only,22.858013988760373,200
XGBoost_Pool,0.0999424565625337,200
KRR_Pool,1.5535498164155714,200
NN_Pool,3.0255498652693555,200
XGBoost_TLCQM,0.1061012179092007,200
KRR_TLCQM,1.6569061240330276,200
NN_TLCQM,0.1074637967436192,200
XGBoost_Target_Only,0.1126433646412425,300
KRR_Target_Only,13.439753489751867,300
NN_Target_Only,0.2324507517457224,300
XGBoost_Pool,0.0998918816963542,300
KRR_Pool,1.5559190364865998,300
NN_Pool,3.377192720581,300
XGBoost_TLCQM,0.1020237466877603,300
KRR_TLCQM,1.6392362667236908,300
NN_TLCQM,0.1202602792957582,300
XGBoost_Target_Only,0.094283366604204,500
KRR_Target_Only,8.820383519550905,500
NN_Target_Only,0.2507849861804945,500
XGBoost_Pool,0.0949604597350772,500
KRR_Pool,1.4810339367312058,500
NN_Pool,3.4866265917168757,500
XGBoost_TLCQM,0.1019343428283693,500
KRR_TLCQM,1.5368079910241788,500
NN_TLCQM,0.1064886308602845,500
TKRR,1.8892464172456824,100
CDAR,4.534973974704735,100
DARC,28.61248660797823,100
VNCD_MDD,0.1682084351873405,100
M3SDA_Reg,0.1246211087168868,100
CMSS_Reg,0.12517329669546,100
TKRR,1.8230072756279336,200
CDAR,55.58990052955823,200
DARC,28.64247361704933,200
VNCD_MDD,0.1522628204669362,200
M3SDA_Reg,0.1269675428938221,200
CMSS_Reg,0.1181912676482053,200
TKRR,1.8272397724812808,300
CDAR,55.5949243263492,300
DARC,29.124907442367466,300
VNCD_MDD,0.1455985847895534,300
M3SDA_Reg,0.1294812969773181,300
CMSS_Reg,0.1129665914360021,300
TKRR,1.7626262251658078,500
CDAR,55.56833671058785,500
DARC,28.85787753036144,500
VNCD_MDD,0.1297795437809868,500
M3SDA_Reg,0.123063243698943,500
CMSS_Reg,0.1024190263166186,500
XGBoost_Target_Only,0.1219962242439701,100
KRR_Target_Only,29.140849774883115,100
NN_Target_Only,23.96210741365212,100
XGBoost_Pool,0.1000625906231436,100
KRR_Pool,1.612892336974868,100
NN_Pool,5.247255730303658,100
XGBoost_TLCQM,0.1053542622477478,100
KRR_TLCQM,1.7076612604805823,100
NN_TLCQM,0.1196310507686552,100
XGBoost_Target_Only,0.1023981779666769,200
KRR_Target_Only,18.73836306442707,200
NN_Target_Only,23.259802330602216,200
XGBoost_Pool,0.1006676101932943,200
KRR_Pool,1.6101040272607174,200
NN_Pool,3.4091404034674877,200
XGBoost_TLCQM,0.1095852650272179,200
KRR_TLCQM,1.718721891235852,200
NN_TLCQM,0.1601381339690723,200
XGBoost_Target_Only,0.104116979735629,300
KRR_Target_Only,14.588009477327676,300
NN_Target_Only,6.158425834289236,300
XGBoost_Pool,0.0998675146804901,300
KRR_Pool,1.5473643987894683,300
NN_Pool,4.356944629328454,300
XGBoost_TLCQM,0.0995820250277724,300
KRR_TLCQM,1.6510459413547884,300
NN_TLCQM,0.1066005335054995,300
XGBoost_Target_Only,0.0912567036371091,500
KRR_Target_Only,8.969765756709943,500
NN_Target_Only,0.3630428183886226,500
XGBoost_Pool,0.0959291632380782,500
KRR_Pool,1.452401613790537,500
NN_Pool,3.2215943374056657,500
XGBoost_TLCQM,0.0967934662129904,500
KRR_TLCQM,1.5324350948439702,500
NN_TLCQM,0.1107030310880308,500
TKRR,1.8711466760128812,100
CDAR,5.84017493603291,100
DARC,32.427368671264205,100
VNCD_MDD,0.1428603132547478,100
M3SDA_Reg,0.1091227496669069,100
CMSS_Reg,0.1159546978484435,100
TKRR,1.9377210369121023,200
CDAR,5.106553233609337,200
DARC,32.151159543221006,200
VNCD_MDD,0.137353472120781,200
M3SDA_Reg,0.1113852729873703,200
CMSS_Reg,0.1217635625254,200
TKRR,1.852249026953572,300
CDAR,5.075197177363932,300
DARC,32.70275561341752,300
VNCD_MDD,0.1357385211013235,300
M3SDA_Reg,0.1199318569971435,300
CMSS_Reg,0.1152995221524977,300
TKRR,1.7527408705368637,500
CDAR,5.066148159752989,500
DARC,33.00799869726504,500
VNCD_MDD,0.1299837184054162,500
M3SDA_Reg,0.1159945422254881,500
CMSS_Reg,0.1036730105496009,500
XGBoost_Target_Only,0.1206806674989816,100
KRR_Target_Only,31.038197585259237,100
NN_Target_Only,21.53427188835852,100
XGBoost_Pool,0.1036689048189029,100
KRR_Pool,1.632529940509058,100
NN_Pool,5.4851211734355125,100
XGBoost_TLCQM,0.1014078628041895,100
KRR_TLCQM,1.7520580708365103,100
NN_TLCQM,0.1208375890103275,100
XGBoost_Target_Only,0.1139876269723944,200
KRR_Target_Only,19.37150519034373,200
NN_Target_Only,22.197004174297163,200
XGBoost_Pool,0.1026234245235754,200
KRR_Pool,1.5530171280144962,200
NN_Pool,3.174615474081114,200
XGBoost_TLCQM,0.1029371240795566,200
KRR_TLCQM,1.6634961099028025,200
NN_TLCQM,0.1067639977540589,200
XGBoost_Target_Only,0.1138967633223765,300
KRR_Target_Only,14.29560827949811,300
NN_Target_Only,15.235183954075438,300
XGBoost_Pool,0.1005659498427402,300
KRR_Pool,1.4854977733313353,300
NN_Pool,3.3017883416446274,300
XGBoost_TLCQM,0.1031785640187486,300
KRR_TLCQM,1.587258008269386,300
NN_TLCQM,0.1115222977352043,300
XGBoost_Target_Only,0.0979177265715961,500
KRR_Target_Only,9.505029539799803,500
NN_Target_Only,6.37517530165501,500
XGBoost_Pool,0.0961760363173586,500
KRR_Pool,1.3966727772887102,500
NN_Pool,3.3878818548702365,500
XGBoost_TLCQM,0.1082636917898073,500
KRR_TLCQM,1.4715516124378043,500
NN_TLCQM,0.1110345459578508,500
TKRR,1.8902669515480897,100
CDAR,6.005325748163131,100
DARC,37.11042992974018,100
VNCD_MDD,0.1819631718310404,100
M3SDA_Reg,0.1307638402736882,100
CMSS_Reg,0.1254696334632655,100
TKRR,1.841346919120043,200
CDAR,4.903236333956252,200
DARC,25.06915054546708,200
VNCD_MDD,0.1767231636059242,200
M3SDA_Reg,0.1190142735149165,200
CMSS_Reg,0.1171153467156621,200
TKRR,1.8264588068342256,300
CDAR,4.947588877061822,300
DARC,25.881576988161054,300
VNCD_MDD,0.174051043743407,300
M3SDA_Reg,0.1223113903032033,300
CMSS_Reg,0.1138870507773103,300
TKRR,1.7461568363597408,500
CDAR,4.937989286058122,500
DARC,24.929324711795537,500
VNCD_MDD,0.1368313484242529,500
M3SDA_Reg,0.1212771621850739,500
CMSS_Reg,0.1067468675095533,500
XGBoost_Target_Only,0.1197169717656589,100
KRR_Target_Only,31.37875260026011,100
NN_Target_Only,23.048047320671664,100
XGBoost_Pool,0.1010173114567474,100
KRR_Pool,1.588859287460866,100
NN_Pool,5.024686431954123,100
XGBoost_TLCQM,0.1064428174387504,100
KRR_TLCQM,1.7004533722426487,100
NN_TLCQM,0.1105592479799526,100
XGBoost_Target_Only,0.1078095382752084,200
KRR_Target_Only,21.75552024935845,200
NN_Target_Only,27.08788078404058,200
XGBoost_Pool,0.0991110867924296,200
KRR_Pool,1.5416077316273258,200
NN_Pool,3.658290949428309,200
XGBoost_TLCQM,0.1009390835762209,200
KRR_TLCQM,1.669137614441206,200
NN_TLCQM,0.1290305761972193,200
XGBoost_Target_Only,0.1091403806628253,300
KRR_Target_Only,15.61171090353146,300
NN_Target_Only,2.7805871921926,300
XGBoost_Pool,0.1001193978205552,300
KRR_Pool,1.529767903019581,300
NN_Pool,5.777131918869577,300
XGBoost_TLCQM,0.1022495582750827,300
KRR_TLCQM,1.6527684479618745,300
NN_TLCQM,0.1446173076646459,300
XGBoost_Target_Only,0.1028517845957716,500
KRR_Target_Only,9.405210153850058,500
NN_Target_Only,6.223136777134278,500
XGBoost_Pool,0.0991764225226721,500
KRR_Pool,1.4976932330718695,500
NN_Pool,4.415952538385811,500
XGBoost_TLCQM,0.1020892784579897,500
KRR_TLCQM,1.6034068287578076,500
NN_TLCQM,0.1024636998453661,500
TKRR,1.903663090213762,100
CDAR,5.8933403108433,100
DARC,30.396040951706063,100
VNCD_MDD,0.1772594757553351,100
M3SDA_Reg,0.1248209048534487,100
CMSS_Reg,0.1188492155849539,100
TKRR,1.843675141516463,200
CDAR,6.36787891999801,200
DARC,39.90832984871835,200
VNCD_MDD,0.1711301303641295,200
M3SDA_Reg,0.133828487877908,200
CMSS_Reg,0.1134005732346832,200
TKRR,1.9275999899812792,300
CDAR,6.146284491176166,300
DARC,40.47733676260515,300
VNCD_MDD,0.1591527975090859,300
M3SDA_Reg,0.1356511546093246,300
CMSS_Reg,0.1108692630657341,300
TKRR,1.8811284091752156,500
CDAR,6.016963216536041,500
DARC,40.50533872776929,500
VNCD_MDD,0.1530039546217881,500
M3SDA_Reg,0.1404923453832596,500
CMSS_Reg,0.108860297044074,500
XGBoost_Target_Only,0.1097495264585695,100
KRR_Target_Only,29.051016722157662,100
NN_Target_Only,24.45850471264518,100
XGBoost_Pool,0.0991869146208393,100
KRR_Pool,1.5804389504627545,100
NN_Pool,5.518264603317492,100
XGBoost_TLCQM,0.1103239361386093,100
KRR_TLCQM,1.694904135681955,100
NN_TLCQM,0.1208312185056995,100
XGBoost_Target_Only,0.1015423050315156,200
KRR_Target_Only,19.881611170421,200
NN_Target_Only,21.28280639789192,200
XGBoost_Pool,0.0986328078325315,200
KRR_Pool,1.564909669231389,200
NN_Pool,2.538553414893911,200
XGBoost_TLCQM,0.1094075812248725,200
KRR_TLCQM,1.666795166808381,200
NN_TLCQM,0.1381143000902437,200
XGBoost_Target_Only,0.1033720784521884,300
KRR_Target_Only,14.23353084290425,300
NN_Target_Only,6.841251834407926,300
XGBoost_Pool,0.0971066649753687,300
KRR_Pool,1.5111744326147396,300
NN_Pool,5.054998623506832,300
XGBoost_TLCQM,0.1116146980060444,300
KRR_TLCQM,1.6133675503434968,300
NN_TLCQM,0.118552204803355,300
XGBoost_Target_Only,0.0931253042631069,500
KRR_Target_Only,8.95851569893348,500
NN_Target_Only,0.2178350904086992,500
XGBoost_Pool,0.0954021263138826,500
KRR_Pool,1.4542763284903557,500
NN_Pool,3.4098263608243053,500
XGBoost_TLCQM,0.1069999046132936,500
KRR_TLCQM,1.5438608076614329,500
NN_TLCQM,0.1259145243786495,500
TKRR,1.8705808563188304,100
CDAR,5.421335184996644,100
DARC,29.41429317319118,100
VNCD_MDD,0.1931743924451285,100
M3SDA_Reg,0.1254781774385634,100
CMSS_Reg,0.1110753681661628,100
TKRR,1.8590987257686455,200
CDAR,4.995966964207488,200
DARC,32.64280211548494,200
VNCD_MDD,0.1447836125967182,200
M3SDA_Reg,0.1151683999851975,200
CMSS_Reg,0.1128406502118828,200
TKRR,1.7965924418890529,300
CDAR,4.977235146778014,300
DARC,32.72987364611494,300
VNCD_MDD,0.1412592050212865,300
M3SDA_Reg,0.1180480015850549,300
CMSS_Reg,0.1123690936483922,300
TKRR,1.7356858151410062,500
CDAR,4.955249784609256,500
DARC,30.66935901115644,500
VNCD_MDD,0.134285483010893,500
M3SDA_Reg,0.1238510065381083,500
CMSS_Reg,0.1028476072715494,500
XGBoost_Target_Only,0.1156819129466631,100
KRR_Target_Only,31.442532749704533,100
NN_Target_Only,24.36687958772233,100
XGBoost_Pool,0.1024366170711476,100
KRR_Pool,1.5574522165974518,100
NN_Pool,5.23190563708672,100
XGBoost_TLCQM,0.1056917223855529,100
KRR_TLCQM,1.6761355200623782,100
NN_TLCQM,0.134415625264537,100
XGBoost_Target_Only,0.113215838308944,200
KRR_Target_Only,19.27543975230085,200
NN_Target_Only,23.130451150262783,200
XGBoost_Pool,0.100246889677924,200
KRR_Pool,1.5365816686204663,200
NN_Pool,3.725561337810756,200
XGBoost_TLCQM,0.1074100578156321,200
KRR_TLCQM,1.6358290576162604,200
NN_TLCQM,0.1194274870166239,200
XGBoost_Target_Only,0.1093043034342319,300
KRR_Target_Only,14.45670388317857,300
NN_Target_Only,0.2285965002986517,300
XGBoost_Pool,0.0986172388042512,300
KRR_Pool,1.503623857111624,300
NN_Pool,3.923567416136341,300
XGBoost_TLCQM,0.1078401916133249,300
KRR_TLCQM,1.5939607173937076,300
NN_TLCQM,0.1089703789612742,300
XGBoost_Target_Only,0.1046385805758984,500
KRR_Target_Only,9.335678856638197,500
NN_Target_Only,0.1487190383773553,500
XGBoost_Pool,0.0967256058873414,500
KRR_Pool,1.4602283152784872,500
NN_Pool,3.454085056570617,500
XGBoost_TLCQM,0.1017353316042491,500
KRR_TLCQM,1.5396185141961698,500
NN_TLCQM,0.1060367789344602,500
TKRR,1.887520350136367,100
CDAR,5.525198282230444,100
DARC,36.40325146870404,100
VNCD_MDD,0.176341903451008,100
M3SDA_Reg,0.1247982543510281,100
CMSS_Reg,0.1219964538323048,100
TKRR,1.800961700894423,200
CDAR,5.443711218519717,200
DARC,41.866178319398415,200
VNCD_MDD,0.1671027772719459,200
M3SDA_Reg,0.122040872550502,200
CMSS_Reg,0.1171030240063664,200
TKRR,1.8253557462826853,300
CDAR,5.445763820374582,300
DARC,42.330920009781565,300
VNCD_MDD,0.2058087581060897,300
M3SDA_Reg,0.1212490121157755,300
CMSS_Reg,0.1119023307116909,300
TKRR,1.8142251864935712,500
CDAR,5.415784141885596,500
DARC,42.57072498981114,500
VNCD_MDD,0.2068844425685333,500
M3SDA_Reg,0.1205577467124871,500
CMSS_Reg,0.1041620991484039,500
XGBoost_Target_Only,0.1323640915262402,100
KRR_Target_Only,28.53335804324012,100
NN_Target_Only,21.06276694997904,100
XGBoost_Pool,0.1079371852292846,100
KRR_Pool,1.644268432189532,100
NN_Pool,5.447313242163252,100
XGBoost_TLCQM,0.1018592839611489,100
KRR_TLCQM,1.7699101323312287,100
NN_TLCQM,0.128593267062426,100
XGBoost_Target_Only,0.1084016517133704,200
KRR_Target_Only,18.125207035378747,200
NN_Target_Only,20.756707247134003,200
XGBoost_Pool,0.1003748722541337,200
KRR_Pool,1.5861018226857746,200
NN_Pool,3.3639516396181657,200
XGBoost_TLCQM,0.1015078493121369,200
KRR_TLCQM,1.716405088109792,200
NN_TLCQM,0.1083746743356566,200
XGBoost_Target_Only,0.1022957057602872,300
KRR_Target_Only,13.01323467604612,300
NN_Target_Only,6.243538132433006,300
XGBoost_Pool,0.1003261385121798,300
KRR_Pool,1.5395231213934728,300
NN_Pool,3.213017569746416,300
XGBoost_TLCQM,0.0999844818619412,300
KRR_TLCQM,1.6543695830310663,300
NN_TLCQM,0.1165289384831705,300
XGBoost_Target_Only,0.0970453633319213,500
KRR_Target_Only,8.482354195480989,500
NN_Target_Only,1.2481666639315705,500
XGBoost_Pool,0.0975889782995341,500
KRR_Pool,1.4993238431914315,500
NN_Pool,3.536973869070217,500
XGBoost_TLCQM,0.1047510269036961,500
KRR_TLCQM,1.612863897807199,500
NN_TLCQM,0.1062083511471782,500
TKRR,1.9552026765210369,100
CDAR,48.81634252374613,100
DARC,33.91624593692941,100
VNCD_MDD,0.1528975856240299,100
M3SDA_Reg,0.1201235680556031,100
CMSS_Reg,0.117917894419312,100
TKRR,1.887898486835124,200
CDAR,5.533788166572751,200
DARC,42.86503488344756,200
VNCD_MDD,0.1586635818677711,200
M3SDA_Reg,0.1194221380660759,200
CMSS_Reg,0.1166047592717444,200
TKRR,1.8251175984370367,300
CDAR,5.55562095352067,300
DARC,42.739176026154425,300
VNCD_MDD,0.1429638687678312,300
M3SDA_Reg,0.1239645422538195,300
CMSS_Reg,0.114453383701444,300
TKRR,1.812431759965912,500
CDAR,5.518128068050713,500
DARC,42.94680215836978,500
VNCD_MDD,0.1255772296363828,500
M3SDA_Reg,0.1251712696139089,500
CMSS_Reg,0.1081241080556758,500
XGBoost_Target_Only,0.1222247618083485,100
KRR_Target_Only,28.50544602841839,100
NN_Target_Only,22.254877883664616,100
XGBoost_Pool,0.0992851688143232,100
KRR_Pool,1.5784326059098075,100
NN_Pool,6.317972629020479,100
XGBoost_TLCQM,0.1103526428758261,100
KRR_TLCQM,1.6889226170140064,100
NN_TLCQM,0.1177804023788909,100
XGBoost_Target_Only,0.1149308640036361,200
KRR_Target_Only,18.821094277315822,200
NN_Target_Only,19.774662375179496,200
XGBoost_Pool,0.098284763964179,200
KRR_Pool,1.5887921458023322,200
NN_Pool,4.799611513430293,200
XGBoost_TLCQM,0.1008213559703769,200
KRR_TLCQM,1.7016016038797792,200
NN_TLCQM,0.1582388843966481,200
XGBoost_Target_Only,0.1030803868518717,300
KRR_Target_Only,14.541746782295707,300
NN_Target_Only,7.606834992349187,300
XGBoost_Pool,0.0978236679619942,300
KRR_Pool,1.5955891046377608,300
NN_Pool,3.3711879427199976,300
XGBoost_TLCQM,0.0996431832454204,300
KRR_TLCQM,1.70348537253294,300
NN_TLCQM,0.1329171678176327,300
XGBoost_Target_Only,0.1011457522523721,500
KRR_Target_Only,8.565767971084224,500
NN_Target_Only,0.6385025648886958,500
XGBoost_Pool,0.0969886833549046,500
KRR_Pool,1.5218848163445675,500
NN_Pool,3.9496570688552106,500
XGBoost_TLCQM,0.0990231094234336,500
KRR_TLCQM,1.6313321234102989,500
NN_TLCQM,0.1396048454570491,500
TKRR,1.8481406119944663,100
CDAR,6.02550154797671,100
DARC,25.23553587822508,100
VNCD_MDD,0.164749710386141,100
M3SDA_Reg,0.1113773091696718,100
CMSS_Reg,0.1139477245391533,100
TKRR,1.865296946482347,200
CDAR,5.536917938827256,200
DARC,41.24875474576381,200
VNCD_MDD,0.1687064342290379,200
M3SDA_Reg,0.114841819808805,200
CMSS_Reg,0.1139841550634173,200
TKRR,1.8766363284600789,300
CDAR,5.594347206065806,300
DARC,41.06219944344593,300
VNCD_MDD,0.1481043008228741,300
M3SDA_Reg,0.1109669890749989,300
CMSS_Reg,0.1142631376050986,300
TKRR,1.8191413958239224,500
CDAR,5.370630220765106,500
DARC,41.076365782578016,500
VNCD_MDD,0.1269940458908376,500
M3SDA_Reg,0.1231365414846331,500
CMSS_Reg,0.1116650448636791,500
XGBoost_Target_Only,0.1214063851027817,100
KRR_Target_Only,29.847471918274408,100
NN_Target_Only,23.010696443434597,100
XGBoost_Pool,0.0997751646173333,100
KRR_Pool,1.595430412056447,100
NN_Pool,5.519298849027674,100
XGBoost_TLCQM,0.1028826194458202,100
KRR_TLCQM,1.6955864879684823,100
NN_TLCQM,0.1083542766409235,100
XGBoost_Target_Only,0.1112734015608079,200
KRR_Target_Only,19.3205615874379,200
NN_Target_Only,23.051878317054644,200
XGBoost_Pool,0.0990201446192282,200
KRR_Pool,1.541585378800855,200
NN_Pool,3.605467087741992,200
XGBoost_TLCQM,0.1046946127609397,200
KRR_TLCQM,1.6379075511323484,200
NN_TLCQM,0.1797986909093449,200
XGBoost_Target_Only,0.1072416248535764,300
KRR_Target_Only,12.6307089354192,300
NN_Target_Only,6.233286306798309,300
XGBoost_Pool,0.0981023962134068,300
KRR_Pool,1.477536004201549,300
NN_Pool,3.927780069047854,300
XGBoost_TLCQM,0.108989521022586,300
KRR_TLCQM,1.5663611190186175,300
NN_TLCQM,0.1327544116728657,300
XGBoost_Target_Only,0.0948330852738746,500
KRR_Target_Only,8.652801429585923,500
NN_Target_Only,1.42653227027141,500
XGBoost_Pool,0.0948804076662967,500
KRR_Pool,1.401660796507996,500
NN_Pool,3.3777402013767097,500
XGBoost_TLCQM,0.1077057870587213,500
KRR_TLCQM,1.4896669342747535,500
NN_TLCQM,0.1140071378850813,500
TKRR,1.840289684087333,100
CDAR,5.61272873115611,100
DARC,34.777979465653864,100
VNCD_MDD,0.1667538378392738,100
M3SDA_Reg,0.1295550223610419,100
CMSS_Reg,0.1312952228197149,100
TKRR,1.9347535293533693,200
CDAR,6.430415446993753,200
DARC,22.467197196405223,200
VNCD_MDD,0.1597473943974374,200
M3SDA_Reg,0.1250758764057162,200
CMSS_Reg,0.1176570224164577,200
TKRR,1.7747612149230825,300
CDAR,6.330234344075315,300
DARC,22.673321930243816,300
VNCD_MDD,0.1703583291526142,300
M3SDA_Reg,0.1231323795764735,300
CMSS_Reg,0.1113527250352657,300
TKRR,1.7110720662473615,500
CDAR,6.352885077489724,500
DARC,22.862896787300077,500
VNCD_MDD,0.1341247411799595,500
M3SDA_Reg,0.1193809737743289,500
CMSS_Reg,0.1005671840703369,500
XGBoost_Target_Only,0.1148504062107533,100
KRR_Target_Only,30.82622250678359,100
NN_Target_Only,20.37195400829033,100
XGBoost_Pool,0.100536423275076,100
KRR_Pool,1.646992127091108,100
NN_Pool,5.418663435146434,100
XGBoost_TLCQM,0.1025652824716663,100
KRR_TLCQM,1.770548263455636,100
NN_TLCQM,0.1059771381567326,100
XGBoost_Target_Only,0.1031225410666881,200
KRR_Target_Only,21.13913320092304,200
NN_Target_Only,20.199547217716898,200
XGBoost_Pool,0.0978768507604755,200
KRR_Pool,1.5785042144258128,200
NN_Pool,3.607679517226228,200
XGBoost_TLCQM,0.0993809054457304,200
KRR_TLCQM,1.68411475868092,200
NN_TLCQM,0.1003081982528411,200
XGBoost_Target_Only,0.0994627388760066,300
KRR_Target_Only,14.309476223891552,300
NN_Target_Only,6.54955177634369,300
XGBoost_Pool,0.099040748278435,300
KRR_Pool,1.5729857475258815,300
NN_Pool,2.786237973328143,300
XGBoost_TLCQM,0.103091343739908,300
KRR_TLCQM,1.6540605416752212,300
NN_TLCQM,0.1375357345678011,300
XGBoost_Target_Only,0.0982521219811683,500
KRR_Target_Only,9.379804249175429,500
NN_Target_Only,0.4173393012952812,500
XGBoost_Pool,0.0957694846909877,500
KRR_Pool,1.5709239629714469,500
NN_Pool,3.288714101970402,500
XGBoost_TLCQM,0.1041662836304896,500
KRR_TLCQM,1.653468065978308,500
NN_TLCQM,0.2269778582141725,500
TKRR,1.9069669405102363,100
CDAR,5.991822317019632,100
DARC,41.57229540935779,100
VNCD_MDD,0.1810638238243434,100
M3SDA_Reg,0.1065476814796118,100
CMSS_Reg,0.1124928962749288,100
TKRR,1.8426845659419755,200
CDAR,6.729315024804947,200
DARC,25.44599620628072,200
VNCD_MDD,0.1504712983232907,200
M3SDA_Reg,0.1133678648165244,200
CMSS_Reg,0.1078921109948386,200
TKRR,1.818571564240528,300
CDAR,6.780154230354416,300
DARC,26.181363742470293,300
VNCD_MDD,0.1437319654510575,300
M3SDA_Reg,0.1171112184275284,300
CMSS_Reg,0.1038812028205247,300
TKRR,1.8360482299301752,500
CDAR,6.889458319451796,500
DARC,26.058414511605044,500
VNCD_MDD,0.142251094830478,500
M3SDA_Reg,0.1130363751173429,500
CMSS_Reg,0.1016188832114192,500
XGBoost_Target_Only,0.1143341047636697,100
KRR_Target_Only,30.2926668207579,100
NN_Target_Only,21.67281238556093,100
XGBoost_Pool,0.1023907038843515,100
KRR_Pool,1.5606440835547006,100
NN_Pool,5.640272663101226,100
XGBoost_TLCQM,0.1013500931940764,100
KRR_TLCQM,1.6727417141454402,100
NN_TLCQM,0.1131455909342388,100
XGBoost_Target_Only,0.100468522664123,200
KRR_Target_Only,21.156189412674365,200
NN_Target_Only,21.10698867556612,200
XGBoost_Pool,0.0977567806666054,200
KRR_Pool,1.5684714324060398,200
NN_Pool,3.279246179412844,200
XGBoost_TLCQM,0.1056298749973025,200
KRR_TLCQM,1.672611794370935,200
NN_TLCQM,0.111355317861274,200
XGBoost_Target_Only,0.0983836379141028,300
KRR_Target_Only,14.141294020127896,300
NN_Target_Only,0.2664911372398929,300
XGBoost_Pool,0.0951294660722805,300
KRR_Pool,1.503589205690202,300
NN_Pool,3.50274627155136,300
XGBoost_TLCQM,0.1082840038914684,300
KRR_TLCQM,1.592254759797022,300
NN_TLCQM,0.2165308005698377,300
XGBoost_Target_Only,0.0923577444511765,500
KRR_Target_Only,8.494631803278144,500
NN_Target_Only,0.2601131652701934,500
XGBoost_Pool,0.0945059989167792,500
KRR_Pool,1.452982107738778,500
NN_Pool,4.394341000491458,500
XGBoost_TLCQM,0.1064454778990309,500
KRR_TLCQM,1.5233346311009872,500
NN_TLCQM,0.1112557491047595,500
TKRR,1.8858882852921257,100
CDAR,5.847319344123382,100
DARC,22.10345533005301,100
VNCD_MDD,0.158083653202529,100
M3SDA_Reg,0.1245311503050597,100
CMSS_Reg,0.1215133218653555,100
TKRR,1.8659735306400669,200
CDAR,6.4425737242491765,200
DARC,29.25060226505006,200
VNCD_MDD,0.1685145657753482,200
M3SDA_Reg,0.1217070415606337,200
CMSS_Reg,0.1152155901308112,200
TKRR,1.7983238283116272,300
CDAR,6.41594933036725,300
DARC,30.80938605870055,300
VNCD_MDD,0.1603882247951773,300
M3SDA_Reg,0.1184173543962913,300
CMSS_Reg,0.1158533328270792,300
TKRR,1.7119649613734966,500
CDAR,6.458228311718605,500
DARC,30.549359957816392,500
VNCD_MDD,0.1659435946932336,500
M3SDA_Reg,0.1168289987923426,500
CMSS_Reg,0.1088249027004252,500
XGBoost_Target_Only,0.1311865716057197,100
KRR_Target_Only,30.09937705538052,100
NN_Target_Only,28.582150489499902,100
XGBoost_Pool,0.1005691893257115,100
KRR_Pool,1.6028383303030815,100
NN_Pool,4.252050035355015,100
XGBoost_TLCQM,0.1095017504736277,100
KRR_TLCQM,1.7224283200895854,100
NN_TLCQM,0.1090056505842797,100
XGBoost_Target_Only,0.1126065625225211,200
KRR_Target_Only,18.51665028645813,200
NN_Target_Only,26.154919445530854,200
XGBoost_Pool,0.097906510112528,200
KRR_Pool,1.560896648544893,200
NN_Pool,3.8743121516035406,200
XGBoost_TLCQM,0.1085584822795455,200
KRR_TLCQM,1.6711441885753298,200
NN_TLCQM,0.1139896828804774,200
XGBoost_Target_Only,0.1022391472570623,300
KRR_Target_Only,14.424377615042085,300
NN_Target_Only,0.4499061111667879,300
XGBoost_Pool,0.0974535611817447,300
KRR_Pool,1.5769598091428405,300
NN_Pool,3.1368297079097887,300
XGBoost_TLCQM,0.1065164670191594,300
KRR_TLCQM,1.6832523729871984,300
NN_TLCQM,0.1065480700909989,300
XGBoost_Target_Only,0.0977343940629739,500
KRR_Target_Only,9.66153462382921,500
NN_Target_Only,0.4750098053443384,500
XGBoost_Pool,0.0946917671145493,500
KRR_Pool,1.50056111345366,500
NN_Pool,3.574457028112011,500
XGBoost_TLCQM,0.1069624982466787,500
KRR_TLCQM,1.6165512360362717,500
NN_TLCQM,0.1416376313377492,500
TKRR,1.9999420613104075,100
CDAR,5.745283544025328,100
DARC,23.836882398355964,100
VNCD_MDD,0.1517372184595628,100
M3SDA_Reg,0.118579287867505,100
CMSS_Reg,0.1100226364494891,100
TKRR,1.8404370597812767,200
CDAR,6.224118958355609,200
DARC,28.167912695475035,200
VNCD_MDD,0.1487825877366438,200
M3SDA_Reg,0.1172548978570141,200
CMSS_Reg,0.1064414309400788,200
TKRR,1.8651568734992836,300
CDAR,5.958937875149129,300
DARC,28.20531864147428,300
VNCD_MDD,0.1568717192965876,300
M3SDA_Reg,0.113714786264511,300
CMSS_Reg,0.106451272809972,300
TKRR,1.8015000132718852,500
CDAR,5.949214679280032,500
DARC,30.616099148107715,500
VNCD_MDD,0.1441898355571014,500
M3SDA_Reg,0.1144323437407875,500
CMSS_Reg,0.1016249422703081,500
XGBoost_Target_Only,0.1235965850738872,100
KRR_Target_Only,29.315334642413973,100
NN_Target_Only,16.567477160843303,100
XGBoost_Pool,0.1023477663039634,100
KRR_Pool,1.6178391176520577,100
NN_Pool,5.834894838093775,100
XGBoost_TLCQM,0.1085285562602343,100
KRR_TLCQM,1.747113389612202,100
NN_TLCQM,0.1797443021116963,100
XGBoost_Target_Only,0.1037737966294225,200
KRR_Target_Only,19.930565287559645,200
NN_Target_Only,21.87534440757133,200
XGBoost_Pool,0.0993173979592445,200
KRR_Pool,1.5626213945695424,200
NN_Pool,3.6156778601967794,200
XGBoost_TLCQM,0.105504853992224,200
KRR_TLCQM,1.6337774176084778,200
NN_TLCQM,0.1149334341191956,200
XGBoost_Target_Only,0.1010140322405824,300
KRR_Target_Only,13.550212339231004,300
NN_Target_Only,6.875422860268308,300
XGBoost_Pool,0.0975035143266924,300
KRR_Pool,1.5441635160295566,300
NN_Pool,4.521167389380633,300
XGBoost_TLCQM,0.1056031629343083,300
KRR_TLCQM,1.6126672908531805,300
NN_TLCQM,0.1293632356073288,300
XGBoost_Target_Only,0.0955727943731926,500
KRR_Target_Only,9.15544211179262,500
NN_Target_Only,0.3735772615862987,500
XGBoost_Pool,0.0957165375781493,500
KRR_Pool,1.4654624569518362,500
NN_Pool,3.311331713505953,500
XGBoost_TLCQM,0.0989725035788349,500
KRR_TLCQM,1.5517156854086946,500
NN_TLCQM,0.1098106494922791,500
TKRR,1.9072499436087893,100
CDAR,5.953295331674581,100
DARC,33.164818152991266,100
VNCD_MDD,0.1643405408220548,100
M3SDA_Reg,0.1078939345850503,100
CMSS_Reg,0.1160297389327885,100
TKRR,1.9492815888460329,200
CDAR,6.058524083663772,200
DARC,27.164933484864463,200
VNCD_MDD,0.1462024720250506,200
M3SDA_Reg,0.1167649084937194,200
CMSS_Reg,0.108601913781624,200
TKRR,1.843044530059736,300
CDAR,6.010717437699362,300
DARC,27.616543017471493,300
VNCD_MDD,0.1502549856646209,300
M3SDA_Reg,0.1212670268177239,300
CMSS_Reg,0.1070236741609421,300
TKRR,1.7678327470164537,500
CDAR,5.927296506041999,500
DARC,27.553901348877844,500
VNCD_MDD,0.1423692931437958,500
M3SDA_Reg,0.1209848670012504,500
CMSS_Reg,0.109842417776625,500
XGBoost_Target_Only,0.1216680391859956,100
KRR_Target_Only,28.88518323813225,100
NN_Target_Only,22.230537174061418,100
XGBoost_Pool,0.1017653172538731,100
KRR_Pool,1.6030857344154974,100
NN_Pool,3.2841944218475785,100
XGBoost_TLCQM,0.1041353829849361,100
KRR_TLCQM,1.697940330236506,100
NN_TLCQM,0.1548838132342723,100
XGBoost_Target_Only,0.1145303005218387,200
KRR_Target_Only,19.65872347134293,200
NN_Target_Only,22.54505221090086,200
XGBoost_Pool,0.0984884427456741,200
KRR_Pool,1.5285270607571948,200
NN_Pool,3.3430497598228914,200
XGBoost_TLCQM,0.1053260601226843,200
KRR_TLCQM,1.6180626303067265,200
NN_TLCQM,0.109477244097984,200
XGBoost_Target_Only,0.0972206137174702,300
KRR_Target_Only,14.706250652225416,300
NN_Target_Only,6.313611823497817,300
XGBoost_Pool,0.097680157791603,300
KRR_Pool,1.520086099456124,300
NN_Pool,3.763943017471424,300
XGBoost_TLCQM,0.1044227891869958,300
KRR_TLCQM,1.6141365653311222,300
NN_TLCQM,0.1482770417562329,300
XGBoost_Target_Only,0.0895420691531364,500
KRR_Target_Only,9.968878380573557,500
NN_Target_Only,0.797769402517338,500
XGBoost_Pool,0.0927477100778176,500
KRR_Pool,1.4060877878480975,500
NN_Pool,4.708469250267429,500
XGBoost_TLCQM,0.0981831849796028,500
KRR_TLCQM,1.47905548550154,500
NN_TLCQM,0.1019414815234807,500
TKRR,1.8975186729231088,100
CDAR,5.108928335455071,100
DARC,32.42216776466158,100
VNCD_MDD,0.193431348112027,100
M3SDA_Reg,0.1173464712426707,100
CMSS_Reg,0.1216799283224591,100
TKRR,1.830254267957556,200
CDAR,4.982083609879497,200
DARC,29.416463768149093,200
VNCD_MDD,0.1498767328402949,200
M3SDA_Reg,0.1070736161105763,200
CMSS_Reg,0.1188481259724217,200
TKRR,1.8514138071078912,300
CDAR,4.927670615049373,300
DARC,29.97256466254241,300
VNCD_MDD,0.1392457952275404,300
M3SDA_Reg,0.1060439857995541,300
CMSS_Reg,0.1169234158418492,300
TKRR,1.689677535860019,500
CDAR,4.905363756512519,500
DARC,30.09833280303704,500
VNCD_MDD,0.1237492334526826,500
M3SDA_Reg,0.1102131737504706,500
CMSS_Reg,0.104654329682127,500
XGBoost_Target_Only,0.1224453133934783,100
KRR_Target_Only,30.61183602951475,100
NN_Target_Only,15.907152340768931,100
XGBoost_Pool,0.1014402033657577,100
KRR_Pool,1.6351496395584173,100
NN_Pool,5.263325571960523,100
XGBoost_TLCQM,0.1180489545588009,100
KRR_TLCQM,1.7885738157598472,100
NN_TLCQM,0.5442859876256001,100
XGBoost_Target_Only,0.1107721522950276,200
KRR_Target_Only,19.787756250286872,200
NN_Target_Only,18.007055079550675,200
XGBoost_Pool,0.0981859191558793,200
KRR_Pool,1.6400254814823605,200
NN_Pool,3.571046714870928,200
XGBoost_TLCQM,0.1230217730209617,200
KRR_TLCQM,1.8078367248839649,200
NN_TLCQM,0.179727081383339,200
XGBoost_Target_Only,0.0997294357151832,300
KRR_Target_Only,14.683297597990366,300
NN_Target_Only,7.884918825662783,300
XGBoost_Pool,0.097784965288512,300
KRR_Pool,1.6465817911985177,300
NN_Pool,3.030960413688175,300
XGBoost_TLCQM,0.09886994211729,300
KRR_TLCQM,1.7628209458877928,300
NN_TLCQM,0.1063905117690099,300
XGBoost_Target_Only,0.0999102407038766,500
KRR_Target_Only,9.674297662014396,500
NN_Target_Only,0.1920348237104328,500
XGBoost_Pool,0.0944966632947375,500
KRR_Pool,1.5565240570056758,500
NN_Pool,3.155280428131502,500
XGBoost_TLCQM,0.100573976748705,500
KRR_TLCQM,1.64720282020578,500
NN_TLCQM,0.1032122065779391,500
TKRR,1.983011731794349,100
CDAR,7.299883435766003,100
DARC,32.07946667818112,100
VNCD_MDD,0.1826216745183896,100
M3SDA_Reg,0.1215917690429564,100
CMSS_Reg,0.1162362016022273,100
TKRR,1.96270489393044,200
CDAR,6.814941567226165,200
DARC,38.14014013358408,200
VNCD_MDD,0.1500936901379872,200
M3SDA_Reg,0.1246570971611216,200
CMSS_Reg,0.1111834638310052,200
TKRR,1.925829041505749,300
CDAR,6.689939113507428,300
DARC,38.20814737930234,300
VNCD_MDD,0.1411088935847388,300
M3SDA_Reg,0.1162571814451973,300
CMSS_Reg,0.1053138828218794,300
TKRR,1.8679818660921943,500
CDAR,6.466901552219612,500
DARC,38.281828136761305,500
VNCD_MDD,0.1266157361677028,500
M3SDA_Reg,0.1209993358751871,500
CMSS_Reg,0.1017537179220021,500
XGBoost_Target_Only,0.1087252032439717,100
KRR_Target_Only,29.003243247016407,100
NN_Target_Only,19.033382110846635,100
XGBoost_Pool,0.1023438433096613,100
KRR_Pool,1.6385800232293846,100
NN_Pool,3.38896078189365,100
XGBoost_TLCQM,0.110482194601958,100
KRR_TLCQM,1.7389346741081786,100
NN_TLCQM,0.1284736941875392,100
XGBoost_Target_Only,0.1059921935607754,200
KRR_Target_Only,18.284570898159377,200
NN_Target_Only,20.902040629605224,200
XGBoost_Pool,0.0998159695783019,200
KRR_Pool,1.5707211378993045,200
NN_Pool,3.6653558318247454,200
XGBoost_TLCQM,0.1098845306506346,200
KRR_TLCQM,1.6642807111774989,200
NN_TLCQM,0.1282489368689167,200
XGBoost_Target_Only,0.1044264756222006,300
KRR_Target_Only,13.320963475014189,300
NN_Target_Only,0.284515897454711,300
XGBoost_Pool,0.1001639740880616,300
KRR_Pool,1.5287688953980023,300
NN_Pool,4.220086743232607,300
XGBoost_TLCQM,0.112653886557697,300
KRR_TLCQM,1.618909622706422,300
NN_TLCQM,0.1123248035582674,300
XGBoost_Target_Only,0.0938334443802234,500
KRR_Target_Only,8.361834476410317,500
NN_Target_Only,0.4838772748961608,500
XGBoost_Pool,0.0973380239837756,500
KRR_Pool,1.5203294071359676,500
NN_Pool,3.229705123984304,500
XGBoost_TLCQM,0.1034378437018823,500
KRR_TLCQM,1.612016103372602,500
NN_TLCQM,0.1068374133229226,500
TKRR,1.899134933528961,100
CDAR,5.819752742256446,100
DARC,32.708875656324395,100
VNCD_MDD,0.2004272263134542,100
M3SDA_Reg,0.1168675661512511,100
CMSS_Reg,0.1111661191067188,100
TKRR,1.870996950864846,200
CDAR,6.606793517058374,200
DARC,39.56182541014992,200
VNCD_MDD,0.145862901133954,200
M3SDA_Reg,0.115464147933769,200
CMSS_Reg,0.1078417085875324,200
TKRR,1.8821224479089853,300
CDAR,6.754154346933056,300
DARC,39.42585968143492,300
VNCD_MDD,0.138223257150766,300
M3SDA_Reg,0.1159806055873742,300
CMSS_Reg,0.1094698031706473,300
TKRR,1.8187256808543564,500
CDAR,6.645287487901762,500
DARC,39.74645594703453,500
VNCD_MDD,0.1275117239856398,500
M3SDA_Reg,0.1186150546492202,500
CMSS_Reg,0.104315718279894,500
XGBoost_Target_Only,0.1160099440047011,100
KRR_Target_Only,30.70395849067122,100
NN_Target_Only,21.39559018281188,100
XGBoost_Pool,0.1005959076494023,100
KRR_Pool,1.6128152487714242,100
NN_Pool,5.428589724505049,100
XGBoost_TLCQM,0.1102473641768173,100
KRR_TLCQM,1.7180474139839543,100
NN_TLCQM,0.1444275461672848,100
XGBoost_Target_Only,0.1087310790892457,200
KRR_Target_Only,19.702846596922864,200
NN_Target_Only,20.97908108853596,200
XGBoost_Pool,0.0974625716459785,200
KRR_Pool,1.5814137946375413,200
NN_Pool,3.4178406751871195,200
XGBoost_TLCQM,0.1075355164931103,200
KRR_TLCQM,1.671225990185338,200
NN_TLCQM,0.1089352895658171,200
XGBoost_Target_Only,0.1002774388862156,300
KRR_Target_Only,14.356783563163509,300
NN_Target_Only,6.975740592655296,300
XGBoost_Pool,0.0971596639109237,300
KRR_Pool,1.5873670874368293,300
NN_Pool,4.205162788222485,300
XGBoost_TLCQM,0.1060292713286771,300
KRR_TLCQM,1.6791843294140938,300
NN_TLCQM,0.1147432208006015,300
XGBoost_Target_Only,0.0983722022368214,500
KRR_Target_Only,9.397766129679232,500
NN_Target_Only,0.3381906112108201,500
XGBoost_Pool,0.0926740630266654,500
KRR_Pool,1.437133103806296,500
NN_Pool,3.442539993957461,500
XGBoost_TLCQM,0.1065038154289192,500
KRR_TLCQM,1.4994467501032074,500
NN_TLCQM,0.1172196607859791,500
TKRR,2.0545739655831725,100
CDAR,51.32651356422172,100
DARC,29.44573828759246,100
VNCD_MDD,0.1626690049678261,100
M3SDA_Reg,0.1192983226563298,100
CMSS_Reg,0.1242043524064317,100
TKRR,1.83328736095046,200
CDAR,6.057443714726387,200
DARC,27.535021327193363,200
VNCD_MDD,0.1401779199488695,200
M3SDA_Reg,0.1157224969154194,200
CMSS_Reg,0.1169109285355696,200
TKRR,1.9360275943431595,300
CDAR,6.094019957105655,300
DARC,27.53790526497054,300
VNCD_MDD,0.1346210537769724,300
M3SDA_Reg,0.1079270670940619,300
CMSS_Reg,0.1099407415057411,300
TKRR,1.7375785460685902,500
CDAR,6.006606554601956,500
DARC,27.124267885732515,500
VNCD_MDD,0.1276246748954714,500
M3SDA_Reg,0.1180520038268241,500
CMSS_Reg,0.1059122998558159,500
XGBoost_Target_Only,0.1205348355415566,100
KRR_Target_Only,29.12651838081965,100
NN_Target_Only,21.035063199565077,100
XGBoost_Pool,0.1001379830199663,100
KRR_Pool,1.565610476434362,100
NN_Pool,5.655417477502905,100
XGBoost_TLCQM,0.1007855435121474,100
KRR_TLCQM,1.672985023885393,100
NN_TLCQM,0.1031560412946098,100
XGBoost_Target_Only,0.1076533950070294,200
KRR_Target_Only,19.53136665873346,200
NN_Target_Only,18.946329163665137,200
XGBoost_Pool,0.0986407716367821,200
KRR_Pool,1.5317749898917523,200
NN_Pool,3.12631183410066,200
XGBoost_TLCQM,0.0981931433278079,200
KRR_TLCQM,1.6279969860036367,200
NN_TLCQM,0.1042804391660892,200
XGBoost_Target_Only,0.1049367353200716,300
KRR_Target_Only,14.46051042612921,300
NN_Target_Only,6.740197458255498,300
XGBoost_Pool,0.0980618665977313,300
KRR_Pool,1.439023015829328,300
NN_Pool,3.8404383914982607,300
XGBoost_TLCQM,0.1077311161780052,300
KRR_TLCQM,1.5247356507456606,300
NN_TLCQM,0.1590512047698317,300
XGBoost_Target_Only,0.0978930905824441,500
KRR_Target_Only,8.845024061802475,500
NN_Target_Only,0.4880960287093066,500
XGBoost_Pool,0.0964683731220333,500
KRR_Pool,1.432860005287627,500
NN_Pool,3.1484012093010807,500
XGBoost_TLCQM,0.103668880345803,500
KRR_TLCQM,1.5039804602649076,500
NN_TLCQM,0.1075589279658509,500
TKRR,1.929458733446611,100
CDAR,6.4178293629116565,100
DARC,34.58358785958055,100
VNCD_MDD,0.1434985115901606,100
M3SDA_Reg,0.122360204988619,100
CMSS_Reg,0.1179460245014443,100
TKRR,1.877067733907476,200
CDAR,6.851501257195488,200
DARC,24.74723472937633,200
VNCD_MDD,0.1349917784903505,200
M3SDA_Reg,0.1150004242871454,200
CMSS_Reg,0.1123987764695426,200
TKRR,1.8395223238667917,300
CDAR,6.62027484324549,300
DARC,24.72367424182561,300
VNCD_MDD,0.1170799190163893,300
M3SDA_Reg,0.1185691380021102,300
CMSS_Reg,0.1110161617517073,300
TKRR,1.7575872792108755,500
CDAR,6.728105190516069,500
DARC,22.77152768802932,500
VNCD_MDD,0.1159578800191274,500
M3SDA_Reg,0.115358003275318,500
CMSS_Reg,0.104487921053981,500
XGBoost_Target_Only,0.1116597052496407,100
KRR_Target_Only,29.311938034803497,100
NN_Target_Only,20.94267043455529,100
XGBoost_Pool,0.0983111891138038,100
KRR_Pool,1.6371068379724694,100
NN_Pool,3.2183067678195134,100
XGBoost_TLCQM,0.1014719071011333,100
KRR_TLCQM,1.768697886633826,100
NN_TLCQM,0.1192215103392654,100
XGBoost_Target_Only,0.1024176039630216,200
KRR_Target_Only,17.84495294840654,200
NN_Target_Only,18.94199585942065,200
XGBoost_Pool,0.0964057554923118,200
KRR_Pool,1.642864766067761,200
NN_Pool,3.326732305777869,200
XGBoost_TLCQM,0.1104962156232669,200
KRR_TLCQM,1.75087019896565,200
NN_TLCQM,0.1137527865082535,200
XGBoost_Target_Only,0.1026189716113336,300
KRR_Target_Only,13.888370845679315,300
NN_Target_Only,7.268990084560864,300
XGBoost_Pool,0.0951509207837077,300
KRR_Pool,1.6153808796895042,300
NN_Pool,4.2657053342357525,300
XGBoost_TLCQM,0.0994284848222593,300
KRR_TLCQM,1.7254042450696094,300
NN_TLCQM,0.1203607065252874,300
XGBoost_Target_Only,0.0939627076950947,500
KRR_Target_Only,9.687989938937765,500
NN_Target_Only,7.231517995918016,500
XGBoost_Pool,0.0937869924251406,500
KRR_Pool,1.549262192594356,500
NN_Pool,3.4067852133137424,500
XGBoost_TLCQM,0.1012610473883637,500
KRR_TLCQM,1.6631592361630638,500
NN_TLCQM,0.10484087132886,500
TKRR,2.010364573975923,100
CDAR,5.684556687760394,100
DARC,19.400712681270623,100
VNCD_MDD,0.1724782637574563,100
M3SDA_Reg,0.1149965205262857,100
CMSS_Reg,0.1164932339899586,100
TKRR,1.9347937001872548,200
CDAR,5.6744225670598265,200
DARC,34.71746125975548,200
VNCD_MDD,0.186737160462472,200
M3SDA_Reg,0.1130901450072163,200
CMSS_Reg,0.1111077401558622,200
TKRR,1.9686743193596807,300
CDAR,5.52507356590577,300
DARC,34.310984608340135,300
VNCD_MDD,0.1542925574449846,300
M3SDA_Reg,0.1131636427302724,300
CMSS_Reg,0.1093941045191498,300
TKRR,1.9010889375231816,500
CDAR,5.393616720112707,500
DARC,34.39887241422135,500
VNCD_MDD,0.1282600160344281,500
M3SDA_Reg,0.1174607285807867,500
CMSS_Reg,0.103396068947389,500
XGBoost_Target_Only,0.1257785194031539,100
KRR_Target_Only,28.85208137228471,100
NN_Target_Only,23.010394377858344,100
XGBoost_Pool,0.1010527384519652,100
KRR_Pool,1.6005693712301674,100
NN_Pool,3.3694620028190942,100
XGBoost_TLCQM,0.1023537726614649,100
KRR_TLCQM,1.742848195073292,100
NN_TLCQM,0.1021073941456479,100
XGBoost_Target_Only,0.1073347249210037,200
KRR_Target_Only,19.235006050529535,200
NN_Target_Only,21.92239123816353,200
XGBoost_Pool,0.0989592513912446,200
KRR_Pool,1.5906619725393825,200
NN_Pool,3.5682729866032337,200
XGBoost_TLCQM,0.1054649604836243,200
KRR_TLCQM,1.7167522419543153,200
NN_TLCQM,0.2018947924900814,200
XGBoost_Target_Only,0.1109966167464002,300
KRR_Target_Only,13.94104549654404,300
NN_Target_Only,0.3647021915794454,300
XGBoost_Pool,0.0987491412130384,300
KRR_Pool,1.6090554939440287,300
NN_Pool,4.347316830946959,300
XGBoost_TLCQM,0.106077962393307,300
KRR_TLCQM,1.7234370409310285,300
NN_TLCQM,0.1592746021132559,300
XGBoost_Target_Only,0.0946058220497077,500
KRR_Target_Only,8.705140084871262,500
NN_Target_Only,0.2647619119160467,500
XGBoost_Pool,0.0971633338479576,500
KRR_Pool,1.5431441830187091,500
NN_Pool,3.4768651023817,500
XGBoost_TLCQM,0.1032531643216252,500
KRR_TLCQM,1.6594476313337805,500
NN_TLCQM,0.1295972762998073,500
TKRR,1.9855919080889168,100
CDAR,5.871240126008598,100
DARC,28.95684682046432,100
VNCD_MDD,0.1598051103001312,100
M3SDA_Reg,0.1177096392606981,100
CMSS_Reg,0.1200565725021536,100
TKRR,1.9912694536689817,200
CDAR,48.24930758948808,200
DARC,36.14480790483085,200
VNCD_MDD,0.167951198395074,200
M3SDA_Reg,0.1186028087029025,200
CMSS_Reg,0.1155482434779198,200
TKRR,2.031202012942113,300
CDAR,48.25448642023892,300
DARC,36.11013211578461,300
VNCD_MDD,0.1357603741438745,300
M3SDA_Reg,0.119384283009155,300
CMSS_Reg,0.1137177437658809,300
TKRR,1.9309177542665892,500
CDAR,48.28552439370705,500
DARC,35.80092166892369,500
VNCD_MDD,0.1286007815657447,500
M3SDA_Reg,0.1187513908368457,500
CMSS_Reg,0.1059643686398646,500
XGBoost_Target_Only,0.1195152559123117,100
KRR_Target_Only,28.67968992347298,100
NN_Target_Only,17.587028719702044,100
XGBoost_Pool,0.1003675782843968,100
KRR_Pool,1.6547238990904405,100
NN_Pool,5.886269642454555,100
XGBoost_TLCQM,0.1063502442185223,100
KRR_TLCQM,1.7707066255530115,100
NN_TLCQM,0.1130378447377939,100
XGBoost_Target_Only,0.1138570724715849,200
KRR_Target_Only,20.06290074712488,200
NN_Target_Only,18.67687581712769,200
XGBoost_Pool,0.099274508604427,200
KRR_Pool,1.631951048525082,200
NN_Pool,3.5616881828975404,200
XGBoost_TLCQM,0.1052312304075765,200
KRR_TLCQM,1.7284256606146322,200
NN_TLCQM,0.1783347410477475,200
XGBoost_Target_Only,0.1021444885114268,300
KRR_Target_Only,14.36004754804372,300
NN_Target_Only,0.2598631742901908,300
XGBoost_Pool,0.0989196999634495,300
KRR_Pool,1.600411586428328,300
NN_Pool,2.751555063353706,300
XGBoost_TLCQM,0.0992108249359916,300
KRR_TLCQM,1.6997668658454068,300
NN_TLCQM,0.1276205627105436,300
XGBoost_Target_Only,0.0995592066104993,500
KRR_Target_Only,9.238531558626072,500
NN_Target_Only,0.2583296538547545,500
XGBoost_Pool,0.0972809390606113,500
KRR_Pool,1.56369319382947,500
NN_Pool,3.3214917251994307,500
XGBoost_TLCQM,0.1049768903069515,500
KRR_TLCQM,1.686685837856421,500
NN_TLCQM,0.1487620594881596,500
TKRR,2.078858030502439,100
CDAR,5.902881060607755,100
DARC,21.842577529329887,100
VNCD_MDD,0.179373406240862,100
M3SDA_Reg,0.1134501591341775,100
CMSS_Reg,0.1095727695827888,100
TKRR,2.0471209346546773,200
CDAR,5.676493894772368,200
DARC,32.26102222626378,200
VNCD_MDD,0.1653902103510915,200
M3SDA_Reg,0.1240914051020362,200
CMSS_Reg,0.1179880833627878,200
TKRR,1.8769130756572008,300
CDAR,5.601350392452903,300
DARC,32.119184653374894,300
VNCD_MDD,0.1537226664222548,300
M3SDA_Reg,0.1144279446635857,300
CMSS_Reg,0.1111513021365752,300
TKRR,1.823607244604264,500
CDAR,5.6273103329838285,500
DARC,32.43391954158422,500
VNCD_MDD,0.1421958047195559,500
M3SDA_Reg,0.1248603986063399,500
CMSS_Reg,0.1093896037274157,500
XGBoost_Target_Only,0.1247957461568103,100
KRR_Target_Only,29.129919541939007,100
NN_Target_Only,22.79953989644577,100
XGBoost_Pool,0.1007111631027314,100
KRR_Pool,1.5499865722102222,100
NN_Pool,5.345511434397706,100
XGBoost_TLCQM,0.102535359969512,100
KRR_TLCQM,1.6729728367581114,100
NN_TLCQM,0.1047925444064625,100
XGBoost_Target_Only,0.100646074316224,200
KRR_Target_Only,20.26769284052489,200
NN_Target_Only,25.49939947597132,200
XGBoost_Pool,0.0979503454407955,200
KRR_Pool,1.5221188493678337,200
NN_Pool,3.328693503880344,200
XGBoost_TLCQM,0.106699538441849,200
KRR_TLCQM,1.6207701532613903,200
NN_TLCQM,0.1660450334434366,200
XGBoost_Target_Only,0.0984400659692859,300
KRR_Target_Only,14.842433735657709,300
NN_Target_Only,6.728577595171701,300
XGBoost_Pool,0.0980579234385212,300
KRR_Pool,1.5299556192408652,300
NN_Pool,4.600388696476284,300
XGBoost_TLCQM,0.1066599142166991,300
KRR_TLCQM,1.624680397099311,300
NN_TLCQM,0.1321354238252133,300
XGBoost_Target_Only,0.0924162956305401,500
KRR_Target_Only,9.316163612310568,500
NN_Target_Only,0.1492573442462949,500
XGBoost_Pool,0.0942719341713033,500
KRR_Pool,1.4739279022810114,500
NN_Pool,4.623420550005684,500
XGBoost_TLCQM,0.1041290279956142,500
KRR_TLCQM,1.571400397957697,500
NN_TLCQM,0.109759575286698,500
TKRR,1.9015459386564568,100
CDAR,5.649343133155146,100
DARC,35.01074529159207,100
VNCD_MDD,0.1577251583924504,100
M3SDA_Reg,0.1144237375285524,100
CMSS_Reg,0.111548794052144,100
TKRR,1.814517080587989,200
CDAR,5.447933385155966,200
DARC,35.79211355268559,200
VNCD_MDD,0.1509611729419826,200
M3SDA_Reg,0.1195647631453783,200
CMSS_Reg,0.1100813219221829,200
TKRR,1.8373830079025344,300
CDAR,5.285785093789583,300
DARC,36.50824871153476,300
VNCD_MDD,0.1455779291916397,300
M3SDA_Reg,0.1180534572207856,300
CMSS_Reg,0.1072358596879624,300
TKRR,1.800881157750872,500
CDAR,5.311546129271063,500
DARC,36.536221714941874,500
VNCD_MDD,0.1334254439238811,500
M3SDA_Reg,0.1209490119229027,500
CMSS_Reg,0.1016289306758948,500
XGBoost_Target_Only,0.114537036977321,100
KRR_Target_Only,29.41680544453719,100
NN_Target_Only,18.80472767919384,100
XGBoost_Pool,0.0989676511540363,100
KRR_Pool,1.619866142584118,100
NN_Pool,5.2578705005794175,100
XGBoost_TLCQM,0.1139059312776614,100
KRR_TLCQM,1.7270310879377069,100
NN_TLCQM,0.1438743293240469,100
XGBoost_Target_Only,0.1071653866751367,200
KRR_Target_Only,19.1813433803351,200
NN_Target_Only,18.846418121955622,200
XGBoost_Pool,0.0986014531106908,200
KRR_Pool,1.6034670418306187,200
NN_Pool,4.986208047053958,200
XGBoost_TLCQM,0.1048954321059857,200
KRR_TLCQM,1.6940702874277795,200
NN_TLCQM,0.1212605287259038,200
XGBoost_Target_Only,0.1095839958772027,300
KRR_Target_Only,13.504936028291482,300
NN_Target_Only,6.539032774120059,300
XGBoost_Pool,0.0968943425801358,300
KRR_Pool,1.5952102018959402,300
NN_Pool,2.856063045572973,300
XGBoost_TLCQM,0.106242083249853,300
KRR_TLCQM,1.6898021588600185,300
NN_TLCQM,0.1200237622573553,300
XGBoost_Target_Only,0.0977366821561706,500
KRR_Target_Only,9.297972831487272,500
NN_Target_Only,0.3456823182958041,500
XGBoost_Pool,0.0944429835792326,500
KRR_Pool,1.573451964783138,500
NN_Pool,3.226011265018975,500
XGBoost_TLCQM,0.1024318990542267,500
KRR_TLCQM,1.6666873537436808,500
NN_TLCQM,0.1135804959761519,500
TKRR,2.243278595436473,100
CDAR,5.3237978247423685,100
DARC,30.63443839508606,100
VNCD_MDD,0.1864874511683033,100
M3SDA_Reg,0.1137378297224329,100
CMSS_Reg,0.1193455553850159,100
TKRR,2.0657985251216924,200
CDAR,5.812242151497153,200
DARC,35.67453560979044,200
VNCD_MDD,0.1562359363265578,200
M3SDA_Reg,0.1119803914782859,200
CMSS_Reg,0.1167213993027495,200
TKRR,2.00830228698902,300
CDAR,5.742865317417289,300
DARC,35.91321083498918,300
VNCD_MDD,0.1503978276769994,300
M3SDA_Reg,0.1198595650595208,300
CMSS_Reg,0.1086781274499288,300
TKRR,1.912036725404604,500
CDAR,5.803472183902254,500
DARC,36.6448575919204,500
VNCD_MDD,0.1304058999454993,500
M3SDA_Reg,0.1183209229752664,500
CMSS_Reg,0.1023316619771669,500
XGBoost_Target_Only,0.1151350207003304,100
KRR_Target_Only,29.260284776442845,100
NN_Target_Only,17.626481515646045,100
XGBoost_Pool,0.1004737783713093,100
KRR_Pool,1.5857362841171148,100
NN_Pool,6.219991970747749,100
XGBoost_TLCQM,0.1064368857997332,100
KRR_TLCQM,1.6988524948789947,100
NN_TLCQM,0.1221723404185675,100
XGBoost_Target_Only,0.114599484396084,200
KRR_Target_Only,20.18770065324436,200
NN_Target_Only,17.819490786204888,200
XGBoost_Pool,0.0994523395273886,200
KRR_Pool,1.5912550679543735,200
NN_Pool,4.303540331942424,200
XGBoost_TLCQM,0.1107925356030988,200
KRR_TLCQM,1.655143276736238,200
NN_TLCQM,0.1114795873409858,200
XGBoost_Target_Only,0.1148356250684381,300
KRR_Target_Only,14.771743841536525,300
NN_Target_Only,6.590820739614335,300
XGBoost_Pool,0.0972241351546353,300
KRR_Pool,1.595659655731625,300
NN_Pool,3.425656067934226,300
XGBoost_TLCQM,0.1039502540444212,300
KRR_TLCQM,1.662963080463142,300
NN_TLCQM,0.122796590187469,300
XGBoost_Target_Only,0.0935348301989436,500
KRR_Target_Only,10.053969259440512,500
NN_Target_Only,6.855135466526511,500
XGBoost_Pool,0.0963190231303442,500
KRR_Pool,1.52882922106793,500
NN_Pool,3.706516908884896,500
XGBoost_TLCQM,0.1034811641267784,500
KRR_TLCQM,1.5916760793235951,500
NN_TLCQM,0.1053468322459232,500
TKRR,2.063683559148981,100
CDAR,6.538948071499257,100
DARC,33.31568661914858,100
VNCD_MDD,0.1680884668506726,100
M3SDA_Reg,0.115271851907166,100
CMSS_Reg,0.1170437602540547,100
TKRR,1.8150622917013592,200
CDAR,5.302838957396835,200
DARC,39.81584085690828,200
VNCD_MDD,0.156812885901511,200
M3SDA_Reg,0.1150301877897405,200
CMSS_Reg,0.1185574915070025,200
TKRR,1.856149357087189,300
CDAR,5.290182953429416,300
DARC,40.57280880991214,300
VNCD_MDD,0.1399282342499447,300
M3SDA_Reg,0.116539171732061,300
CMSS_Reg,0.1072482375339764,300
TKRR,1.8460896886505191,500
CDAR,5.040519821945526,500
DARC,41.58723438885783,500
VNCD_MDD,0.1289278430460955,500
M3SDA_Reg,0.1166978003132453,500
CMSS_Reg,0.1048445851063288,500
XGBoost_Target_Only,0.1228488466799574,100
KRR_Target_Only,31.02286932459462,100
NN_Target_Only,23.654428301825355,100
XGBoost_Pool,0.1001959602355419,100
KRR_Pool,1.55773752366321,100
NN_Pool,3.390245951780791,100
XGBoost_TLCQM,0.1078183041651996,100
KRR_TLCQM,1.664220677020041,100
NN_TLCQM,0.1180212115803219,100
XGBoost_Target_Only,0.0999540971496141,200
KRR_Target_Only,21.774983442553665,200
NN_Target_Only,27.78127417256209,200
XGBoost_Pool,0.0985961980247508,200
KRR_Pool,1.5183081561562588,200
NN_Pool,3.39216272166398,200
XGBoost_TLCQM,0.1053405190909667,200
KRR_TLCQM,1.6219681671284905,200
NN_TLCQM,0.1063595737181167,200
XGBoost_Target_Only,0.0971044743999386,300
KRR_Target_Only,15.00245751433001,300
NN_Target_Only,0.4358909235919045,300
XGBoost_Pool,0.0986477213272638,300
KRR_Pool,1.4577321512804668,300
NN_Pool,3.023757325903415,300
XGBoost_TLCQM,0.1002076157899783,300
KRR_TLCQM,1.558508052482588,300
NN_TLCQM,0.1457434955373955,300
XGBoost_Target_Only,0.0966882965247556,500
KRR_Target_Only,8.317810450580103,500
NN_Target_Only,0.2779030335043967,500
XGBoost_Pool,0.0965838655238185,500
KRR_Pool,1.374284532403017,500
NN_Pool,3.418709930774636,500
XGBoost_TLCQM,0.1062841403358281,500
KRR_TLCQM,1.461893911382453,500
NN_TLCQM,0.1490452356814415,500
TKRR,1.8392935985070549,100
CDAR,6.321668493170848,100
DARC,40.371204315774754,100
VNCD_MDD,0.1704437415261244,100
M3SDA_Reg,0.1140608071160973,100
CMSS_Reg,0.1105936625955326,100
TKRR,1.865946496134448,200
CDAR,5.020127874071254,200
DARC,32.423032348447045,200
VNCD_MDD,0.1499114324218219,200
M3SDA_Reg,0.1172364900076778,200
CMSS_Reg,0.1057720327303332,200
TKRR,1.8072383511758547,300
CDAR,5.08085366799594,300
DARC,33.369802304753065,300
VNCD_MDD,0.1379066975120129,300
M3SDA_Reg,0.1226968124576888,300
CMSS_Reg,0.1027966809628394,300
TKRR,1.6685693285125438,500
CDAR,4.972717528925016,500
DARC,31.78670603604835,500
VNCD_MDD,0.1325925239466088,500
M3SDA_Reg,0.1242215898507448,500
CMSS_Reg,0.1009020376897194,500
XGBoost_Target_Only,0.1024650082507415,100
KRR_Target_Only,30.3834962737944,100
NN_Target_Only,23.78636983199008,100
XGBoost_Pool,0.1002543959691173,100
KRR_Pool,1.6076970132639143,100
NN_Pool,3.123575519878911,100
XGBoost_TLCQM,0.1060136837002797,100
KRR_TLCQM,1.7141294903176691,100
NN_TLCQM,0.1643678970969512,100
XGBoost_Target_Only,0.1012989947654109,200
KRR_Target_Only,18.88050488015243,200
NN_Target_Only,24.24704109752085,200
XGBoost_Pool,0.0993239488203337,200
KRR_Pool,1.54155714046528,200
NN_Pool,3.304773527680216,200
XGBoost_TLCQM,0.1012537606295017,200
KRR_TLCQM,1.6404342269830117,200
NN_TLCQM,0.107955913973951,200
XGBoost_Target_Only,0.0989964425738659,300
KRR_Target_Only,14.621840960849266,300
NN_Target_Only,13.6876588832892,300
XGBoost_Pool,0.097218859811229,300
KRR_Pool,1.5572510462498852,300
NN_Pool,5.694086950798388,300
XGBoost_TLCQM,0.099367705860736,300
KRR_TLCQM,1.660917412768773,300
NN_TLCQM,0.1463566446799514,300
XGBoost_Target_Only,0.0950062420270821,500
KRR_Target_Only,9.808241854348392,500
NN_Target_Only,0.2746619635126746,500
XGBoost_Pool,0.0949706757131203,500
KRR_Pool,1.469406885793433,500
NN_Pool,3.8031872422339608,500
XGBoost_TLCQM,0.1006581510834372,500
KRR_TLCQM,1.5533579017943229,500
NN_TLCQM,0.1025936930258313,500
TKRR,1.933845890546308,100
CDAR,5.866781132379804,100
DARC,36.38330678526782,100
VNCD_MDD,0.1598069310727214,100
M3SDA_Reg,0.1139228479174944,100
CMSS_Reg,0.1214419101921565,100
TKRR,1.9190401952006173,200
CDAR,5.565335725840477,200
DARC,28.88112182116605,200
VNCD_MDD,0.1382483657357749,200
M3SDA_Reg,0.1149639297639821,200
CMSS_Reg,0.1155990520438542,200
TKRR,1.874350764974744,300
CDAR,5.4835433243834615,300
DARC,29.139678467887936,300
VNCD_MDD,0.1285374799984775,300
M3SDA_Reg,0.113902032528259,300
CMSS_Reg,0.1115141956562143,300
TKRR,1.8113786281683792,500
CDAR,5.469461952947403,500
DARC,28.870336207224916,500
VNCD_MDD,0.1236317507267619,500
M3SDA_Reg,0.1189126758122312,500
CMSS_Reg,0.1019638315122373,500
XGBoost_Target_Only,0.1583075992612257,100
KRR_Target_Only,30.02075703421348,100
NN_Target_Only,20.993877292477297,100
XGBoost_Pool,0.1016582348281397,100
KRR_Pool,1.577352007733584,100
NN_Pool,5.65694401459211,100
XGBoost_TLCQM,0.1364721859581208,100
KRR_TLCQM,1.6476943826831392,100
NN_TLCQM,0.121851943466601,100
XGBoost_Target_Only,0.1103395597123329,200
KRR_Target_Only,19.018764361264427,200
NN_Target_Only,26.148044458472224,200
XGBoost_Pool,0.1029937112652694,200
KRR_Pool,1.5506859359080951,200
NN_Pool,3.726978025983753,200
XGBoost_TLCQM,0.1129752513364628,200
KRR_TLCQM,1.6310904890792608,200
NN_TLCQM,0.118027897079215,200
XGBoost_Target_Only,0.0990125589336669,300
KRR_Target_Only,13.795461618320616,300
NN_Target_Only,6.072309858223202,300
XGBoost_Pool,0.0989196240975438,300
KRR_Pool,1.5311084376801871,300
NN_Pool,3.0815056151407667,300
XGBoost_TLCQM,0.1031077056780632,300
KRR_TLCQM,1.613853739226042,300
NN_TLCQM,0.102463585372039,300
XGBoost_Target_Only,0.0959097971290573,500
KRR_Target_Only,8.915309495331378,500
NN_Target_Only,0.5966222183178423,500
XGBoost_Pool,0.0962926841514305,500
KRR_Pool,1.4865962152810257,500
NN_Pool,2.8935293053318984,500
XGBoost_TLCQM,0.1029578281110854,500
KRR_TLCQM,1.5572887825353972,500
NN_TLCQM,0.1037939624692508,500
TKRR,1.8971881718280592,100
CDAR,6.242358836838507,100
DARC,37.354140444745205,100
VNCD_MDD,0.1811348288524792,100
M3SDA_Reg,0.1132526572502655,100
CMSS_Reg,0.1193909458579379,100
TKRR,1.7989907769552411,200
CDAR,5.881793380641712,200
DARC,28.93075476974834,200
VNCD_MDD,0.1508401986905401,200
M3SDA_Reg,0.1140497503872004,200
CMSS_Reg,0.1138949742170153,200
TKRR,1.8526723259798443,300
CDAR,5.588815128704861,300
DARC,29.29603991710553,300
VNCD_MDD,0.158301868680094,300
M3SDA_Reg,0.1087699530708461,300
CMSS_Reg,0.1091932825001337,300
TKRR,1.7776568991451414,500
CDAR,5.58957386928123,500
DARC,29.52554142729258,500
VNCD_MDD,0.1261054127583851,500
M3SDA_Reg,0.1061730660043878,500
CMSS_Reg,0.1052135200006611,500
XGBoost_Target_Only,0.1205341713779508,100
KRR_Target_Only,30.42884226959051,100
NN_Target_Only,21.81602639073521,100
XGBoost_Pool,0.1018952104703375,100
KRR_Pool,1.638765438933367,100
NN_Pool,5.754746808946182,100
XGBoost_TLCQM,0.107561117451964,100
KRR_TLCQM,1.7803400112012302,100
NN_TLCQM,0.6190026848491474,100
XGBoost_Target_Only,0.0976431470095068,200
KRR_Target_Only,20.70426591784756,200
NN_Target_Only,24.489657524974117,200
XGBoost_Pool,0.1001289237166579,200
KRR_Pool,1.6091324277391874,200
NN_Pool,3.604390064753378,200
XGBoost_TLCQM,0.100851620549673,200
KRR_TLCQM,1.7299212442259857,200
NN_TLCQM,0.2647913869124421,200
XGBoost_Target_Only,0.096129451544916,300
KRR_Target_Only,14.16102716753365,300
NN_Target_Only,0.4317494084669186,300
XGBoost_Pool,0.0971655814149182,300
KRR_Pool,1.5952323880925212,300
NN_Pool,3.5216002185797577,300
XGBoost_TLCQM,0.1021126150528763,300
KRR_TLCQM,1.711452338363352,300
NN_TLCQM,0.1588961443823215,300
XGBoost_Target_Only,0.092468469568511,500
KRR_Target_Only,9.14754701009654,500
NN_Target_Only,0.4211728851492739,500
XGBoost_Pool,0.0938935605250519,500
KRR_Pool,1.5379510660542866,500
NN_Pool,3.5289265983326987,500
XGBoost_TLCQM,0.1016540778126358,500
KRR_TLCQM,1.6548796310482552,500
NN_TLCQM,0.1048800412582813,500
TKRR,1.90554519758369,100
CDAR,5.404662013496404,100
DARC,19.52054349097711,100
VNCD_MDD,0.1809503654405319,100
M3SDA_Reg,0.1180635524467112,100
CMSS_Reg,0.1104585000579216,100
TKRR,1.8815925597021776,200
CDAR,5.609147745462299,200
DARC,42.30045475595559,200
VNCD_MDD,0.1356363892219525,200
M3SDA_Reg,0.1161614898522986,200
CMSS_Reg,0.1084344384739177,200
TKRR,1.8580480031995812,300
CDAR,5.459088024569155,300
DARC,43.48610530708032,300
VNCD_MDD,0.1439301633173785,300
M3SDA_Reg,0.1145997770613748,300
CMSS_Reg,0.108530184661873,300
TKRR,1.844636486171048,500
CDAR,5.426836999819712,500
DARC,42.49143061699842,500
VNCD_MDD,0.1273010047652935,500
M3SDA_Reg,0.1129520825289781,500
CMSS_Reg,0.0988422152034813,500
XGBoost_Target_Only,0.118521266387684,100
KRR_Target_Only,30.30159875964037,100
NN_Target_Only,23.465956971928712,100
XGBoost_Pool,0.0985440387198734,100
KRR_Pool,1.6064669732113717,100
NN_Pool,6.290965028840403,100
XGBoost_TLCQM,0.1025779057584028,100
KRR_TLCQM,1.7243756037133555,100
NN_TLCQM,0.1087420434644595,100
XGBoost_Target_Only,0.1079777229725255,200
KRR_Target_Only,19.747648497979306,200
NN_Target_Only,22.489500655144475,200
XGBoost_Pool,0.0975121064717048,200
KRR_Pool,1.6191888753157435,200
NN_Pool,3.651345537790709,200
XGBoost_TLCQM,0.1111670710935135,200
KRR_TLCQM,1.7423451190624624,200
NN_TLCQM,0.1126918709308305,200
XGBoost_Target_Only,0.0988941366597101,300
KRR_Target_Only,13.569464847015984,300
NN_Target_Only,9.86110155573545,300
XGBoost_Pool,0.0954221456226835,300
KRR_Pool,1.5889428205523088,300
NN_Pool,3.386229740839688,300
XGBoost_TLCQM,0.100625145772084,300
KRR_TLCQM,1.6930403293630798,300
NN_TLCQM,0.1582936824383344,300
XGBoost_Target_Only,0.0958841970212408,500
KRR_Target_Only,7.907535357780132,500
NN_Target_Only,6.729054209377277,500
XGBoost_Pool,0.0960937098229911,500
KRR_Pool,1.5251025474327309,500
NN_Pool,3.822566923317015,500
XGBoost_TLCQM,0.1012195432503633,500
KRR_TLCQM,1.60008869144305,500
NN_TLCQM,0.1231277072869095,500
TKRR,1.858828271556868,100
CDAR,6.133687918743817,100
DARC,29.628321602047507,100
VNCD_MDD,0.1765244638038238,100
M3SDA_Reg,0.1142989655556414,100
CMSS_Reg,0.1155771760392456,100
TKRR,1.8880450553369723,200
CDAR,5.377377763219089,200
DARC,33.11573364382468,200
VNCD_MDD,0.1350356559331964,200
M3SDA_Reg,0.1143057866910738,200
CMSS_Reg,0.1110757257463223,200
TKRR,1.86461771346772,300
CDAR,5.427142300074192,300
DARC,32.93364656839988,300
VNCD_MDD,0.134244717682053,300
M3SDA_Reg,0.1156519842197621,300
CMSS_Reg,0.1084166002185465,300
TKRR,1.804267095440792,500
CDAR,5.455319015548627,500
DARC,32.79744642190644,500
VNCD_MDD,0.1245808155333229,500
M3SDA_Reg,0.1189272933543197,500
CMSS_Reg,0.1007194389080246,500
XGBoost_Target_Only,0.1182306406768041,100
KRR_Target_Only,29.28684426146057,100
NN_Target_Only,20.337392708071228,100
XGBoost_Pool,0.1013283566914361,100
KRR_Pool,1.619162459915057,100
NN_Pool,5.745385338596504,100
XGBoost_TLCQM,0.1030455310864007,100
KRR_TLCQM,1.7234078281938312,100
NN_TLCQM,0.1093263699891284,100
XGBoost_Target_Only,0.110041073385479,200
KRR_Target_Only,19.324374735189377,200
NN_Target_Only,20.06651459386489,200
XGBoost_Pool,0.0992824765124175,200
KRR_Pool,1.6262139407908405,200
NN_Pool,3.3768671363667493,200
XGBoost_TLCQM,0.1064683219531823,200
KRR_TLCQM,1.7516482110364575,200
NN_TLCQM,0.1060683631391453,200
XGBoost_Target_Only,0.1057050660392091,300
KRR_Target_Only,13.204294249692232,300
NN_Target_Only,0.2167785583970265,300
XGBoost_Pool,0.097884168192706,300
KRR_Pool,1.588472397644216,300
NN_Pool,5.896074753380885,300
XGBoost_TLCQM,0.1039076577580665,300
KRR_TLCQM,1.7125109267378489,300
NN_TLCQM,0.1066313877679386,300
XGBoost_Target_Only,0.0975322516418034,500
KRR_Target_Only,8.740819841873956,500
NN_Target_Only,1.3942061351061272,500
XGBoost_Pool,0.0967137036867379,500
KRR_Pool,1.4980240979392936,500
NN_Pool,3.60630303863304,500
XGBoost_TLCQM,0.1038155654843245,500
KRR_TLCQM,1.5767843898853893,500
NN_TLCQM,0.1825479907970233,500
TKRR,1.8869305508923877,100
CDAR,5.143446903445012,100
DARC,23.348067969745813,100
VNCD_MDD,0.1513165418349138,100
M3SDA_Reg,0.1123845676404402,100
CMSS_Reg,0.1147386076061158,100
TKRR,1.885170972335848,200
CDAR,5.962114577261233,200
DARC,31.66202473602745,200
VNCD_MDD,0.1427586861363639,200
M3SDA_Reg,0.1120328100322592,200
CMSS_Reg,0.1113663142186232,200
TKRR,1.9157343802010716,300
CDAR,5.903432414590851,300
DARC,32.00263449457892,300
VNCD_MDD,0.1324307892730603,300
M3SDA_Reg,0.1130453908900642,300
CMSS_Reg,0.1076380181933734,300
TKRR,1.795903897793673,500
CDAR,5.819351336751676,500
DARC,32.15294958491722,500
VNCD_MDD,0.1246456581476575,500
M3SDA_Reg,0.1161680328741388,500
CMSS_Reg,0.1021898597453779,500
XGBoost_Target_Only,0.1171320978967907,100
KRR_Target_Only,29.70016132913828,100
NN_Target_Only,19.70291705193312,100
XGBoost_Pool,0.1016441051053392,100
KRR_Pool,1.6482103007688078,100
NN_Pool,5.3390063932653655,100
XGBoost_TLCQM,0.1053680556852248,100
KRR_TLCQM,1.7576565558406405,100
NN_TLCQM,0.1058121046297021,100
XGBoost_Target_Only,0.1006802238464429,200
KRR_Target_Only,20.152837072829147,200
NN_Target_Only,20.902292243455783,200
XGBoost_Pool,0.0995976759976543,200
KRR_Pool,1.57484099864989,200
NN_Pool,3.4232028285643388,200
XGBoost_TLCQM,0.1002926438563363,200
KRR_TLCQM,1.6871685130217235,200
NN_TLCQM,0.1009350964365253,200
XGBoost_Target_Only,0.0978707628302362,300
KRR_Target_Only,15.042627157433648,300
NN_Target_Only,0.5251451989766192,300
XGBoost_Pool,0.0983536110182669,300
KRR_Pool,1.5352467420680338,300
NN_Pool,3.3306023332089585,300
XGBoost_TLCQM,0.0987618640807758,300
KRR_TLCQM,1.6528619417172483,300
NN_TLCQM,0.134614660384582,300
XGBoost_Target_Only,0.0939531276741089,500
KRR_Target_Only,9.43338290526853,500
NN_Target_Only,0.2301974747522753,500
XGBoost_Pool,0.0952061596200502,500
KRR_Pool,1.3604299290580109,500
NN_Pool,3.4289449463231536,500
XGBoost_TLCQM,0.1018030258061909,500
KRR_TLCQM,1.420889161524418,500
NN_TLCQM,0.14576070828369,500
TKRR,2.0877823811610607,100
CDAR,5.185911393621303,100
DARC,34.80365586861062,100
VNCD_MDD,0.1960405610431892,100
M3SDA_Reg,0.1101490636257002,100
CMSS_Reg,0.1111356090958657,100
TKRR,1.900823526961206,200
CDAR,5.014204132065292,200
DARC,26.86692057535396,200
VNCD_MDD,0.1726763968009249,200
M3SDA_Reg,0.1108833682472664,200
CMSS_Reg,0.1082855896452259,200
TKRR,1.8281136809584264,300
CDAR,4.9211401102048855,300
DARC,27.142447848449645,300
VNCD_MDD,0.1565069951396314,300
M3SDA_Reg,0.1168246124760924,300
CMSS_Reg,0.1070023133676967,300
TKRR,1.7204185334528508,500
CDAR,4.914603827442635,500
DARC,27.043535594085306,500
VNCD_MDD,0.1370223775557678,500
M3SDA_Reg,0.1168973564929193,500
CMSS_Reg,0.1044023778693178,500
XGBoost_Target_Only,0.116811427870865,100
KRR_Target_Only,28.72353397537527,100
NN_Target_Only,24.902531061111343,100
XGBoost_Pool,0.1021621139560771,100
KRR_Pool,1.5125813350487625,100
NN_Pool,5.728779689170436,100
XGBoost_TLCQM,0.135299003691185,100
KRR_TLCQM,1.5884589519394128,100
NN_TLCQM,0.1351889485869419,100
XGBoost_Target_Only,0.1034141299487015,200
KRR_Target_Only,18.260038242088243,200
NN_Target_Only,20.66260735838465,200
XGBoost_Pool,0.097725232015983,200
KRR_Pool,1.530433899641242,200
NN_Pool,3.589565622022527,200
XGBoost_TLCQM,0.1035854626649829,200
KRR_TLCQM,1.607719571163066,200
NN_TLCQM,0.1050761601224801,200
XGBoost_Target_Only,0.0966611399905423,300
KRR_Target_Only,13.717737191543428,300
NN_Target_Only,11.679863189800654,300
XGBoost_Pool,0.0958281611417417,300
KRR_Pool,1.4769296666865026,300
NN_Pool,5.743321471842387,300
XGBoost_TLCQM,0.1111480595163928,300
KRR_TLCQM,1.572796278219711,300
NN_TLCQM,0.1238732335210482,300
XGBoost_Target_Only,0.0940056453096954,500
KRR_Target_Only,8.916099661275641,500
NN_Target_Only,0.2530423084685728,500
XGBoost_Pool,0.0962078108044604,500
KRR_Pool,1.3612324922449797,500
NN_Pool,3.531827019777201,500
XGBoost_TLCQM,0.1057876019460161,500
KRR_TLCQM,1.447599814781271,500
NN_TLCQM,0.193238831941667,500
TKRR,1.8208280510099455,100
CDAR,6.2579287178097385,100
DARC,41.35687358286192,100
VNCD_MDD,0.1689957696818554,100
M3SDA_Reg,0.1191687972229334,100
CMSS_Reg,0.1168233214622119,100
TKRR,1.8358935320970091,200
CDAR,5.926368635100488,200
DARC,33.32262489393551,200
VNCD_MDD,0.1553975740125487,200
M3SDA_Reg,0.1067791378804129,200
CMSS_Reg,0.1081790119845397,200
TKRR,1.82029510052967,300
CDAR,5.986402160452838,300
DARC,33.68638312561378,300
VNCD_MDD,0.1482410885946823,300
M3SDA_Reg,0.1075471069045898,300
CMSS_Reg,0.1054844739502619,300
TKRR,1.688865681847861,500
CDAR,5.820387003789266,500
DARC,33.74503676118282,500
VNCD_MDD,0.1313066593362215,500
M3SDA_Reg,0.1130525066661638,500
CMSS_Reg,0.1008503837936112,500
XGBoost_Target_Only,0.1126183127579234,100
KRR_Target_Only,30.76650573551137,100
NN_Target_Only,20.305192688194904,100
XGBoost_Pool,0.1024489380580687,100
KRR_Pool,1.6186549019045602,100
NN_Pool,5.396998325252538,100
XGBoost_TLCQM,0.1018724162445958,100
KRR_TLCQM,1.7226849643912556,100
NN_TLCQM,0.1094199203919641,100
XGBoost_Target_Only,0.1065831757619954,200
KRR_Target_Only,19.63459229905227,200
NN_Target_Only,23.5222664409939,200
XGBoost_Pool,0.100112356894344,200
KRR_Pool,1.571462302942403,200
NN_Pool,3.735829044233646,200
XGBoost_TLCQM,0.1019499930541249,200
KRR_TLCQM,1.6938558202744691,200
NN_TLCQM,0.1071236231161057,200
XGBoost_Target_Only,0.1074411693327552,300
KRR_Target_Only,14.640128571719446,300
NN_Target_Only,8.391436636404052,300
XGBoost_Pool,0.1005115407627776,300
KRR_Pool,1.5829320544532397,300
NN_Pool,2.834843570271824,300
XGBoost_TLCQM,0.101927115337576,300
KRR_TLCQM,1.7067468001810144,300
NN_TLCQM,0.1667172936780483,300
XGBoost_Target_Only,0.1017615721868186,500
KRR_Target_Only,9.52344523442141,500
NN_Target_Only,1.6611920816924035,500
XGBoost_Pool,0.0969632109161246,500
KRR_Pool,1.543024169107371,500
NN_Pool,3.2345743564065663,500
XGBoost_TLCQM,0.1026777408819587,500
KRR_TLCQM,1.6617617167065015,500
NN_TLCQM,0.1083176243392893,500
TKRR,1.875022853840889,100
CDAR,5.388265104712851,100
DARC,30.88802340185844,100
VNCD_MDD,0.1635167870420068,100
M3SDA_Reg,0.1222459308667221,100
CMSS_Reg,0.1228142956411212,100
TKRR,1.8739972038627124,200
CDAR,5.3606142896654205,200
DARC,25.20185696170521,200
VNCD_MDD,0.1538693211679057,200
M3SDA_Reg,0.1357377650860371,200
CMSS_Reg,0.1123287827246337,200
TKRR,1.85174189841654,300
CDAR,5.361301033031881,300
DARC,25.55282598153556,300
VNCD_MDD,0.1416720712975073,300
M3SDA_Reg,0.1318978759026483,300
CMSS_Reg,0.1124849303122426,300
TKRR,1.846347531393342,500
CDAR,5.3700223071846445,500
DARC,25.253368542898706,500
VNCD_MDD,0.1442408992488141,500
M3SDA_Reg,0.1302980746044174,500
CMSS_Reg,0.1031342110150743,500
XGBoost_Target_Only,0.1088369647701156,100
KRR_Target_Only,28.935061112606554,100
NN_Target_Only,24.68765352420584,100
XGBoost_Pool,0.1018018405682546,100
KRR_Pool,1.58265014056608,100
NN_Pool,5.33429662385258,100
XGBoost_TLCQM,0.1083055150440474,100
KRR_TLCQM,1.6793246129391974,100
NN_TLCQM,0.1232374045483004,100
XGBoost_Target_Only,0.0983290059798294,200
KRR_Target_Only,19.43678488023414,200
NN_Target_Only,24.280967251386,200
XGBoost_Pool,0.0986642893386131,200
KRR_Pool,1.5612777232064907,200
NN_Pool,3.2506944797842463,200
XGBoost_TLCQM,0.1058430494687758,200
KRR_TLCQM,1.656132407059807,200
NN_TLCQM,0.4679577306462272,200
XGBoost_Target_Only,0.0945154802660774,300
KRR_Target_Only,13.964260821772369,300
NN_Target_Only,0.3101594948364663,300
XGBoost_Pool,0.0994847398768239,300
KRR_Pool,1.5192556854387544,300
NN_Pool,5.560306406376401,300
XGBoost_TLCQM,0.1036439213955832,300
KRR_TLCQM,1.6104648438238764,300
NN_TLCQM,0.1081651798375921,300
XGBoost_Target_Only,0.0948739317480258,500
KRR_Target_Only,8.652436311386547,500
NN_Target_Only,0.3914769136212869,500
XGBoost_Pool,0.0948277089738902,500
KRR_Pool,1.4142994120707275,500
NN_Pool,3.508653071259418,500
XGBoost_TLCQM,0.1046828731562009,500
KRR_TLCQM,1.4876818403408558,500
NN_TLCQM,0.1100591389862561,500
TKRR,2.02019026633152,100
CDAR,5.22565921948302,100
DARC,32.30887313408307,100
VNCD_MDD,0.1313122763545529,100
M3SDA_Reg,0.1252212854239951,100
CMSS_Reg,0.1064864867778666,100
TKRR,1.9956744037207976,200
CDAR,5.820509136512506,200
DARC,32.93264355693196,200
VNCD_MDD,0.136192737468862,200
M3SDA_Reg,0.1325311063672068,200
CMSS_Reg,0.1032649259072954,200
TKRR,1.8223622824536805,300
CDAR,5.812137263069524,300
DARC,33.09475607603754,300
VNCD_MDD,0.1302943908293658,300
M3SDA_Reg,0.1313227700600177,300
CMSS_Reg,0.1032354710077754,300
TKRR,1.781792650934109,500
CDAR,5.775485399815528,500
DARC,33.80069495672627,500
VNCD_MDD,0.1229308129287419,500
M3SDA_Reg,0.1277066686421492,500
CMSS_Reg,0.0968997196516437,500
XGBoost_Target_Only,0.1100616884249579,100
KRR_Target_Only,30.847449933504517,100
NN_Target_Only,22.05076268246707,100
XGBoost_Pool,0.0989005477118497,100
KRR_Pool,1.5719928506786964,100
NN_Pool,3.2799909128037443,100
XGBoost_TLCQM,0.104567504651158,100
KRR_TLCQM,1.6905594317333066,100
NN_TLCQM,0.104933722340517,100
XGBoost_Target_Only,0.1070193777915863,200
KRR_Target_Only,20.68032649352348,200
NN_Target_Only,21.517456399434607,200
XGBoost_Pool,0.0979913448612357,200
KRR_Pool,1.5622263420198408,200
NN_Pool,3.64984706302098,200
XGBoost_TLCQM,0.108429045624017,200
KRR_TLCQM,1.6589252686235263,200
NN_TLCQM,0.1132915701657194,200
XGBoost_Target_Only,0.1105875878883641,300
KRR_Target_Only,14.848897715887803,300
NN_Target_Only,7.514224646320478,300
XGBoost_Pool,0.0977946950248682,300
KRR_Pool,1.565047778841143,300
NN_Pool,4.31787807461051,300
XGBoost_TLCQM,0.1075775952573142,300
KRR_TLCQM,1.6581239956615266,300
NN_TLCQM,0.1100882647855845,300
XGBoost_Target_Only,0.0958106469181428,500
KRR_Target_Only,9.176921036532857,500
NN_Target_Only,0.142331289607027,500
XGBoost_Pool,0.09404309648194,500
KRR_Pool,1.522730569891283,500
NN_Pool,3.3164542848963983,500
XGBoost_TLCQM,0.1059302483779456,500
KRR_TLCQM,1.6101024391844485,500
NN_TLCQM,0.1107256163643169,500
TKRR,1.913511863925696,100
CDAR,5.289010991021787,100
DARC,33.49488614902168,100
VNCD_MDD,0.1777513738881076,100
M3SDA_Reg,0.1164223461023044,100
CMSS_Reg,0.1151900358606714,100
TKRR,1.9123358777706148,200
CDAR,5.653664362203339,200
DARC,35.17513605101529,200
VNCD_MDD,0.1472032296813751,200
M3SDA_Reg,0.1100393941734868,200
CMSS_Reg,0.1207136332599031,200
TKRR,1.843967386093463,300
CDAR,5.85410051427703,300
DARC,35.50661459282645,300
VNCD_MDD,0.1465660819142475,300
M3SDA_Reg,0.1122808770962126,300
CMSS_Reg,0.1204071945066874,300
TKRR,1.9092514226775128,500
CDAR,5.911371093853048,500
DARC,35.42312400229761,500
VNCD_MDD,0.143268659675197,500
M3SDA_Reg,0.1109198633038295,500
CMSS_Reg,0.113471861781813,500
XGBoost_Target_Only,0.1139215494768573,100
KRR_Target_Only,30.35925695036244,100
NN_Target_Only,23.96264107174575,100
XGBoost_Pool,0.1007724940113944,100
KRR_Pool,1.5636255338992264,100
NN_Pool,3.4349250288605977,100
XGBoost_TLCQM,0.1042046728068415,100
KRR_TLCQM,1.6565263358680042,100
NN_TLCQM,0.1182013390038421,100
XGBoost_Target_Only,0.1078696960306067,200
KRR_Target_Only,19.615053705599536,200
NN_Target_Only,23.95706661040346,200
XGBoost_Pool,0.0991678999987886,200
KRR_Pool,1.509067250723642,200
NN_Pool,3.312380215488123,200
XGBoost_TLCQM,0.1009054146103762,200
KRR_TLCQM,1.6121709196142715,200
NN_TLCQM,0.1050640013912108,200
XGBoost_Target_Only,0.1014428858074448,300
KRR_Target_Only,13.84539238296975,300
NN_Target_Only,0.2881511659421336,300
XGBoost_Pool,0.1006724665353435,300
KRR_Pool,1.5020642335895662,300
NN_Pool,3.2791249033105125,300
XGBoost_TLCQM,0.1035249978864068,300
KRR_TLCQM,1.601953539704979,300
NN_TLCQM,0.1045720654355478,300
XGBoost_Target_Only,0.094575455041557,500
KRR_Target_Only,9.338085165164918,500
NN_Target_Only,0.2960966313046127,500
XGBoost_Pool,0.0980878137812395,500
KRR_Pool,1.3958024650266816,500
NN_Pool,3.3821206499692584,500
XGBoost_TLCQM,0.1022257098319543,500
KRR_TLCQM,1.490544300624638,500
NN_TLCQM,0.1398690743595221,500
TKRR,2.0105457117869827,100
CDAR,5.305716800029499,100
DARC,29.48617398894992,100
VNCD_MDD,0.1601791772173329,100
M3SDA_Reg,0.1202001235106997,100
CMSS_Reg,0.1172466116411166,100
TKRR,1.9621175691391104,200
CDAR,5.35332180336046,200
DARC,39.97977924433743,200
VNCD_MDD,0.1443761076726602,200
M3SDA_Reg,0.1237785170783018,200
CMSS_Reg,0.113784014087783,200
TKRR,1.835140615630564,300
CDAR,5.315401231477501,300
DARC,39.3144604748308,300
VNCD_MDD,0.1506921579437183,300
M3SDA_Reg,0.1266778238519693,300
CMSS_Reg,0.1080431908280755,300
TKRR,1.6997469948428003,500
CDAR,5.26567934813292,500
DARC,38.82925804966059,500
VNCD_MDD,0.1321269675781619,500
M3SDA_Reg,0.1213826916287083,500
CMSS_Reg,0.1048162474602903,500
XGBoost_Target_Only,0.1194710614863847,100
KRR_Target_Only,28.42764819992219,100
NN_Target_Only,24.800936126089574,100
XGBoost_Pool,0.0998406061854843,100
KRR_Pool,1.5869006707138062,100
NN_Pool,5.339607409575267,100
XGBoost_TLCQM,0.1159470840281967,100
KRR_TLCQM,1.7109795164689467,100
NN_TLCQM,0.3877630637754466,100
XGBoost_Target_Only,0.1048159519416508,200
KRR_Target_Only,20.463527022359767,200
NN_Target_Only,22.49052497081746,200
XGBoost_Pool,0.0981292533605294,200
KRR_Pool,1.5385773125585709,200
NN_Pool,3.2474722619543366,200
XGBoost_TLCQM,0.0969190162814804,200
KRR_TLCQM,1.65029090154121,200
NN_TLCQM,0.0978694662947597,200
XGBoost_Target_Only,0.1051526048055645,300
KRR_Target_Only,14.798251186411992,300
NN_Target_Only,8.47894104393477,300
XGBoost_Pool,0.0951313521997353,300
KRR_Pool,1.482299724777714,300
NN_Pool,3.46373272581238,300
XGBoost_TLCQM,0.1067999127585409,300
KRR_TLCQM,1.5753142681909524,300
NN_TLCQM,0.2186567734646979,300
XGBoost_Target_Only,0.0942611108112211,500
KRR_Target_Only,9.030618152645491,500
NN_Target_Only,0.3359318113170307,500
XGBoost_Pool,0.0929270336997773,500
KRR_Pool,1.4835502762886366,500
NN_Pool,2.751948364179328,500
XGBoost_TLCQM,0.1041217284497672,500
KRR_TLCQM,1.5667060789860403,500
NN_TLCQM,0.2442110239389669,500
TKRR,1.848143739889379,100
CDAR,5.764132607844087,100
DARC,34.03470477226977,100
VNCD_MDD,0.1995432549500954,100
M3SDA_Reg,0.119429192421062,100
CMSS_Reg,0.1197840180829093,100
TKRR,1.841525754676863,200
CDAR,6.021531154360587,200
DARC,31.69938326991325,200
VNCD_MDD,0.1797051016408815,200
M3SDA_Reg,0.1248665671277974,200
CMSS_Reg,0.11413317725428,200
TKRR,1.9324113375804488,300
CDAR,6.051828880581693,300
DARC,31.712714307521157,300
VNCD_MDD,0.1528985786248071,300
M3SDA_Reg,0.1199485401595988,300
CMSS_Reg,0.116311569074968,300
TKRR,1.7716747420059669,500
CDAR,6.112010191605297,500
DARC,34.694395291851514,500
VNCD_MDD,0.1512681283949571,500
M3SDA_Reg,0.1196840578501216,500
CMSS_Reg,0.1070933627149723,500
XGBoost_Target_Only,0.1099037788083772,100
KRR_Target_Only,30.13015416551939,100
NN_Target_Only,23.40272860546975,100
XGBoost_Pool,0.1002227222735638,100
KRR_Pool,1.6329914299372148,100
NN_Pool,5.522687976137395,100
XGBoost_TLCQM,0.1057716181773347,100
KRR_TLCQM,1.7598854504294814,100
NN_TLCQM,0.199595758699094,100
XGBoost_Target_Only,0.0998361375129742,200
KRR_Target_Only,18.84547606918568,200
NN_Target_Only,23.035011120437456,200
XGBoost_Pool,0.100400316484039,200
KRR_Pool,1.575825987635742,200
NN_Pool,3.4615685295533454,200
XGBoost_TLCQM,0.1032266034427294,200
KRR_TLCQM,1.6824442813690352,200
NN_TLCQM,0.1076810976133148,200
XGBoost_Target_Only,0.0980534354007527,300
KRR_Target_Only,13.597941086122743,300
NN_Target_Only,6.795922289203202,300
XGBoost_Pool,0.0988374301957197,300
KRR_Pool,1.5762054795888358,300
NN_Pool,5.539319062442392,300
XGBoost_TLCQM,0.0992429813695959,300
KRR_TLCQM,1.6781245989277875,300
NN_TLCQM,0.114065587610013,300
XGBoost_Target_Only,0.0971864827992824,500
KRR_Target_Only,8.397741926536343,500
NN_Target_Only,0.30937796505866,500
XGBoost_Pool,0.0980672872931055,500
KRR_Pool,1.5555466450761108,500
NN_Pool,3.035386259529422,500
XGBoost_TLCQM,0.1035551462714299,500
KRR_TLCQM,1.63738842702983,500
NN_TLCQM,0.2107015956346302,500
TKRR,2.063144377020856,100
CDAR,6.231006806724348,100
DARC,27.11111757629414,100
VNCD_MDD,0.1863309021395018,100
M3SDA_Reg,0.1144536191982269,100
CMSS_Reg,0.1132196584236661,100
TKRR,1.8475477239701728,200
CDAR,5.264800437241901,200
DARC,30.871920987409883,200
VNCD_MDD,0.1548364380368695,200
M3SDA_Reg,0.1155624877586121,200
CMSS_Reg,0.1110757654194035,200
TKRR,1.9586491244534627,300
CDAR,5.489866698352257,300
DARC,31.050596360204903,300
VNCD_MDD,0.1329311427506684,300
M3SDA_Reg,0.1153867324998376,300
CMSS_Reg,0.1089674308185854,300
TKRR,1.81874291200968,500
CDAR,5.546686427821772,500
DARC,30.39118159726617,500
VNCD_MDD,0.1424686411870962,500
M3SDA_Reg,0.1172268057236069,500
CMSS_Reg,0.1057613486261506,500
XGBoost_Target_Only,0.1085741086793979,100
KRR_Target_Only,28.626417807335237,100
NN_Target_Only,18.196589883670796,100
XGBoost_Pool,0.0991730019353716,100
KRR_Pool,1.6405990446562388,100
NN_Pool,5.6533975439845765,100
XGBoost_TLCQM,0.1140212032711125,100
KRR_TLCQM,1.7443252966794494,100
NN_TLCQM,0.1146464442272899,100
XGBoost_Target_Only,0.1069205853209623,200
KRR_Target_Only,18.40375867655748,200
NN_Target_Only,20.17743807966003,200
XGBoost_Pool,0.0956540267088241,200
KRR_Pool,1.580465674129462,200
NN_Pool,3.786016410485984,200
XGBoost_TLCQM,0.1072664867492395,200
KRR_TLCQM,1.6933758784657835,200
NN_TLCQM,0.1105628622613142,200
XGBoost_Target_Only,0.0975132456740871,300
KRR_Target_Only,14.296824014504091,300
NN_Target_Only,0.3175840033527369,300
XGBoost_Pool,0.0963515974469059,300
KRR_Pool,1.5675588596774035,300
NN_Pool,5.372217099075885,300
XGBoost_TLCQM,0.101595437418534,300
KRR_TLCQM,1.677113889089475,300
NN_TLCQM,0.111257924287293,300
XGBoost_Target_Only,0.092693195954512,500
KRR_Target_Only,9.13613887493856,500
NN_Target_Only,0.2191101012445539,500
XGBoost_Pool,0.0954082061683309,500
KRR_Pool,1.4962011308413463,500
NN_Pool,3.666766169992874,500
XGBoost_TLCQM,0.1012153238057231,500
KRR_TLCQM,1.611514279013141,500
NN_TLCQM,0.1101638089541661,500
TKRR,2.041816824945593,100
CDAR,6.577891662406026,100
DARC,37.438367999727326,100
VNCD_MDD,0.1772819499288928,100
M3SDA_Reg,0.1109952598498448,100
CMSS_Reg,0.1219741037695744,100
TKRR,1.843240458214341,200
CDAR,5.917876472722996,200
DARC,42.28789317743279,200
VNCD_MDD,0.1683155209090696,200
M3SDA_Reg,0.1061302292599827,200
CMSS_Reg,0.1140830365995547,200
TKRR,2.013185961276517,300
CDAR,5.965981048929276,300
DARC,42.63904141184898,300
VNCD_MDD,0.1609857620684295,300
M3SDA_Reg,0.1137494146802347,300
CMSS_Reg,0.114244552939086,300
TKRR,1.8306835948446432,500
CDAR,5.8948261463007885,500
DARC,42.35960230756229,500
VNCD_MDD,0.123613216322743,500
M3SDA_Reg,0.1183878946456667,500
CMSS_Reg,0.1016687548057779,500
XGBoost_Target_Only,0.1150480341900366,100
KRR_Target_Only,30.26373056851567,100
NN_Target_Only,24.030777214678167,100
XGBoost_Pool,0.0998514641494549,100
KRR_Pool,1.60136555449099,100
NN_Pool,5.511718091406409,100
XGBoost_TLCQM,0.105242620560587,100
KRR_TLCQM,1.7023948587590845,100
NN_TLCQM,0.1314463276592855,100
XGBoost_Target_Only,0.1062052457133045,200
KRR_Target_Only,18.705358265382152,200
NN_Target_Only,24.14276133625086,200
XGBoost_Pool,0.0962120938859717,200
KRR_Pool,1.5569980161804051,200
NN_Pool,3.123228160098041,200
XGBoost_TLCQM,0.1150655897519063,200
KRR_TLCQM,1.6612407982673725,200
NN_TLCQM,0.143296154761928,200
XGBoost_Target_Only,0.0998348637390501,300
KRR_Target_Only,14.7478647545932,300
NN_Target_Only,0.4467934180065305,300
XGBoost_Pool,0.0957333755785432,300
KRR_Pool,1.5009270269921535,300
NN_Pool,5.001198997105012,300
XGBoost_TLCQM,0.1126757369548274,300
KRR_TLCQM,1.6100589867512909,300
NN_TLCQM,0.1363604901577735,300
XGBoost_Target_Only,0.0919542940651084,500
KRR_Target_Only,9.449394453364098,500
NN_Target_Only,0.6651011741257759,500
XGBoost_Pool,0.0909651679513548,500
KRR_Pool,1.498083479441599,500
NN_Pool,3.7567277204550575,500
XGBoost_TLCQM,0.1060117758210501,500
KRR_TLCQM,1.6066396975705926,500
NN_TLCQM,0.1122669394241579,500
TKRR,1.873060391223181,100
CDAR,5.181655145828784,100
DARC,26.38723562079005,100
VNCD_MDD,0.1700518114550799,100
M3SDA_Reg,0.114081226486656,100
CMSS_Reg,0.1165531845595953,100
TKRR,1.9881727126379292,200
CDAR,5.990094513252944,200
DARC,30.214273192448395,200
VNCD_MDD,0.1478778868154086,200
M3SDA_Reg,0.1232219154766115,200
CMSS_Reg,0.1172688171627891,200
TKRR,1.798271007640955,300
CDAR,5.955550170775117,300
DARC,33.17108589608357,300
VNCD_MDD,0.1403532191848158,300
M3SDA_Reg,0.1203836981683624,300
CMSS_Reg,0.1117555440699268,300
TKRR,1.9905724397893043,500
CDAR,5.9500743436493,500
DARC,32.22760108210603,500
VNCD_MDD,0.1309649643279919,500
M3SDA_Reg,0.1200719845776526,500
CMSS_Reg,0.1078243477040867,500
XGBoost_Target_Only,0.1249427663400581,100
KRR_Target_Only,31.01649209708006,100
NN_Target_Only,23.30089973532033,100
XGBoost_Pool,0.0992695323958474,100
KRR_Pool,1.6188549289209095,100
NN_Pool,6.095591007079578,100
XGBoost_TLCQM,0.1144689386136525,100
KRR_TLCQM,1.7064416435236789,100
NN_TLCQM,0.1215693767833092,100
XGBoost_Target_Only,0.1173698769146808,200
KRR_Target_Only,19.976868612000796,200
NN_Target_Only,22.594682970378155,200
XGBoost_Pool,0.0996141944489952,200
KRR_Pool,1.5334996830763687,200
NN_Pool,3.099301613130319,200
XGBoost_TLCQM,0.1131393364761544,200
KRR_TLCQM,1.6242994465071696,200
NN_TLCQM,0.1200831144264834,200
XGBoost_Target_Only,0.1102549506528329,300
KRR_Target_Only,14.164299077290782,300
NN_Target_Only,6.232172147995893,300
XGBoost_Pool,0.0982364584098231,300
KRR_Pool,1.5198150482767452,300
NN_Pool,3.5501667835756203,300
XGBoost_TLCQM,0.1076529815421533,300
KRR_TLCQM,1.6031222972524817,300
NN_TLCQM,0.1117804968458739,300
XGBoost_Target_Only,0.0928052406618817,500
KRR_Target_Only,8.411068661420678,500
NN_Target_Only,0.7165805342726326,500
XGBoost_Pool,0.094432610481303,500
KRR_Pool,1.384628990262082,500
NN_Pool,3.228984588923915,500
XGBoost_TLCQM,0.1051011852145603,500
KRR_TLCQM,1.4634524241682714,500
NN_TLCQM,0.1159512047859115,500
TKRR,2.114933476440333,100
CDAR,5.861250514525951,100
DARC,33.38625881073734,100
VNCD_MDD,0.154110080794413,100
M3SDA_Reg,0.1179810136313318,100
CMSS_Reg,0.1051112859858417,100
TKRR,1.9096853112529948,200
CDAR,6.232959570068064,200
DARC,32.2244865993776,200
VNCD_MDD,0.1379515659159756,200
M3SDA_Reg,0.1159096592743949,200
CMSS_Reg,0.1057083263037729,200
TKRR,1.8309410591715725,300
CDAR,6.22019140846433,300
DARC,32.62613725895524,300
VNCD_MDD,0.1349625368620003,300
M3SDA_Reg,0.1178089405947053,300
CMSS_Reg,0.1040489512990214,300
TKRR,1.6691545429978745,500
CDAR,6.295901176460659,500
DARC,32.502310163686786,500
VNCD_MDD,0.1188241236835052,500
M3SDA_Reg,0.1191083418059117,500
CMSS_Reg,0.0999500352688552,500
XGBoost_Target_Only,0.1172128381149277,100
KRR_Target_Only,30.38449179787746,100
NN_Target_Only,27.931775089640563,100
XGBoost_Pool,0.1034609078922812,100
KRR_Pool,1.597417298400928,100
NN_Pool,5.404350424659043,100
XGBoost_TLCQM,0.1002755998457903,100
KRR_TLCQM,1.7178965216174826,100
NN_TLCQM,0.1203727588864631,100
XGBoost_Target_Only,0.0985925675920717,200
KRR_Target_Only,18.046251403958685,200
NN_Target_Only,26.39347313757269,200
XGBoost_Pool,0.1006586465321429,200
KRR_Pool,1.5589240575040593,200
NN_Pool,3.4797470723984167,200
XGBoost_TLCQM,0.0998919185162543,200
KRR_TLCQM,1.6681091339485077,200
NN_TLCQM,0.1206595626384707,200
XGBoost_Target_Only,0.0978265709603276,300
KRR_Target_Only,14.628056646239706,300
NN_Target_Only,7.229852681673129,300
XGBoost_Pool,0.0982667610375917,300
KRR_Pool,1.5178267438620932,300
NN_Pool,3.21339739570684,300
XGBoost_TLCQM,0.102825371297092,300
KRR_TLCQM,1.6114691778229302,300
NN_TLCQM,0.1070060244300652,300
XGBoost_Target_Only,0.0977249817459825,500
KRR_Target_Only,9.435235209384729,500
NN_Target_Only,1.2463275928581743,500
XGBoost_Pool,0.0955270962001995,500
KRR_Pool,1.4412295127542003,500
NN_Pool,5.001311605609382,500
XGBoost_TLCQM,0.100323709138994,500
KRR_TLCQM,1.536886706492118,500
NN_TLCQM,0.1151701294043387,500
TKRR,1.855556034401844,100
CDAR,5.957141357006439,100
DARC,37.14207319724193,100
VNCD_MDD,0.1637952636139712,100
M3SDA_Reg,0.1254349845932392,100
CMSS_Reg,0.1169364722383481,100
TKRR,1.8065654682433463,200
CDAR,6.072595279522647,200
DARC,28.76594667913932,200
VNCD_MDD,0.1363777935944779,200
M3SDA_Reg,0.1227028541401809,200
CMSS_Reg,0.1126183816255376,200
TKRR,1.820904843959922,300
CDAR,5.753196842041631,300
DARC,27.57724143881241,300
VNCD_MDD,0.1267042510007451,300
M3SDA_Reg,0.1199895869227428,300
CMSS_Reg,0.1082339805352519,300
TKRR,1.7915863207200275,500
CDAR,5.679357441154746,500
DARC,26.65360918952616,500
VNCD_MDD,0.127301196943582,500
M3SDA_Reg,0.1222604434522861,500
CMSS_Reg,0.1059441693519625,500
XGBoost_Target_Only,0.1213975212338515,100
KRR_Target_Only,32.04751040775226,100
NN_Target_Only,26.50579256864312,100
XGBoost_Pool,0.1002990640578337,100
KRR_Pool,1.5071907060065826,100
NN_Pool,5.496839475646397,100
XGBoost_TLCQM,0.1095652811324904,100
KRR_TLCQM,1.6010138725702754,100
NN_TLCQM,0.1269093301096386,100
XGBoost_Target_Only,0.1101944395401417,200
KRR_Target_Only,20.49287468652947,200
NN_Target_Only,27.370098615140517,200
XGBoost_Pool,0.0979768579830657,200
KRR_Pool,1.4818321495730418,200
NN_Pool,3.289484423477627,200
XGBoost_TLCQM,0.1039709178088848,200
KRR_TLCQM,1.5735512043004305,200
NN_TLCQM,0.1068239552533575,200
XGBoost_Target_Only,0.0988038208191721,300
KRR_Target_Only,14.188000657192394,300
NN_Target_Only,0.82431448667713,300
XGBoost_Pool,0.0958295618082665,300
KRR_Pool,1.366150412362401,300
NN_Pool,3.3641202842433096,300
XGBoost_TLCQM,0.0991671240330543,300
KRR_TLCQM,1.4477836675523812,300
NN_TLCQM,0.1044699382168348,300
XGBoost_Target_Only,0.0952911189615186,500
KRR_Target_Only,8.593080139738346,500
NN_Target_Only,0.217012881738869,500
XGBoost_Pool,0.0945819244972936,500
KRR_Pool,1.3109758703318422,500
NN_Pool,3.0094963579096228,500
XGBoost_TLCQM,0.1007552736306749,500
KRR_TLCQM,1.3922591256619896,500
NN_TLCQM,0.105827277551344,500
TKRR,1.7982070042285438,100
CDAR,6.382410846887184,100
DARC,30.401102618164696,100
VNCD_MDD,0.1534721659036335,100
M3SDA_Reg,0.1168390655742464,100
CMSS_Reg,0.1201113149380948,100
TKRR,1.8127556042747364,200
CDAR,6.096671134098304,200
DARC,31.110336798454437,200
VNCD_MDD,0.1410081883673663,200
M3SDA_Reg,0.1179467882377426,200
CMSS_Reg,0.1103977176754277,200
TKRR,1.850157422558254,300
CDAR,5.8429780671327824,300
DARC,30.583876373482425,300
VNCD_MDD,0.1323759776401892,300
M3SDA_Reg,0.1153173797829935,300
CMSS_Reg,0.1054774668092782,300
TKRR,1.6216873598948152,500
CDAR,5.6290031456921135,500
DARC,29.486826384392923,500
VNCD_MDD,0.1375852736900032,500
M3SDA_Reg,0.1212278862466782,500
CMSS_Reg,0.1034188380008366,500
XGBoost_Target_Only,0.1052122590280602,100
KRR_Target_Only,28.69665440018385,100
NN_Target_Only,20.97199303247848,100
XGBoost_Pool,0.1019747986783919,100
KRR_Pool,1.6115671948367305,100
NN_Pool,4.00275752323815,100
XGBoost_TLCQM,0.1022088486870783,100
KRR_TLCQM,1.7103682808808145,100
NN_TLCQM,0.130864560125206,100
XGBoost_Target_Only,0.1107239897683214,200
KRR_Target_Only,19.3114294104124,200
NN_Target_Only,21.096328328821,200
XGBoost_Pool,0.1016887981464965,200
KRR_Pool,1.5875450962069686,200
NN_Pool,3.865088616280198,200
XGBoost_TLCQM,0.1037008338830737,200
KRR_TLCQM,1.6829403829986345,200
NN_TLCQM,0.4211566342866144,200
XGBoost_Target_Only,0.105831890405106,300
KRR_Target_Only,13.538073371374328,300
NN_Target_Only,0.86583175268862,300
XGBoost_Pool,0.1017715015627265,300
KRR_Pool,1.486249842702389,300
NN_Pool,5.60985430530908,300
XGBoost_TLCQM,0.1012104571611315,300
KRR_TLCQM,1.5711444170386597,300
NN_TLCQM,0.1069730406648155,300
XGBoost_Target_Only,0.0980185791625762,500
KRR_Target_Only,8.663321955418697,500
NN_Target_Only,0.1896813547126514,500
XGBoost_Pool,0.0990071054608748,500
KRR_Pool,1.474533830757149,500
NN_Pool,3.6302095049103937,500
XGBoost_TLCQM,0.1019881019835077,500
KRR_TLCQM,1.558362391594834,500
NN_TLCQM,0.1848774024307651,500
TKRR,1.9541639479145891,100
CDAR,5.233741434631591,100
DARC,21.958753004512594,100
VNCD_MDD,0.1593154934428046,100
M3SDA_Reg,0.1175713408144696,100
CMSS_Reg,0.1114835834800383,100
TKRR,1.9910644557736392,200
CDAR,6.119047521044729,200
DARC,18.579713806113546,200
VNCD_MDD,0.1454403048196644,200
M3SDA_Reg,0.1196012156475082,200
CMSS_Reg,0.1125884423633199,200
TKRR,1.9264065945797169,300
CDAR,6.02132676571854,300
DARC,19.07282758517853,300
VNCD_MDD,0.13327566121867,300
M3SDA_Reg,0.1242664904765731,300
CMSS_Reg,0.1110222990444434,300
TKRR,1.8039071168902925,500
CDAR,6.040280983235304,500
DARC,18.823792907832715,500
VNCD_MDD,0.1263249157837522,500
M3SDA_Reg,0.1214104715051903,500
CMSS_Reg,0.109592928599642,500
XGBoost_Target_Only,0.1127176038140231,100
KRR_Target_Only,27.78248382860917,100
NN_Target_Only,19.847242833933404,100
XGBoost_Pool,0.0985419687478934,100
KRR_Pool,1.6162568009388032,100
NN_Pool,5.455069892267562,100
XGBoost_TLCQM,0.1065067794499449,100
KRR_TLCQM,1.7333346209061222,100
NN_TLCQM,0.1218289211872589,100
XGBoost_Target_Only,0.0993864882624672,200
KRR_Target_Only,19.072890886894825,200
NN_Target_Only,18.643955327590643,200
XGBoost_Pool,0.0979565731013677,200
KRR_Pool,1.6058075385173376,200
NN_Pool,3.44259989862656,200
XGBoost_TLCQM,0.1038357950129448,200
KRR_TLCQM,1.7265960338972035,200
NN_TLCQM,0.1056970809582576,200
XGBoost_Target_Only,0.0971470226408261,300
KRR_Target_Only,13.663671174190982,300
NN_Target_Only,13.02492019393095,300
XGBoost_Pool,0.0986202662117829,300
KRR_Pool,1.5965657054087614,300
NN_Pool,3.4048656188294,300
XGBoost_TLCQM,0.1021236698872042,300
KRR_TLCQM,1.711610064713852,300
NN_TLCQM,0.1235516500844308,300
XGBoost_Target_Only,0.0956107308056471,500
KRR_Target_Only,9.279099949315746,500
NN_Target_Only,0.3089408861075887,500
XGBoost_Pool,0.0952564572200291,500
KRR_Pool,1.5351759921427457,500
NN_Pool,4.345094726430557,500
XGBoost_TLCQM,0.0996247779773113,500
KRR_TLCQM,1.6343826665328325,500
NN_TLCQM,0.1052797836070496,500
TKRR,2.051620169747584,100
CDAR,5.516698622644917,100
DARC,40.34289752734869,100
VNCD_MDD,0.1552262678752824,100
M3SDA_Reg,0.1113559297362071,100
CMSS_Reg,0.1150862132872729,100
TKRR,2.0843919555071166,200
CDAR,5.745937734591619,200
DARC,27.53612796734856,200
VNCD_MDD,0.1410225590582276,200
M3SDA_Reg,0.1095804859096753,200
CMSS_Reg,0.1093700691327813,200
TKRR,1.974734859955756,300
CDAR,5.807114125151809,300
DARC,27.775896757082982,300
VNCD_MDD,0.1387278294363932,300
M3SDA_Reg,0.1099523069712058,300
CMSS_Reg,0.1101584572665234,300
TKRR,1.8040272984264627,500
CDAR,5.562486769948823,500
DARC,26.472314571589997,500
VNCD_MDD,0.124657334185715,500
M3SDA_Reg,0.1126244668275492,500
CMSS_Reg,0.1002709146493313,500
XGBoost_Target_Only,0.1240727649224787,100
KRR_Target_Only,30.410257683065375,100
NN_Target_Only,20.289895977452154,100
XGBoost_Pool,0.1013812019749101,100
KRR_Pool,1.6510835704459803,100
NN_Pool,5.422401358763692,100
XGBoost_TLCQM,0.1271042085280798,100
KRR_TLCQM,1.821896464381967,100
NN_TLCQM,0.1317864904267973,100
XGBoost_Target_Only,0.1062716300909228,200
KRR_Target_Only,18.996196179994733,200
NN_Target_Only,21.053205521234048,200
XGBoost_Pool,0.1004663884940713,200
KRR_Pool,1.6391355942031434,200
NN_Pool,3.216543577948044,200
XGBoost_TLCQM,0.1009078240679998,200
KRR_TLCQM,1.763450191310234,200
NN_TLCQM,0.2929352294825741,200
XGBoost_Target_Only,0.1108590284367089,300
KRR_Target_Only,14.261496882413711,300
NN_Target_Only,8.394044716789647,300
XGBoost_Pool,0.0997203454326613,300
KRR_Pool,1.545227498634531,300
NN_Pool,2.904532947034466,300
XGBoost_TLCQM,0.1047916869224466,300
KRR_TLCQM,1.641520467400408,300
NN_TLCQM,0.1056618589296236,300
XGBoost_Target_Only,0.0978540813482506,500
KRR_Target_Only,9.65837541501326,500
NN_Target_Only,0.4574971847646884,500
XGBoost_Pool,0.0965381251394577,500
KRR_Pool,1.4782113048382517,500
NN_Pool,4.45162236991692,500
XGBoost_TLCQM,0.1052457715943068,500
KRR_TLCQM,1.5689573267369217,500
NN_TLCQM,0.1395359780482923,500
TKRR,2.011516428670236,100
CDAR,5.94815980396643,100
DARC,36.54717268878287,100
VNCD_MDD,0.1654920828828442,100
M3SDA_Reg,0.1225017208020639,100
CMSS_Reg,0.1096317471421237,100
TKRR,1.9100734794564935,200
CDAR,6.334053740168448,200
DARC,41.6301755470025,200
VNCD_MDD,0.1714599654651933,200
M3SDA_Reg,0.1210904952964175,200
CMSS_Reg,0.1108578571423339,200
TKRR,1.808598005000701,300
CDAR,6.258709610610507,300
DARC,41.69491717738826,300
VNCD_MDD,0.1512473268403974,300
M3SDA_Reg,0.1217411948162534,300
CMSS_Reg,0.1055247460656045,300
TKRR,1.7929398971426178,500
CDAR,6.264575163366677,500
DARC,41.721667085236525,500
VNCD_MDD,0.13184551167838,500
M3SDA_Reg,0.1255292103964323,500
CMSS_Reg,0.0997659283659648,500
XGBoost_Target_Only,0.1063509837920287,100
KRR_Target_Only,29.985433212300265,100
NN_Target_Only,23.322387961086832,100
XGBoost_Pool,0.1001016864340367,100
KRR_Pool,1.5911706608992118,100
NN_Pool,5.942252474822717,100
XGBoost_TLCQM,0.1104494977068411,100
KRR_TLCQM,1.6987742839250488,100
NN_TLCQM,0.1117113860156138,100
XGBoost_Target_Only,0.1015471287166055,200
KRR_Target_Only,19.110233503881773,200
NN_Target_Only,20.930699911131764,200
XGBoost_Pool,0.0998138586154335,200
KRR_Pool,1.6041027482953103,200
NN_Pool,3.3803629904292483,200
XGBoost_TLCQM,0.110746376265418,200
KRR_TLCQM,1.7146661620202142,200
NN_TLCQM,0.5649643895106967,200
XGBoost_Target_Only,0.0960134413052764,300
KRR_Target_Only,13.552991220453816,300
NN_Target_Only,0.9540469104717346,300
XGBoost_Pool,0.097678016323596,300
KRR_Pool,1.5699277383018468,300
NN_Pool,3.4330210304465143,300
XGBoost_TLCQM,0.100379886628401,300
KRR_TLCQM,1.6702485110363228,300
NN_TLCQM,0.1019196502595187,300
XGBoost_Target_Only,0.0955240365040347,500
KRR_Target_Only,8.91568770127285,500
NN_Target_Only,0.1844766288178232,500
XGBoost_Pool,0.0953718478504014,500
KRR_Pool,1.5429047242702123,500
NN_Pool,5.079349272880049,500
XGBoost_TLCQM,0.1032282399475713,500
KRR_TLCQM,1.6367021542484603,500
NN_TLCQM,0.2798844729268622,500
TKRR,1.868388644392572,100
CDAR,5.61023475109708,100
DARC,29.06741201985528,100
VNCD_MDD,0.1623651461648643,100
M3SDA_Reg,0.1098837297807632,100
CMSS_Reg,0.1049574806876392,100
TKRR,1.9413795522952948,200
CDAR,5.373617942026264,200
DARC,41.21527625367815,200
VNCD_MDD,0.1331614942244998,200
M3SDA_Reg,0.1109363343557773,200
CMSS_Reg,0.1059516821645279,200
TKRR,1.832798063470457,300
CDAR,5.328462273196525,300
DARC,41.82304542332087,300
VNCD_MDD,0.1386059230564677,300
M3SDA_Reg,0.1135599663070654,300
CMSS_Reg,0.1036169725677854,300
TKRR,1.813042353015252,500
CDAR,5.339995987084983,500
DARC,42.677507270457774,500
VNCD_MDD,0.1272007324667729,500
M3SDA_Reg,0.1165544386752618,500
CMSS_Reg,0.1045948941499769,500
XGBoost_Target_Only,0.1328000315409312,100
KRR_Target_Only,29.39184153702355,100
NN_Target_Only,24.057256897710243,100
XGBoost_Pool,0.0997093870782001,100
KRR_Pool,1.5698626676015586,100
NN_Pool,5.737694408670087,100
XGBoost_TLCQM,0.1048160259123317,100
KRR_TLCQM,1.673241374455921,100
NN_TLCQM,0.1049283153061095,100
XGBoost_Target_Only,0.1033554769101276,200
KRR_Target_Only,19.433258991043203,200
NN_Target_Only,27.143732077018026,200
XGBoost_Pool,0.0970447862098834,200
KRR_Pool,1.5099131129256065,200
NN_Pool,3.2824002109323804,200
XGBoost_TLCQM,0.1030974408892356,200
KRR_TLCQM,1.6073091423855137,200
NN_TLCQM,0.1091218139741194,200
XGBoost_Target_Only,0.0999764064976053,300
KRR_Target_Only,15.227476917650026,300
NN_Target_Only,8.98209589533947,300
XGBoost_Pool,0.0967052464285451,300
KRR_Pool,1.5121720859316892,300
NN_Pool,5.896996617111115,300
XGBoost_TLCQM,0.1018520621847004,300
KRR_TLCQM,1.6100977790728237,300
NN_TLCQM,0.1210352073103858,300
XGBoost_Target_Only,0.0923756778738369,500
KRR_Target_Only,9.317539963588748,500
NN_Target_Only,0.9206676439802404,500
XGBoost_Pool,0.096553057534264,500
KRR_Pool,1.4426316836921314,500
NN_Pool,2.788875599927323,500
XGBoost_TLCQM,0.0992811597775785,500
KRR_TLCQM,1.5242702163412851,500
NN_TLCQM,0.1209831326497373,500
TKRR,1.848834867538042,100
CDAR,6.004399782880832,100
DARC,31.16621623231406,100
VNCD_MDD,0.1566576667737184,100
M3SDA_Reg,0.1104284906485361,100
CMSS_Reg,0.110313632638572,100
TKRR,2.045362877171089,200
CDAR,6.655673120919931,200
DARC,35.610195906875504,200
VNCD_MDD,0.1491855215112285,200
M3SDA_Reg,0.1129187906122783,200
CMSS_Reg,0.1094210154121952,200
TKRR,1.789277379116615,300
CDAR,6.034856157707349,300
DARC,35.68232200321009,300
VNCD_MDD,0.132747600261292,300
M3SDA_Reg,0.1144190013777027,300
CMSS_Reg,0.1069175812725801,300
TKRR,1.769831911943825,500
CDAR,5.865334435758092,500
DARC,37.40128452731093,500
VNCD_MDD,0.1316404537450158,500
M3SDA_Reg,0.1204671789474055,500
CMSS_Reg,0.100628191183174,500
XGBoost_Target_Only,0.1256810162858498,100
KRR_Target_Only,29.994858736063023,100
NN_Target_Only,20.024334073530955,100
XGBoost_Pool,0.1024331584166189,100
KRR_Pool,1.6340253626818078,100
NN_Pool,5.812165790914026,100
XGBoost_TLCQM,0.1065113240551834,100
KRR_TLCQM,1.781788607140737,100
NN_TLCQM,0.1136269885367323,100
XGBoost_Target_Only,0.1095164548177406,200
KRR_Target_Only,20.02294348012277,200
NN_Target_Only,22.37858387733456,200
XGBoost_Pool,0.0988244976201667,200
KRR_Pool,1.5952461844966528,200
NN_Pool,4.015490437779679,200
XGBoost_TLCQM,0.1011745404999812,200
KRR_TLCQM,1.72458273484488,200
NN_TLCQM,0.1093507579822841,200
XGBoost_Target_Only,0.1011064240726077,300
KRR_Target_Only,14.61154811744907,300
NN_Target_Only,0.4757304272849103,300
XGBoost_Pool,0.0970856565556003,300
KRR_Pool,1.5348209929000791,300
NN_Pool,2.764226218888897,300
XGBoost_TLCQM,0.1026543906804045,300
KRR_TLCQM,1.6431870317877408,300
NN_TLCQM,0.1261007244175064,300
XGBoost_Target_Only,0.0948052532405264,500
KRR_Target_Only,9.665833872642253,500
NN_Target_Only,0.2876951864482962,500
XGBoost_Pool,0.0951064935829267,500
KRR_Pool,1.453129941690767,500
NN_Pool,2.8163120457067885,500
XGBoost_TLCQM,0.1044638287502625,500
KRR_TLCQM,1.5393269643854486,500
NN_TLCQM,0.1071118857338048,500
TKRR,1.9780611542884343,100
CDAR,5.878062714871942,100
DARC,33.23039794259282,100
VNCD_MDD,0.155643050934684,100
M3SDA_Reg,0.1174673347736355,100
CMSS_Reg,0.11551044976958,100
TKRR,1.9090075874946628,200
CDAR,5.907923168191021,200
DARC,31.37959404726077,200
VNCD_MDD,0.1494476965521553,200
M3SDA_Reg,0.1244560641840387,200
CMSS_Reg,0.1137397968924659,200
TKRR,1.873594626127296,300
CDAR,5.885421589309798,300
DARC,31.53145916384992,300
VNCD_MDD,0.1376443667466332,300
M3SDA_Reg,0.1166981169685192,300
CMSS_Reg,0.1039985200784738,300
TKRR,1.710071082247983,500
CDAR,5.863823313942711,500
DARC,31.347504638921876,500
VNCD_MDD,0.1302237787270703,500
M3SDA_Reg,0.1160150660894993,500
CMSS_Reg,0.1033079627575395,500
XGBoost_Target_Only,0.117415573705418,100
KRR_Target_Only,29.76828508556184,100
NN_Target_Only,24.67444733705481,100
XGBoost_Pool,0.0981091026654894,100
KRR_Pool,1.5752095690411594,100
NN_Pool,5.702290927369464,100
XGBoost_TLCQM,0.1034997642893213,100
KRR_TLCQM,1.7025669172867308,100
NN_TLCQM,0.3358378452663415,100
XGBoost_Target_Only,0.1061064187281086,200
KRR_Target_Only,20.37482583768067,200
NN_Target_Only,23.371527310413317,200
XGBoost_Pool,0.0987561462304334,200
KRR_Pool,1.5718837561095458,200
NN_Pool,3.3343801883215494,200
XGBoost_TLCQM,0.1111884248802257,200
KRR_TLCQM,1.685906282624081,200
NN_TLCQM,0.1825707557951694,200
XGBoost_Target_Only,0.1001141963965569,300
KRR_Target_Only,15.379182425744814,300
NN_Target_Only,6.838176057997443,300
XGBoost_Pool,0.0985632624143199,300
KRR_Pool,1.5620470530151,300
NN_Pool,6.105526041788178,300
XGBoost_TLCQM,0.1060137857015535,300
KRR_TLCQM,1.666693023288773,300
NN_TLCQM,0.1720796020707582,300
XGBoost_Target_Only,0.096044875511521,500
KRR_Target_Only,10.198933555495794,500
NN_Target_Only,0.2027613806666653,500
XGBoost_Pool,0.0964087274878136,500
KRR_Pool,1.442539894496573,500
NN_Pool,3.2843905239391247,500
XGBoost_TLCQM,0.1053998812184344,500
KRR_TLCQM,1.524493167169247,500
NN_TLCQM,0.1135767746030388,500
TKRR,1.887540145800728,100
CDAR,5.472357493433317,100
DARC,30.234767860815467,100
VNCD_MDD,0.1748301820427168,100
M3SDA_Reg,0.1164383095866322,100
CMSS_Reg,0.1254574469097429,100
TKRR,1.8835501077119463,200
CDAR,6.137187248158995,200
DARC,38.80266138678952,200
VNCD_MDD,0.1674349123542998,200
M3SDA_Reg,0.1223362251107728,200
CMSS_Reg,0.1200391705195205,200
TKRR,1.8674403138932236,300
CDAR,6.130617327192362,300
DARC,38.80658780524413,300
VNCD_MDD,0.1527499163940795,300
M3SDA_Reg,0.1262324310004491,300
CMSS_Reg,0.1149804906949494,300
TKRR,1.7742230885087038,500
CDAR,6.066350819106948,500
DARC,39.42687394532273,500
VNCD_MDD,0.1365239172517793,500
M3SDA_Reg,0.1231570040915773,500
CMSS_Reg,0.1043927772373493,500
XGBoost_Target_Only,0.1109693431501343,100
KRR_Target_Only,28.72788755404143,100
NN_Target_Only,18.01539760970801,100
XGBoost_Pool,0.0997493168514256,100
KRR_Pool,1.6350717003403148,100
NN_Pool,3.347898177888134,100
XGBoost_TLCQM,0.1202866755479057,100
KRR_TLCQM,1.720632178756999,100
NN_TLCQM,0.1196221471129542,100
XGBoost_Target_Only,0.1023750741742976,200
KRR_Target_Only,18.76897537062052,200
NN_Target_Only,20.19437436945065,200
XGBoost_Pool,0.0966108065027214,200
KRR_Pool,1.532426733072885,200
NN_Pool,3.638233594959371,200
XGBoost_TLCQM,0.1130650305837965,200
KRR_TLCQM,1.609223520705675,200
NN_TLCQM,0.1133817354904981,200
XGBoost_Target_Only,0.0996730758074798,300
KRR_Target_Only,14.244717075220114,300
NN_Target_Only,6.952191732061016,300
XGBoost_Pool,0.0964301496257736,300
KRR_Pool,1.544652241262769,300
NN_Pool,6.229327016368605,300
XGBoost_TLCQM,0.1132823390544729,300
KRR_TLCQM,1.6424836869463555,300
NN_TLCQM,0.3536150570730402,300
XGBoost_Target_Only,0.1011276963608118,500
KRR_Target_Only,9.252704303436976,500
NN_Target_Only,0.2116852424626876,500
XGBoost_Pool,0.0937354256662542,500
KRR_Pool,1.5001187943335863,500
NN_Pool,3.406870832726513,500
XGBoost_TLCQM,0.0988377151241908,500
KRR_TLCQM,1.6021073724445216,500
NN_TLCQM,0.1136855211940302,500
TKRR,1.8926055059897684,100
CDAR,6.640974692711161,100
DARC,25.919777566994043,100
VNCD_MDD,0.1488470337829391,100
M3SDA_Reg,0.1107009931154138,100
CMSS_Reg,0.1170097448579405,100
TKRR,1.8207211871120343,200
CDAR,5.499997580257749,200
DARC,28.96979021318664,200
VNCD_MDD,0.1394674921308602,200
M3SDA_Reg,0.1136057015875319,200
CMSS_Reg,0.1156827230691927,200
TKRR,1.8561332333710412,300
CDAR,5.633812054807592,300
DARC,29.32723639982787,300
VNCD_MDD,0.1424749414543871,300
M3SDA_Reg,0.1103460187702847,300
CMSS_Reg,0.1115934011849397,300
TKRR,1.8494764478500485,500
CDAR,5.669673383832593,500
DARC,33.316168519335406,500
VNCD_MDD,0.1228406417866873,500
M3SDA_Reg,0.1116143348783317,500
CMSS_Reg,0.1083419315017986,500
XGBoost_Target_Only,0.116185240527336,100
KRR_Target_Only,29.82870955974638,100
NN_Target_Only,24.740634243100963,100
XGBoost_Pool,0.1011575615326763,100
KRR_Pool,1.5173113300486605,100
NN_Pool,3.374346230447567,100
XGBoost_TLCQM,0.1165498575698504,100
KRR_TLCQM,1.6031055642968326,100
NN_TLCQM,0.1657054624954676,100
XGBoost_Target_Only,0.102879183296603,200
KRR_Target_Only,20.881517358101437,200
NN_Target_Only,26.59361153955596,200
XGBoost_Pool,0.1001456109664817,200
KRR_Pool,1.498609555539608,200
NN_Pool,3.55757691211403,200
XGBoost_TLCQM,0.0992464132211125,200
KRR_TLCQM,1.5942406208597195,200
NN_TLCQM,0.1171441620253562,200
XGBoost_Target_Only,0.0993261260029181,300
KRR_Target_Only,15.786587521789237,300
NN_Target_Only,6.163794730640234,300
XGBoost_Pool,0.0979578615756917,300
KRR_Pool,1.482218665263069,300
NN_Pool,3.7647751735914734,300
XGBoost_TLCQM,0.1009019594012094,300
KRR_TLCQM,1.5698544614683536,300
NN_TLCQM,0.1034656640322778,300
XGBoost_Target_Only,0.0961124446191469,500
KRR_Target_Only,9.457354590817973,500
NN_Target_Only,0.3502689461734884,500
XGBoost_Pool,0.0961504650229632,500
KRR_Pool,1.4039203611783333,500
NN_Pool,3.148123536280755,500
XGBoost_TLCQM,0.1017379593453302,500
KRR_TLCQM,1.4800773275448418,500
NN_TLCQM,0.1066027024777514,500
TKRR,1.8527928119286776,100
CDAR,5.829026199694274,100
DARC,29.638907104235468,100
VNCD_MDD,0.1912482230393931,100
M3SDA_Reg,0.1269863065828889,100
CMSS_Reg,0.1194832520455555,100
TKRR,1.8109556130232491,200
CDAR,6.766262838222342,200
DARC,42.86888246195215,200
VNCD_MDD,0.1555052480121198,200
M3SDA_Reg,0.1220315170940822,200
CMSS_Reg,0.1150068822518735,200
TKRR,1.7740221219574022,300
CDAR,6.503745180564779,300
DARC,42.94153202606687,300
VNCD_MDD,0.1615055887450441,300
M3SDA_Reg,0.1228508453128171,300
CMSS_Reg,0.1097559228848829,300
TKRR,1.6914942261022112,500
CDAR,6.350562113281108,500
DARC,42.90634495343871,500
VNCD_MDD,0.1619750697205787,500
M3SDA_Reg,0.1212123922667344,500
CMSS_Reg,0.1023105449429263,500
XGBoost_Target_Only,0.1194797186886039,100
KRR_Target_Only,30.24464415074836,100
NN_Target_Only,21.89116690529421,100
XGBoost_Pool,0.1034630787081289,100
KRR_Pool,1.5971567979681105,100
NN_Pool,5.659035072516166,100
XGBoost_TLCQM,0.1042319266639112,100
KRR_TLCQM,1.7220240551150676,100
NN_TLCQM,0.1546057178281707,100
XGBoost_Target_Only,0.1057296889617723,200
KRR_Target_Only,19.366120694343408,200
NN_Target_Only,21.250872572432563,200
XGBoost_Pool,0.1006486640901516,200
KRR_Pool,1.5691231227075506,200
NN_Pool,3.3654642286528325,200
XGBoost_TLCQM,0.1042679251262667,200
KRR_TLCQM,1.6866489930305129,200
NN_TLCQM,0.1019058540295683,200
XGBoost_Target_Only,0.1076130121267056,300
KRR_Target_Only,14.38889769878842,300
NN_Target_Only,7.728966067883794,300
XGBoost_Pool,0.1011582809718612,300
KRR_Pool,1.5451866354992183,300
NN_Pool,6.086748636876143,300
XGBoost_TLCQM,0.1007328993030118,300
KRR_TLCQM,1.6425291264750084,300
NN_TLCQM,0.1027501210931416,300
XGBoost_Target_Only,0.0993831324391701,500
KRR_Target_Only,9.29828739464224,500
NN_Target_Only,0.1961424604761438,500
XGBoost_Pool,0.0975646331174723,500
KRR_Pool,1.5234389308829583,500
NN_Pool,3.185680874728728,500
XGBoost_TLCQM,0.0992822474020888,500
KRR_TLCQM,1.602768458880814,500
NN_TLCQM,0.1039403127092616,500
TKRR,2.080798755845141,100
CDAR,5.543378915173489,100
DARC,29.522677814145723,100
VNCD_MDD,0.1786949242183027,100
M3SDA_Reg,0.1180220264253362,100
CMSS_Reg,0.120047093280328,100
TKRR,1.8575234690307845,200
CDAR,5.532709250453703,200
DARC,33.451943885685715,200
VNCD_MDD,0.1691535592132312,200
M3SDA_Reg,0.114377529373606,200
CMSS_Reg,0.1133173139806718,200
TKRR,1.7904810654410586,300
CDAR,5.479546450461882,300
DARC,33.56320634839516,300
VNCD_MDD,0.1330916812297684,300
M3SDA_Reg,0.1203703125140936,300
CMSS_Reg,0.1116993998823508,300
TKRR,1.7993238736892818,500
CDAR,5.575085931898633,500
DARC,33.468937263342525,500
VNCD_MDD,0.1264695326853957,500
M3SDA_Reg,0.1169687478988316,500
CMSS_Reg,0.1047743026973508,500
XGBoost_Target_Only,0.1188909484679003,100
KRR_Target_Only,30.064773750530183,100
NN_Target_Only,19.90637630099795,100
XGBoost_Pool,0.1010297149366084,100
KRR_Pool,1.5867615975475624,100
NN_Pool,5.290767366599351,100
XGBoost_TLCQM,0.1351403585892974,100
KRR_TLCQM,1.7642620151551969,100
NN_TLCQM,0.1362956113052209,100
XGBoost_Target_Only,0.0987832418769694,200
KRR_Target_Only,21.26494118527768,200
NN_Target_Only,18.818924277741864,200
XGBoost_Pool,0.0992246376266166,200
KRR_Pool,1.5422133458089924,200
NN_Pool,3.458109583096693,200
XGBoost_TLCQM,0.1075925015891663,200
KRR_TLCQM,1.6537495144764622,200
NN_TLCQM,0.1095570272282646,200
XGBoost_Target_Only,0.0950030017638561,300
KRR_Target_Only,15.233075541842975,300
NN_Target_Only,0.4448423749422385,300
XGBoost_Pool,0.0957711069164898,300
KRR_Pool,1.5204588465518076,300
NN_Pool,3.044883718129431,300
XGBoost_TLCQM,0.0978462192591067,300
KRR_TLCQM,1.611032773697911,300
NN_TLCQM,0.1012814310923142,300
XGBoost_Target_Only,0.0914970928907653,500
KRR_Target_Only,8.610025334782003,500
NN_Target_Only,0.1774759785288352,500
XGBoost_Pool,0.0936037897001645,500
KRR_Pool,1.4493387283317465,500
NN_Pool,3.3767345154045034,500
XGBoost_TLCQM,0.1051991063663898,500
KRR_TLCQM,1.5300023278737784,500
NN_TLCQM,0.1504130392288955,500
TKRR,1.87678273251395,100
CDAR,5.21456316852497,100
DARC,38.766523818864535,100
VNCD_MDD,0.1519347231378835,100
M3SDA_Reg,0.1231546941677621,100
CMSS_Reg,0.1207960835686291,100
TKRR,1.8908319576920187,200
CDAR,5.523869472538758,200
DARC,31.141012521932304,200
VNCD_MDD,0.1475223231359891,200
M3SDA_Reg,0.1118976102671238,200
CMSS_Reg,0.1102508984045159,200
TKRR,1.894956620403586,300
CDAR,5.460167130336018,300
DARC,31.503164330282047,300
VNCD_MDD,0.1467039312548501,300
M3SDA_Reg,0.1102034599944396,300
CMSS_Reg,0.1083314436457337,300
TKRR,1.831900458525093,500
CDAR,5.382336400066829,500
DARC,31.841317973347184,500
VNCD_MDD,0.1264062680794732,500
M3SDA_Reg,0.1138895786237008,500
CMSS_Reg,0.103066998888655,500
XGBoost_Target_Only,0.1207567727882286,100
KRR_Target_Only,29.70087867576907,100
NN_Target_Only,22.059246951938917,100
XGBoost_Pool,0.1013488654410006,100
KRR_Pool,1.6088479855334703,100
NN_Pool,5.7670566660862965,100
XGBoost_TLCQM,0.1083570768726041,100
KRR_TLCQM,1.7189443637154738,100
NN_TLCQM,0.1122359204865258,100
XGBoost_Target_Only,0.1118589649854834,200
KRR_Target_Only,18.66885935049192,200
NN_Target_Only,20.93556116163056,200
XGBoost_Pool,0.0995982758465463,200
KRR_Pool,1.6173627402468365,200
NN_Pool,3.353041680927835,200
XGBoost_TLCQM,0.1049541119935128,200
KRR_TLCQM,1.724434819076132,200
NN_TLCQM,0.1258619954359217,200
XGBoost_Target_Only,0.0964230618453223,300
KRR_Target_Only,12.59378769233936,300
NN_Target_Only,0.1659552470213874,300
XGBoost_Pool,0.0986980558389937,300
KRR_Pool,1.5851291803275718,300
NN_Pool,3.366355593316242,300
XGBoost_TLCQM,0.1009163931733004,300
KRR_TLCQM,1.681238108645459,300
NN_TLCQM,3.852915526421381,300
XGBoost_Target_Only,0.0948082807658397,500
KRR_Target_Only,8.46286016209893,500
NN_Target_Only,0.3758438231356683,500
XGBoost_Pool,0.0944746645646636,500
KRR_Pool,1.5657091955239326,500
NN_Pool,3.0095210418476817,500
XGBoost_TLCQM,0.1073515758077607,500
KRR_TLCQM,1.6532648954364095,500
NN_TLCQM,0.1305447543965483,500
TKRR,1.9505812417794557,100
CDAR,6.155750878743036,100
DARC,35.80397786404501,100
VNCD_MDD,0.1592493434869869,100
M3SDA_Reg,0.1186955307489683,100
CMSS_Reg,0.1267868346923308,100
TKRR,1.9296586388858656,200
CDAR,5.501339149214621,200
DARC,32.41584420422166,200
VNCD_MDD,0.1545509483811129,200
M3SDA_Reg,0.1147755750475467,200
CMSS_Reg,0.1224025389179177,200
TKRR,1.9642884558817637,300
CDAR,5.533747452363746,300
DARC,32.45929748207812,300
VNCD_MDD,0.1332117448620485,300
M3SDA_Reg,0.1118455649321937,300
CMSS_Reg,0.1112463817807413,300
TKRR,1.8079989076488585,500
CDAR,5.538724783464275,500
DARC,33.06436408141057,500
VNCD_MDD,0.1204195140651381,500
M3SDA_Reg,0.1167815375060426,500
CMSS_Reg,0.1057809961991638,500
XGBoost_Target_Only,0.119433445121875,100
KRR_Target_Only,29.888981576497688,100
NN_Target_Only,22.621731081644317,100
XGBoost_Pool,0.1007454462177255,100
KRR_Pool,1.5689342101170838,100
NN_Pool,5.692705089372577,100
XGBoost_TLCQM,0.1094998143387205,100
KRR_TLCQM,1.6604180726355244,100
NN_TLCQM,0.1219989196460022,100
XGBoost_Target_Only,0.1105462119989225,200
KRR_Target_Only,21.25479133932756,200
NN_Target_Only,21.6335257434139,200
XGBoost_Pool,0.0993985370666771,200
KRR_Pool,1.5253041138716017,200
NN_Pool,3.7769199245064207,200
XGBoost_TLCQM,0.1090133441372863,200
KRR_TLCQM,1.6033316552789867,200
NN_TLCQM,0.1092877617686327,200
XGBoost_Target_Only,0.1019875608393501,300
KRR_Target_Only,15.447147507436217,300
NN_Target_Only,0.3792031812819607,300
XGBoost_Pool,0.1015649884384215,300
KRR_Pool,1.4662213748201542,300
NN_Pool,4.630557457571961,300
XGBoost_TLCQM,0.1003257808196632,300
KRR_TLCQM,1.5415907902961077,300
NN_TLCQM,0.1409181984774945,300
XGBoost_Target_Only,0.0970943597843963,500
KRR_Target_Only,8.416547166834897,500
NN_Target_Only,0.4368308046551472,500
XGBoost_Pool,0.0952412982146879,500
KRR_Pool,1.441194611887513,500
NN_Pool,3.3180599475191914,500
XGBoost_TLCQM,0.1032267303975591,500
KRR_TLCQM,1.5062202025407956,500
NN_TLCQM,0.1053876047770428,500
TKRR,1.829318220073384,100
CDAR,5.75728336878641,100
DARC,33.233038192521285,100
VNCD_MDD,0.1609943466149923,100
M3SDA_Reg,0.1115265343893759,100
CMSS_Reg,0.1232067479040579,100
TKRR,1.885151881588648,200
CDAR,5.721877337316048,200
DARC,26.856563993002947,200
VNCD_MDD,0.1728472415101273,200
M3SDA_Reg,0.1151157028890903,200
CMSS_Reg,0.1105623049175906,200
TKRR,1.7365331092796026,300
CDAR,5.727373652430453,300
DARC,26.84537146824341,300
VNCD_MDD,0.1403576691842962,300
M3SDA_Reg,0.115712981968969,300
CMSS_Reg,0.1114371474709162,300
TKRR,1.743634499782431,500
CDAR,5.783155899862454,500
DARC,26.83348171384613,500
VNCD_MDD,0.1338376616256179,500
M3SDA_Reg,0.1111450755997244,500
CMSS_Reg,0.1058964172191673,500
XGBoost_Target_Only,0.1384381644592104,100
KRR_Target_Only,29.14005788103222,100
NN_Target_Only,23.59256722976225,100
XGBoost_Pool,0.0993941156682626,100
KRR_Pool,1.6061582722880756,100
NN_Pool,5.545976899946959,100
XGBoost_TLCQM,0.1113281594128232,100
KRR_TLCQM,1.7095291293161192,100
NN_TLCQM,0.1166830980846461,100
XGBoost_Target_Only,0.1089786203140901,200
KRR_Target_Only,20.488706359649864,200
NN_Target_Only,22.041133282596373,200
XGBoost_Pool,0.101319623584065,200
KRR_Pool,1.5845835546423483,200
NN_Pool,3.312963706873598,200
XGBoost_TLCQM,0.1064935838491445,200
KRR_TLCQM,1.6871612899354926,200
NN_TLCQM,0.1592179049756636,200
XGBoost_Target_Only,0.1006483476751513,300
KRR_Target_Only,14.476902664215316,300
NN_Target_Only,6.255150678278204,300
XGBoost_Pool,0.1004049854327085,300
KRR_Pool,1.5548503600474126,300
NN_Pool,3.828936383956801,300
XGBoost_TLCQM,0.1051933949320573,300
KRR_TLCQM,1.64892529724078,300
NN_TLCQM,0.1158426746708552,300
XGBoost_Target_Only,0.1003577146443274,500
KRR_Target_Only,9.129112705020011,500
NN_Target_Only,0.5021860478170883,500
XGBoost_Pool,0.0979895253338642,500
KRR_Pool,1.488241735414224,500
NN_Pool,4.13793023539546,500
XGBoost_TLCQM,0.1057644736724452,500
KRR_TLCQM,1.582981994523392,500
NN_TLCQM,0.1154186177772489,500
TKRR,1.9104579687605812,100
CDAR,5.692336817440708,100
DARC,27.66255114863925,100
VNCD_MDD,0.1757253363699467,100
M3SDA_Reg,0.1194595298527353,100
CMSS_Reg,0.1138988056136493,100
TKRR,1.880556387080182,200
CDAR,6.026528716838751,200
DARC,39.55851436096154,200
VNCD_MDD,0.1548207596359115,200
M3SDA_Reg,0.1181011182772239,200
CMSS_Reg,0.1149480865456085,200
TKRR,1.8614570703864093,300
CDAR,6.052579484646206,300
DARC,41.39268247993319,300
VNCD_MDD,0.1468579002378564,300
M3SDA_Reg,0.1185485523653962,300
CMSS_Reg,0.1074093380417726,300
TKRR,1.7753254752555292,500
CDAR,6.098394191620943,500
DARC,41.19431593639419,500
VNCD_MDD,0.1346247962029796,500
M3SDA_Reg,0.1151100993989213,500
CMSS_Reg,0.1034121365000784,500
XGBoost_Target_Only,0.117951254228169,100
KRR_Target_Only,29.981989806263734,100
NN_Target_Only,17.382049307079672,100
XGBoost_Pool,0.1004138567263107,100
KRR_Pool,1.6317573337523168,100
NN_Pool,3.400225429817509,100
XGBoost_TLCQM,0.1110219569938472,100
KRR_TLCQM,1.7318879493236268,100
NN_TLCQM,0.1068569539904909,100
XGBoost_Target_Only,0.0985717724321564,200
KRR_Target_Only,19.518936081814424,200
NN_Target_Only,17.982699806633338,200
XGBoost_Pool,0.0971619877543899,200
KRR_Pool,1.5477448499397255,200
NN_Pool,4.758233089485517,200
XGBoost_TLCQM,0.1020032740336331,200
KRR_TLCQM,1.6424454873553669,200
NN_TLCQM,0.5538471767552959,200
XGBoost_Target_Only,0.0956687363287518,300
KRR_Target_Only,14.399598556191004,300
NN_Target_Only,6.411807219701953,300
XGBoost_Pool,0.0957577632090255,300
KRR_Pool,1.5138088015768052,300
NN_Pool,5.98798505867528,300
XGBoost_TLCQM,0.1040895947367538,300
KRR_TLCQM,1.6169705390988378,300
NN_TLCQM,0.1216257415780323,300
XGBoost_Target_Only,0.0931282907453244,500
KRR_Target_Only,9.301609046822392,500
NN_Target_Only,0.2286051496169215,500
XGBoost_Pool,0.0942802236353079,500
KRR_Pool,1.5082854323520063,500
NN_Pool,3.299348763652597,500
XGBoost_TLCQM,0.1005333158001689,500
KRR_TLCQM,1.6107231307809782,500
NN_TLCQM,0.1467481444969317,500
TKRR,1.9485345692387028,100
CDAR,5.746923476015303,100
DARC,25.731759960794363,100
VNCD_MDD,0.1729440199531539,100
M3SDA_Reg,0.1120990289986242,100
CMSS_Reg,0.1208838402759068,100
TKRR,1.8946071058154257,200
CDAR,56.28617942477281,200
DARC,40.343835344652845,200
VNCD_MDD,0.1539008890729983,200
M3SDA_Reg,0.1095225053929226,200
CMSS_Reg,0.112358087684562,200
TKRR,1.9376692855597577,300
CDAR,56.28245438517341,300
DARC,39.935424195363545,300
VNCD_MDD,0.1429308128386233,300
M3SDA_Reg,0.1123330503506475,300
CMSS_Reg,0.1100210633979492,300
TKRR,1.7931869646442749,500
CDAR,56.27240968262302,500
DARC,39.77751750256082,500
VNCD_MDD,0.134637356362651,500
M3SDA_Reg,0.1182935965705888,500
CMSS_Reg,0.1036661006606883,500
XGBoost_Target_Only,0.1169372406908675,100
KRR_Target_Only,29.57908140302494,100
NN_Target_Only,20.91870762846304,100
XGBoost_Pool,0.0971627316068756,100
KRR_Pool,1.6254636888902194,100
NN_Pool,5.489023593560966,100
XGBoost_TLCQM,0.1180246195980164,100
KRR_TLCQM,1.7605981860289428,100
NN_TLCQM,0.1216963520190736,100
XGBoost_Target_Only,0.1096841194518515,200
KRR_Target_Only,18.94692296781008,200
NN_Target_Only,18.415432943730707,200
XGBoost_Pool,0.0956781865870253,200
KRR_Pool,1.5779048601071293,200
NN_Pool,3.270989979059816,200
XGBoost_TLCQM,0.1086665130597866,200
KRR_TLCQM,1.720968601701428,200
NN_TLCQM,0.1093595336537144,200
XGBoost_Target_Only,0.0997413399521953,300
KRR_Target_Only,14.239654301528212,300
NN_Target_Only,0.7028060846600573,300
XGBoost_Pool,0.0960335591835739,300
KRR_Pool,1.488220579733347,300
NN_Pool,5.90695577563012,300
XGBoost_TLCQM,0.1066389499548143,300
KRR_TLCQM,1.579058186322558,300
NN_TLCQM,0.1564401330283721,300
XGBoost_Target_Only,0.0953855431471395,500
KRR_Target_Only,9.167004243327284,500
NN_Target_Only,0.2550048197921138,500
XGBoost_Pool,0.0945257132679596,500
KRR_Pool,1.4357508066771092,500
NN_Pool,4.88685569118666,500
XGBoost_TLCQM,0.1043106953353755,500
KRR_TLCQM,1.5157503482443002,500
NN_TLCQM,0.1161909079294208,500
TKRR,2.110183053761688,100
CDAR,5.381442258948344,100
DARC,29.18818003032952,100
VNCD_MDD,0.1716375718512883,100
M3SDA_Reg,0.1165140625086838,100
CMSS_Reg,0.1146374101556185,100
TKRR,1.8935015865532805,200
CDAR,6.126683402631145,200
DARC,31.379220563890456,200
VNCD_MDD,0.1404842339868096,200
M3SDA_Reg,0.1170824600340984,200
CMSS_Reg,0.1073893100079414,200
TKRR,1.7716793626598182,300
CDAR,5.395057735373676,300
DARC,31.277767241667743,300
VNCD_MDD,0.1264870460647837,300
M3SDA_Reg,0.118946444117488,300
CMSS_Reg,0.106228729503452,300
TKRR,1.708628128862688,500
CDAR,5.271015942537687,500
DARC,30.72542131971232,500
VNCD_MDD,0.119571829342179,500
M3SDA_Reg,0.1160409114570242,500
CMSS_Reg,0.1016768210620227,500
XGBoost_Target_Only,0.12799086699366,100
KRR_Target_Only,29.218677959885024,100
NN_Target_Only,18.43543902484665,100
XGBoost_Pool,0.099662246352711,100
KRR_Pool,1.5965411478760396,100
NN_Pool,5.622815201182047,100
XGBoost_TLCQM,0.1022116118147305,100
KRR_TLCQM,1.699184923141681,100
NN_TLCQM,0.1278357795283223,100
XGBoost_Target_Only,0.1035772937894458,200
KRR_Target_Only,20.709343978785167,200
NN_Target_Only,22.20756115835513,200
XGBoost_Pool,0.0975233850092228,200
KRR_Pool,1.5665097764535685,200
NN_Pool,3.3310509599248928,200
XGBoost_TLCQM,0.1059416210412525,200
KRR_TLCQM,1.6663393995417832,200
NN_TLCQM,0.1134139298366117,200
XGBoost_Target_Only,0.0969128248723752,300
KRR_Target_Only,14.049148031248327,300
NN_Target_Only,7.1276877474793565,300
XGBoost_Pool,0.0963084740847804,300
KRR_Pool,1.5528623733585338,300
NN_Pool,6.224167283531894,300
XGBoost_TLCQM,0.1052440401870372,300
KRR_TLCQM,1.6563456709268645,300
NN_TLCQM,0.1287391896522493,300
XGBoost_Target_Only,0.09183094056512,500
KRR_Target_Only,8.807776482573116,500
NN_Target_Only,0.5362317380811266,500
XGBoost_Pool,0.0957943457527463,500
KRR_Pool,1.496401636623829,500
NN_Pool,3.3487180820744755,500
XGBoost_TLCQM,0.1037200281431339,500
KRR_TLCQM,1.5787029018907357,500
NN_TLCQM,0.1164888121900495,500
TKRR,1.8952644867323352,100
CDAR,6.088559166618292,100
DARC,37.64852773715881,100
VNCD_MDD,0.1536506488232489,100
M3SDA_Reg,0.1169874619742688,100
CMSS_Reg,0.1195627935394942,100
TKRR,2.0098080206256923,200
CDAR,5.202255501464177,200
DARC,29.382950759001048,200
VNCD_MDD,0.1438277556332353,200
M3SDA_Reg,0.1179165655350451,200
CMSS_Reg,0.1106216172296048,200
TKRR,1.8102263825307043,300
CDAR,5.2262801924657385,300
DARC,29.38768539190772,300
VNCD_MDD,0.1364982915284589,300
M3SDA_Reg,0.1155206685665998,300
CMSS_Reg,0.1060943297364784,300
TKRR,1.963956726307591,500
CDAR,5.3302847275198895,500
DARC,29.074865614953023,500
VNCD_MDD,0.1411221325358682,500
M3SDA_Reg,0.1143845709082337,500
CMSS_Reg,0.102962607598849,500
XGBoost_Target_Only,0.1098320351665555,100
KRR_Target_Only,30.333528993855527,100
NN_Target_Only,24.28004937060845,100
XGBoost_Pool,0.1028188015444682,100
KRR_Pool,1.5869840299301925,100
NN_Pool,5.8949991567565245,100
XGBoost_TLCQM,0.1083744099171739,100
KRR_TLCQM,1.6953271110962111,100
NN_TLCQM,0.1100800277943699,100
XGBoost_Target_Only,0.1100853961073446,200
KRR_Target_Only,19.085108759633552,200
NN_Target_Only,21.266942813895607,200
XGBoost_Pool,0.102753756653248,200
KRR_Pool,1.558840346525356,200
NN_Pool,4.987482967635964,200
XGBoost_TLCQM,0.1019141447858528,200
KRR_TLCQM,1.653266099215317,200
NN_TLCQM,0.1063603831830537,200
XGBoost_Target_Only,0.1018302701187946,300
KRR_Target_Only,14.431902667696422,300
NN_Target_Only,13.70464072641941,300
XGBoost_Pool,0.0995493152508966,300
KRR_Pool,1.5476217718863348,300
NN_Pool,3.1301419106657,300
XGBoost_TLCQM,0.1067929326328794,300
KRR_TLCQM,1.660282322040889,300
NN_TLCQM,0.1231149508134996,300
XGBoost_Target_Only,0.1023584085863373,500
KRR_Target_Only,8.501515301644496,500
NN_Target_Only,0.3117695661079201,500
XGBoost_Pool,0.0968513120684414,500
KRR_Pool,1.4783910294917244,500
NN_Pool,3.3432750992070632,500
XGBoost_TLCQM,0.0987156757901812,500
KRR_TLCQM,1.5743857411363404,500
NN_TLCQM,0.1129620329246077,500
TKRR,1.8813046838442635,100
CDAR,5.365242222240682,100
DARC,24.48824803157201,100
VNCD_MDD,0.1737567929467171,100
M3SDA_Reg,0.1269233106335511,100
CMSS_Reg,0.1131745122846474,100
TKRR,1.8069126676100296,200
CDAR,5.137130471130375,200
DARC,39.76310703047543,200
VNCD_MDD,0.1571735192523711,200
M3SDA_Reg,0.1200077711748896,200
CMSS_Reg,0.1109943400386381,200
TKRR,1.8344319841717969,300
CDAR,5.121543361633685,300
DARC,40.17889227458842,300
VNCD_MDD,0.1391532842459397,300
M3SDA_Reg,0.1227985247047063,300
CMSS_Reg,0.1069890372991468,300
TKRR,1.7784238573319653,500
CDAR,5.130082339389752,500
DARC,39.84863312019612,500
VNCD_MDD,0.1360270367849922,500
M3SDA_Reg,0.1226833959311145,500
CMSS_Reg,0.1043846754395723,500
XGBoost_Target_Only,0.1104413939372691,100
KRR_Target_Only,29.98842327124841,100
NN_Target_Only,18.88133265318168,100
XGBoost_Pool,0.097868699276616,100
KRR_Pool,1.6318923430185268,100
NN_Pool,5.49678910697265,100
XGBoost_TLCQM,0.1040608668806636,100
KRR_TLCQM,1.7500210402464609,100
NN_TLCQM,0.1070069718827172,100
XGBoost_Target_Only,0.1064064747511646,200
KRR_Target_Only,21.016160385037956,200
NN_Target_Only,20.564816390693583,200
XGBoost_Pool,0.0978082696504191,200
KRR_Pool,1.5969438599124577,200
NN_Pool,3.2563547914480115,200
XGBoost_TLCQM,0.1069979565718975,200
KRR_TLCQM,1.7065837668680237,200
NN_TLCQM,0.107502724276359,200
XGBoost_Target_Only,0.098998841668957,300
KRR_Target_Only,14.730816707107778,300
NN_Target_Only,13.995950816193982,300
XGBoost_Pool,0.0971232140798908,300
KRR_Pool,1.5613336556309547,300
NN_Pool,3.2810617418324672,300
XGBoost_TLCQM,0.1060158120274535,300
KRR_TLCQM,1.662473129912457,300
NN_TLCQM,0.1276095972588997,300
XGBoost_Target_Only,0.0934260398149644,500
KRR_Target_Only,9.426035740856632,500
NN_Target_Only,0.1633914631865782,500
XGBoost_Pool,0.094393417463554,500
KRR_Pool,1.4947027507590571,500
NN_Pool,3.3823506615966603,500
XGBoost_TLCQM,0.1057019326235603,500
KRR_TLCQM,1.572055228324707,500
NN_TLCQM,0.1139550451207411,500
TKRR,2.0497322301539134,100
CDAR,5.204888345752849,100
DARC,30.6460270200587,100
VNCD_MDD,0.1761178214819092,100
M3SDA_Reg,0.1111626291482269,100
CMSS_Reg,0.1160615827890835,100
TKRR,2.011757567228248,200
CDAR,5.881662896497225,200
DARC,34.550175375350015,200
VNCD_MDD,0.1535151902155675,200
M3SDA_Reg,0.1138095435851041,200
CMSS_Reg,0.1120461557796273,200
TKRR,1.8180417181949453,300
CDAR,5.792347194845548,300
DARC,34.819344925639875,300
VNCD_MDD,0.1303870419528,300
M3SDA_Reg,0.1156746774329139,300
CMSS_Reg,0.1101646576753464,300
TKRR,1.750036066173665,500
CDAR,5.79568225232877,500
DARC,34.75241169542496,500
VNCD_MDD,0.1197683518820666,500
M3SDA_Reg,0.1165450260286994,500
CMSS_Reg,0.1067388767018995,500
XGBoost_Target_Only,0.1207744436637209,100
KRR_Target_Only,31.27864665841376,100
NN_Target_Only,20.53032763780251,100
XGBoost_Pool,0.0996484436959886,100
KRR_Pool,1.6057227097389557,100
NN_Pool,6.2377002999156295,100
XGBoost_TLCQM,0.1245975230754932,100
KRR_TLCQM,1.6808188286696453,100
NN_TLCQM,0.1315689446056213,100
XGBoost_Target_Only,0.1037245376622327,200
KRR_Target_Only,19.624870386500824,200
NN_Target_Only,22.167484636025183,200
XGBoost_Pool,0.0983921341171907,200
KRR_Pool,1.5698285063354749,200
NN_Pool,3.490445086400352,200
XGBoost_TLCQM,0.1060121793145454,200
KRR_TLCQM,1.6700745311153142,200
NN_TLCQM,0.1078319901043368,200
XGBoost_Target_Only,0.0979348838124754,300
KRR_Target_Only,13.22322225459512,300
NN_Target_Only,0.3755733954751305,300
XGBoost_Pool,0.0961445120687539,300
KRR_Pool,1.550269619353381,300
NN_Pool,5.775464403753283,300
XGBoost_TLCQM,0.1053823998411486,300
KRR_TLCQM,1.651407681847968,300
NN_TLCQM,0.1091975038676824,300
XGBoost_Target_Only,0.0981604213306108,500
KRR_Target_Only,9.240969670357869,500
NN_Target_Only,6.8574087719652,500
XGBoost_Pool,0.0946989497699712,500
KRR_Pool,1.5404480456716314,500
NN_Pool,4.050951010492476,500
XGBoost_TLCQM,0.1014879992870802,500
KRR_TLCQM,1.650058400363837,500
NN_TLCQM,0.1405780608800934,500
TKRR,1.900465793371725,100
CDAR,6.024934011228964,100
DARC,24.95169864206716,100
VNCD_MDD,0.1845784899274185,100
M3SDA_Reg,0.1130865648308404,100
CMSS_Reg,0.1232027084785903,100
TKRR,1.8705685536252823,200
CDAR,5.379849556245283,200
DARC,43.09981961472208,200
VNCD_MDD,0.1485811045640486,200
M3SDA_Reg,0.1144562367785368,200
CMSS_Reg,0.1111755479077643,200
TKRR,1.844614325702279,300
CDAR,5.41413256690922,300
DARC,41.8100172573303,300
VNCD_MDD,0.1273817962982952,300
M3SDA_Reg,0.1172441224366876,300
CMSS_Reg,0.1116333642045653,300
TKRR,1.8488031454839915,500
CDAR,5.510705688870587,500
DARC,39.956469850143584,500
VNCD_MDD,0.1171163625491275,500
M3SDA_Reg,0.1197466394972483,500
CMSS_Reg,0.0974669242132769,500
XGBoost_Target_Only,0.1140646219816914,100
KRR_Target_Only,29.62006556769054,100
NN_Target_Only,17.30286185846596,100
XGBoost_Pool,0.1020819034914117,100
KRR_Pool,1.6226461591289705,100
NN_Pool,5.624136134807875,100
XGBoost_TLCQM,0.105880844036132,100
KRR_TLCQM,1.741244791818224,100
NN_TLCQM,0.1112898333331044,100
XGBoost_Target_Only,0.1019560927010529,200
KRR_Target_Only,17.662284309107097,200
NN_Target_Only,20.763335549709087,200
XGBoost_Pool,0.0994118169209668,200
KRR_Pool,1.5891984132379349,200
NN_Pool,3.390639528395136,200
XGBoost_TLCQM,0.1001874113284347,200
KRR_TLCQM,1.6980109897145892,200
NN_TLCQM,0.2121584445389411,200
XGBoost_Target_Only,0.1011015823406463,300
KRR_Target_Only,13.602691371804037,300
NN_Target_Only,6.873443525914398,300
XGBoost_Pool,0.0991469612688309,300
KRR_Pool,1.60096154149711,300
NN_Pool,3.261057595553694,300
XGBoost_TLCQM,0.1005702723776214,300
KRR_TLCQM,1.7102019783258418,300
NN_TLCQM,0.1027117472221441,300
XGBoost_Target_Only,0.0993106537060618,500
KRR_Target_Only,7.779211598319462,500
NN_Target_Only,0.2528640663328222,500
XGBoost_Pool,0.0962831369720029,500
KRR_Pool,1.4549568872613556,500
NN_Pool,3.2516349391424533,500
XGBoost_TLCQM,0.1035907261181019,500
KRR_TLCQM,1.5474873734369414,500
NN_TLCQM,0.1196219240677334,500
TKRR,1.884453711508733,100
CDAR,6.029769502702138,100
DARC,34.16074515802337,100
VNCD_MDD,0.167530490753979,100
M3SDA_Reg,0.1118419417301168,100
CMSS_Reg,0.1151820981779501,100
TKRR,1.8892124522725704,200
CDAR,5.952504729972499,200
DARC,36.58794600883528,200
VNCD_MDD,0.1713830116305894,200
M3SDA_Reg,0.1134862935374657,200
CMSS_Reg,0.1133206337576326,200
TKRR,1.8714110215206623,300
CDAR,6.016254173034867,300
DARC,40.49199569152812,300
VNCD_MDD,0.1844648534222156,300
M3SDA_Reg,0.1153606420503179,300
CMSS_Reg,0.1113169357773371,300
TKRR,1.7199875400718383,500
CDAR,5.954506516909545,500
DARC,36.21624413419813,500
VNCD_MDD,0.1380058980204054,500
M3SDA_Reg,0.1199292371006007,500
CMSS_Reg,0.1116558617227412,500
XGBoost_Target_Only,0.1278093751821109,100
KRR_Target_Only,30.720679495331662,100
NN_Target_Only,22.581426759684955,100
XGBoost_Pool,0.101418815745721,100
KRR_Pool,1.6255491073618131,100
NN_Pool,3.330177355737748,100
XGBoost_TLCQM,0.10805278554079,100
KRR_TLCQM,1.7514586580377676,100
NN_TLCQM,0.1272189204505766,100
XGBoost_Target_Only,0.1125855988238181,200
KRR_Target_Only,19.85806749739057,200
NN_Target_Only,21.46103305926497,200
XGBoost_Pool,0.0992082057226062,200
KRR_Pool,1.6377503256078114,200
NN_Pool,3.411524686661565,200
XGBoost_TLCQM,0.1005226160472166,200
KRR_TLCQM,1.7447820211687877,200
NN_TLCQM,0.144531562628501,200
XGBoost_Target_Only,0.1031726380749736,300
KRR_Target_Only,15.750625065244652,300
NN_Target_Only,0.4809201744475412,300
XGBoost_Pool,0.0972274904224939,300
KRR_Pool,1.6276828989972163,300
NN_Pool,2.8227816098080383,300
XGBoost_TLCQM,0.1011585956154045,300
KRR_TLCQM,1.7393627180396711,300
NN_TLCQM,0.2927773554639368,300
XGBoost_Target_Only,0.1002640443180939,500
KRR_Target_Only,10.551438669258726,500
NN_Target_Only,0.1905809989501979,500
XGBoost_Pool,0.0951678033026112,500
KRR_Pool,1.553312940681119,500
NN_Pool,4.783389428713461,500
XGBoost_TLCQM,0.1010449031379159,500
KRR_TLCQM,1.649054534071374,500
NN_TLCQM,0.1145863741318715,500
TKRR,1.888613563063984,100
CDAR,5.875557243155547,100
DARC,24.94542165868612,100
VNCD_MDD,0.1724128338207166,100
M3SDA_Reg,0.1170907317805203,100
CMSS_Reg,0.1134803338311444,100
TKRR,1.8910330337796988,200
CDAR,5.197193099603932,200
DARC,32.056611905033684,200
VNCD_MDD,0.1556731620007805,200
M3SDA_Reg,0.1237854119568941,200
CMSS_Reg,0.1121443387042216,200
TKRR,1.8875990227786947,300
CDAR,5.199515780797292,300
DARC,31.023304033039583,300
VNCD_MDD,0.1388451452409216,300
M3SDA_Reg,0.1249049843430407,300
CMSS_Reg,0.106129565121265,300
TKRR,1.862024482198051,500
CDAR,5.204801465949886,500
DARC,31.46336983233089,500
VNCD_MDD,0.1337398448281139,500
M3SDA_Reg,0.1300313854133322,500
CMSS_Reg,0.103377534382364,500
XGBoost_Target_Only,0.1360450704875048,100
KRR_Target_Only,31.02729351428271,100
NN_Target_Only,24.00070759797003,100
XGBoost_Pool,0.1007329315503837,100
KRR_Pool,1.609309978160086,100
NN_Pool,4.366833898179781,100
XGBoost_TLCQM,0.1200311339081778,100
KRR_TLCQM,1.703572892290497,100
NN_TLCQM,0.1299398082533403,100
XGBoost_Target_Only,0.1074542300455001,200
KRR_Target_Only,20.65554396310215,200
NN_Target_Only,19.976143152392957,200
XGBoost_Pool,0.0985283639443695,200
KRR_Pool,1.6341296274943138,200
NN_Pool,3.365982382404606,200
XGBoost_TLCQM,0.1116726115919097,200
KRR_TLCQM,1.7379892133361652,200
NN_TLCQM,0.2039118276700146,200
XGBoost_Target_Only,0.1062375573996397,300
KRR_Target_Only,14.02139290504454,300
NN_Target_Only,0.4471157519254116,300
XGBoost_Pool,0.0982099682444167,300
KRR_Pool,1.6054330804900798,300
NN_Pool,2.4915078839527345,300
XGBoost_TLCQM,0.1047747212115601,300
KRR_TLCQM,1.7179728021936091,300
NN_TLCQM,0.1128439538877601,300
XGBoost_Target_Only,0.0993840396358133,500
KRR_Target_Only,9.185621974109168,500
NN_Target_Only,0.8398484622216116,500
XGBoost_Pool,0.0979663443974428,500
KRR_Pool,1.5552255312848895,500
NN_Pool,3.7339721681231737,500
XGBoost_TLCQM,0.1071619236648014,500
KRR_TLCQM,1.6505939977158168,500
NN_TLCQM,0.1198724873619052,500
TKRR,1.864678711300188,100
CDAR,5.077274442270963,100
DARC,39.178564982871336,100
VNCD_MDD,0.1760476328953115,100
M3SDA_Reg,0.1260444632225109,100
CMSS_Reg,0.1132283922283849,100
TKRR,1.89637682341864,200
CDAR,5.6144095678170745,200
DARC,38.030583581744565,200
VNCD_MDD,0.1483781584567398,200
M3SDA_Reg,0.1119875737302904,200
CMSS_Reg,0.1080021823344497,200
TKRR,1.8665438792788187,300
CDAR,5.670194184157513,300
DARC,39.9821817094686,300
VNCD_MDD,0.1411386152696921,300
M3SDA_Reg,0.1103847876093445,300
CMSS_Reg,0.1075398029319317,300
TKRR,1.828181730847907,500
CDAR,5.608773730824517,500
DARC,39.68209872527656,500
VNCD_MDD,0.1399596442029696,500
M3SDA_Reg,0.1138285071192041,500
CMSS_Reg,0.1062226256814753,500
XGBoost_Target_Only,0.1109887840457757,100
KRR_Target_Only,28.620695776002208,100
NN_Target_Only,22.23188534345797,100
XGBoost_Pool,0.1020412380119132,100
KRR_Pool,1.605532815522881,100
NN_Pool,5.312656445271584,100
XGBoost_TLCQM,0.1051165880687816,100
KRR_TLCQM,1.7097865856743828,100
NN_TLCQM,0.1115801471393469,100
XGBoost_Target_Only,0.1057164536450106,200
KRR_Target_Only,19.312313244120475,200
NN_Target_Only,21.24654619087037,200
XGBoost_Pool,0.0993238906779193,200
KRR_Pool,1.6187636247391235,200
NN_Pool,5.078585227068468,200
XGBoost_TLCQM,0.105265885312025,200
KRR_TLCQM,1.7269584841453725,200
NN_TLCQM,2.264094622231457,200
XGBoost_Target_Only,0.1012572896876351,300
KRR_Target_Only,13.946450021468005,300
NN_Target_Only,0.1943005651437759,300
XGBoost_Pool,0.0982722233278655,300
KRR_Pool,1.6183621516270563,300
NN_Pool,3.42904613668612,300
XGBoost_TLCQM,0.1007399066272588,300
KRR_TLCQM,1.735026176602532,300
NN_TLCQM,0.1042155439183146,300
XGBoost_Target_Only,0.0912886233933969,500
KRR_Target_Only,8.826834986895031,500
NN_Target_Only,0.5308638745268012,500
XGBoost_Pool,0.0950919243544434,500
KRR_Pool,1.599092158849542,500
NN_Pool,3.4192396542334067,500
XGBoost_TLCQM,0.10136154682745,500
KRR_TLCQM,1.6968164640972545,500
NN_TLCQM,0.1090082120945272,500
TKRR,1.9203360601175232,100
CDAR,6.387977915466712,100
DARC,26.912828118300705,100
VNCD_MDD,0.1832564179490146,100
M3SDA_Reg,0.121967594201647,100
CMSS_Reg,0.1138143665526065,100
TKRR,1.8957413716467773,200
CDAR,5.634460947019261,200
DARC,33.81147965507628,200
VNCD_MDD,0.14288069464847,200
M3SDA_Reg,0.1210035400505747,200
CMSS_Reg,0.1184840694581597,200
TKRR,1.908556079339155,300
CDAR,5.630695350931943,300
DARC,33.59371060712405,300
VNCD_MDD,0.1303559808582085,300
M3SDA_Reg,0.1308115698833284,300
CMSS_Reg,0.1071624561960805,300
TKRR,1.8873843961360923,500
CDAR,5.666927012068297,500
DARC,32.78987042298583,500
VNCD_MDD,0.1211997753006965,500
M3SDA_Reg,0.1310000852454803,500
CMSS_Reg,0.102020486995676,500
XGBoost_Target_Only,0.1187175623718258,100
KRR_Target_Only,29.640817248340547,100
NN_Target_Only,17.11815612544798,100
XGBoost_Pool,0.1002276106301412,100
KRR_Pool,1.657933474994908,100
NN_Pool,5.673802379815227,100
XGBoost_TLCQM,0.113418039682259,100
KRR_TLCQM,1.817108862014159,100
NN_TLCQM,0.114688488309977,100
XGBoost_Target_Only,0.0965596402470567,200
KRR_Target_Only,18.17369432756606,200
NN_Target_Only,17.385646833579735,200
XGBoost_Pool,0.0957062572516399,200
KRR_Pool,1.598507617000034,200
NN_Pool,3.2881512395419703,200
XGBoost_TLCQM,0.1025210401073445,200
KRR_TLCQM,1.6992801492073042,200
NN_TLCQM,0.106359931236286,200
XGBoost_Target_Only,0.1002864525486051,300
KRR_Target_Only,13.416122825998691,300
NN_Target_Only,16.304895323418847,300
XGBoost_Pool,0.0950461837286443,300
KRR_Pool,1.555221918806739,300
NN_Pool,3.2180863612085053,300
XGBoost_TLCQM,0.1099280751773884,300
KRR_TLCQM,1.6371258788821017,300
NN_TLCQM,0.1165358644911672,300
XGBoost_Target_Only,0.0980379513727491,500
KRR_Target_Only,9.293978998447352,500
NN_Target_Only,0.2108720136440411,500
XGBoost_Pool,0.0964941496115379,500
KRR_Pool,1.5075858580793786,500
NN_Pool,4.483307978756824,500
XGBoost_TLCQM,0.1046161273932023,500
KRR_TLCQM,1.5972364881948815,500
NN_TLCQM,0.1078218013271016,500
TKRR,1.9112742306809865,100
CDAR,5.49978036372981,100
DARC,28.450179810904217,100
VNCD_MDD,0.1615760874627235,100
M3SDA_Reg,0.1145783072867979,100
CMSS_Reg,0.1205566366072751,100
TKRR,1.958917116101648,200
CDAR,6.590264575124803,200
DARC,36.99638589928047,200
VNCD_MDD,0.1357155692265949,200
M3SDA_Reg,0.1028034511480379,200
CMSS_Reg,0.1203872519974182,200
TKRR,1.8777928075703283,300
CDAR,6.345482008574221,300
DARC,36.71456282289318,300
VNCD_MDD,0.1394289031223086,300
M3SDA_Reg,0.1046001638246562,300
CMSS_Reg,0.1111177920974627,300
TKRR,1.778142029003011,500
CDAR,6.219996987616037,500
DARC,36.16690926545388,500
VNCD_MDD,0.1296822169231306,500
M3SDA_Reg,0.1161957420758905,500
CMSS_Reg,0.1072544092938491,500
XGBoost_Target_Only,0.1195413019616502,100
KRR_Target_Only,29.339579178215,100
NN_Target_Only,18.48761700147363,100
XGBoost_Pool,0.1024105120869754,100
KRR_Pool,1.6441407018998009,100
NN_Pool,5.74255058844301,100
XGBoost_TLCQM,0.1066248450470323,100
KRR_TLCQM,1.7766226927596325,100
NN_TLCQM,0.2574555758134175,100
XGBoost_Target_Only,0.109423917309104,200
KRR_Target_Only,19.571051696510285,200
NN_Target_Only,19.78420410380105,200
XGBoost_Pool,0.0997579619159043,200
KRR_Pool,1.644766772893372,200
NN_Pool,3.922038359311879,200
XGBoost_TLCQM,0.1144453168405021,200
KRR_TLCQM,1.784950058714113,200
NN_TLCQM,0.1131917905952868,200
XGBoost_Target_Only,0.1034357726439364,300
KRR_Target_Only,13.473604844522702,300
NN_Target_Only,14.84265545664493,300
XGBoost_Pool,0.0983242296983436,300
KRR_Pool,1.6111563298034004,300
NN_Pool,3.3163706734244367,300
XGBoost_TLCQM,0.1034961290933806,300
KRR_TLCQM,1.7326667364686144,300
NN_TLCQM,0.1104997042354111,300
XGBoost_Target_Only,0.0974110184889902,500
KRR_Target_Only,8.90118679045949,500
NN_Target_Only,0.411265281048543,500
XGBoost_Pool,0.0964540987822767,500
KRR_Pool,1.5045230434599737,500
NN_Pool,4.467432161033401,500
XGBoost_TLCQM,0.0992992153593427,500
KRR_TLCQM,1.6015723011780107,500
NN_TLCQM,0.1216983503972992,500
TKRR,1.9082228460782324,100
CDAR,6.0960084386082185,100
DARC,35.80708227190439,100
VNCD_MDD,0.1444900652018327,100
M3SDA_Reg,0.1182839432036997,100
CMSS_Reg,0.1164621429573269,100
TKRR,1.953076487070192,200
CDAR,6.170741246668151,200
DARC,34.24927030018505,200
VNCD_MDD,0.1520780591543141,200
M3SDA_Reg,0.1199560443861887,200
CMSS_Reg,0.1223560817153288,200
TKRR,1.884083045655021,300
CDAR,6.012698887165972,300
DARC,34.9765051753514,300
VNCD_MDD,0.1390796378519425,300
M3SDA_Reg,0.1281757327496393,300
CMSS_Reg,0.1107824600970704,300
TKRR,1.850482294160438,500
CDAR,6.05361677592063,500
DARC,34.572084520686325,500
VNCD_MDD,0.1370875718435184,500
M3SDA_Reg,0.1225067731842593,500
CMSS_Reg,0.1085822446510119,500
XGBoost_Target_Only,0.1198870267104832,100
KRR_Target_Only,30.57975286515284,100
NN_Target_Only,22.331731277081595,100
XGBoost_Pool,0.0995341315995065,100
KRR_Pool,1.6303209141467492,100
NN_Pool,5.706330293533204,100
XGBoost_TLCQM,0.113168086258654,100
KRR_TLCQM,1.739111310830992,100
NN_TLCQM,0.1861724960318718,100
XGBoost_Target_Only,0.1031262531883762,200
KRR_Target_Only,19.397184192223516,200
NN_Target_Only,22.18105614074975,200
XGBoost_Pool,0.0997829197906681,200
KRR_Pool,1.636119117218639,200
NN_Pool,3.6136351161960314,200
XGBoost_TLCQM,0.1009919660963696,200
KRR_TLCQM,1.7510165664310746,200
NN_TLCQM,0.1131808225704647,200
XGBoost_Target_Only,0.0972475763533115,300
KRR_Target_Only,15.04302687428754,300
NN_Target_Only,0.2997788528064004,300
XGBoost_Pool,0.0990303960939635,300
KRR_Pool,1.6025442354096051,300
NN_Pool,3.5275861893145843,300
XGBoost_TLCQM,0.1002442189285562,300
KRR_TLCQM,1.6959246009506812,300
NN_TLCQM,0.1050775775545614,300
XGBoost_Target_Only,0.094669397288532,500
KRR_Target_Only,10.00742151610706,500
NN_Target_Only,0.258085222011097,500
XGBoost_Pool,0.0948549419469383,500
KRR_Pool,1.5779601538775836,500
NN_Pool,4.234186673590479,500
XGBoost_TLCQM,0.1041194379377305,500
KRR_TLCQM,1.6761964861600187,500
NN_TLCQM,0.134030632812348,500
TKRR,1.9396034279472456,100
CDAR,5.928811312053828,100
DARC,33.23481600116924,100
VNCD_MDD,0.1697152900684642,100
M3SDA_Reg,0.1159946188258959,100
CMSS_Reg,0.1190548683822119,100
TKRR,1.987242259567501,200
CDAR,6.33754612017215,200
DARC,24.01600402667695,200
VNCD_MDD,0.1341076045490323,200
M3SDA_Reg,0.1147566050537056,200
CMSS_Reg,0.1082883148507468,200
TKRR,1.883373783260288,300
CDAR,6.437984256666437,300
DARC,25.87565274443924,300
VNCD_MDD,0.1388863748311187,300
M3SDA_Reg,0.1170544891359286,300
CMSS_Reg,0.1082550261838712,300
TKRR,1.837582534659903,500
CDAR,6.406915500406944,500
DARC,24.784386885791346,500
VNCD_MDD,0.1237847669981959,500
M3SDA_Reg,0.1206053500493158,500
CMSS_Reg,0.0993507448869119,500
XGBoost_Target_Only,0.128218548563097,100
KRR_Target_Only,30.838396660557528,100
NN_Target_Only,21.18956278458476,100
XGBoost_Pool,0.1004985338418848,100
KRR_Pool,1.5925036978505067,100
NN_Pool,3.4324751931058044,100
XGBoost_TLCQM,0.1175876462590763,100
KRR_TLCQM,1.7593668910318971,100
NN_TLCQM,0.1837076180445606,100
XGBoost_Target_Only,0.1071775399176904,200
KRR_Target_Only,19.31529143467096,200
NN_Target_Only,22.542766711524617,200
XGBoost_Pool,0.0976961806957089,200
KRR_Pool,1.585395287275784,200
NN_Pool,3.656771597737513,200
XGBoost_TLCQM,0.1098030851410823,200
KRR_TLCQM,1.711867214284845,200
NN_TLCQM,0.1715184103232364,200
XGBoost_Target_Only,0.1062575856837867,300
KRR_Target_Only,15.348419877811756,300
NN_Target_Only,0.6016890793319484,300
XGBoost_Pool,0.0981217725246431,300
KRR_Pool,1.6006618694229342,300
NN_Pool,2.8709366366955886,300
XGBoost_TLCQM,0.1056135513261552,300
KRR_TLCQM,1.714684454248889,300
NN_TLCQM,0.1086868347594026,300
XGBoost_Target_Only,0.0925641433451418,500
KRR_Target_Only,9.36815274168533,500
NN_Target_Only,6.217084212372201,500
XGBoost_Pool,0.0952298087435429,500
KRR_Pool,1.5367532175497092,500
NN_Pool,2.9611308425694274,500
XGBoost_TLCQM,0.1056301079477047,500
KRR_TLCQM,1.652892494118825,500
NN_TLCQM,0.1491703072360634,500
TKRR,2.0700285228971502,100
CDAR,5.442315785214233,100
DARC,22.30782993625837,100
VNCD_MDD,0.2017723604256044,100
M3SDA_Reg,0.1215069231020904,100
CMSS_Reg,0.1166699995274654,100
TKRR,1.886649363535839,200
CDAR,6.075757900524549,200
DARC,28.695298664473924,200
VNCD_MDD,0.1509597067217668,200
M3SDA_Reg,0.115918046593191,200
CMSS_Reg,0.1129119414369941,200
TKRR,1.8931426081967244,300
CDAR,6.091405132197417,300
DARC,29.25143072219832,300
VNCD_MDD,0.1454133705506522,300
M3SDA_Reg,0.1204533062746304,300
CMSS_Reg,0.1076352725093943,300
TKRR,1.83611601415336,500
CDAR,6.019303162362723,500
DARC,29.009504252706925,500
VNCD_MDD,0.1353671737211946,500
M3SDA_Reg,0.1251825438470439,500
CMSS_Reg,0.1035399235766559,500
XGBoost_Target_Only,0.1307727613580558,100
KRR_Target_Only,29.5077734102648,100
NN_Target_Only,18.79093653128224,100
XGBoost_Pool,0.1004506640962489,100
KRR_Pool,1.652829562947673,100
NN_Pool,5.566793911953947,100
XGBoost_TLCQM,0.1116553014837761,100
KRR_TLCQM,1.7817818623139583,100
NN_TLCQM,0.1348165997485978,100
XGBoost_Target_Only,0.106222702428761,200
KRR_Target_Only,19.657200150250983,200
NN_Target_Only,20.395917313403316,200
XGBoost_Pool,0.0994145947316643,200
KRR_Pool,1.5823189008778284,200
NN_Pool,3.059258024138151,200
XGBoost_TLCQM,0.1025579898370121,200
KRR_TLCQM,1.7205883309934775,200
NN_TLCQM,0.733385899798382,200
XGBoost_Target_Only,0.1021289097176861,300
KRR_Target_Only,12.959442491982204,300
NN_Target_Only,7.369408015846809,300
XGBoost_Pool,0.0956609936358742,300
KRR_Pool,1.5878869377508045,300
NN_Pool,3.5196266718595504,300
XGBoost_TLCQM,0.1013438333166662,300
KRR_TLCQM,1.7226153024057702,300
NN_TLCQM,0.1245613012703466,300
XGBoost_Target_Only,0.092076378038261,500
KRR_Target_Only,8.590022496477694,500
NN_Target_Only,0.4959615842810908,500
XGBoost_Pool,0.0927371244868838,500
KRR_Pool,1.537521274149522,500
NN_Pool,3.6266572142505646,500
XGBoost_TLCQM,0.1072603252384074,500
KRR_TLCQM,1.6219741611934897,500
NN_TLCQM,0.2601326095331649,500
TKRR,1.9460943261800605,100
CDAR,5.250639713215964,100
DARC,34.94625752784135,100
VNCD_MDD,0.1763716692707576,100
M3SDA_Reg,0.1142750576689493,100
CMSS_Reg,0.125617077127441,100
TKRR,1.900079293071097,200
CDAR,47.370419922276376,200
DARC,26.274092242140508,200
VNCD_MDD,0.1522545750330797,200
M3SDA_Reg,0.1155162143308262,200
CMSS_Reg,0.1111743565116994,200
TKRR,1.864296959148356,300
CDAR,47.36930265769761,300
DARC,26.27293412327047,300
VNCD_MDD,0.1400095638949595,300
M3SDA_Reg,0.1121612473335814,300
CMSS_Reg,0.1110754162036633,300
TKRR,1.854806606959649,500
CDAR,47.3474517015113,500
DARC,25.9553324207664,500
VNCD_MDD,0.128958348596864,500
M3SDA_Reg,0.107339133326502,500
CMSS_Reg,0.1081178400269239,500
XGBoost_Target_Only,0.120854147154185,100
KRR_Target_Only,30.306122912332533,100
NN_Target_Only,24.14736912154574,100
XGBoost_Pool,0.1015095460983435,100
KRR_Pool,1.653367478950865,100
NN_Pool,3.533898298637884,100
XGBoost_TLCQM,0.115157124539594,100
KRR_TLCQM,1.8077252181849743,100
NN_TLCQM,0.1174989550910699,100
XGBoost_Target_Only,0.1125910259468469,200
KRR_Target_Only,20.00202001654272,200
NN_Target_Only,21.76585349614292,200
XGBoost_Pool,0.0996295319875146,200
KRR_Pool,1.6678422291956023,200
NN_Pool,3.5863005943194044,200
XGBoost_TLCQM,0.1134487684242085,200
KRR_TLCQM,1.823758431261682,200
NN_TLCQM,0.1203023874392514,200
XGBoost_Target_Only,0.1121294536208364,300
KRR_Target_Only,14.854663323206028,300
NN_Target_Only,0.4131907957592661,300
XGBoost_Pool,0.0998953382692683,300
KRR_Pool,1.651543330526169,300
NN_Pool,3.546143825781652,300
XGBoost_TLCQM,0.1055148955241691,300
KRR_TLCQM,1.797683801162269,300
NN_TLCQM,0.1043147889025114,300
XGBoost_Target_Only,0.096276482249884,500
KRR_Target_Only,8.389077597865079,500
NN_Target_Only,0.7065046017965657,500
XGBoost_Pool,0.0992720063685203,500
KRR_Pool,1.6283814825050005,500
NN_Pool,3.664688343566759,500
XGBoost_TLCQM,0.1040997784128391,500
KRR_TLCQM,1.7687870337857274,500
NN_TLCQM,0.1091032564217627,500
TKRR,1.910061278593233,100
CDAR,5.863483235792071,100
DARC,25.28725682001792,100
VNCD_MDD,0.1456046941979044,100
M3SDA_Reg,0.1220650005745065,100
CMSS_Reg,0.1242710778834017,100
TKRR,1.9235649056311743,200
CDAR,5.270199126061838,200
DARC,36.64777049027345,200
VNCD_MDD,0.1399533616551246,200
M3SDA_Reg,0.1219849446385606,200
CMSS_Reg,0.1127389988863725,200
TKRR,1.904561503949056,300
CDAR,5.333818138242974,300
DARC,36.75343182255368,300
VNCD_MDD,0.1381326265859128,300
M3SDA_Reg,0.1273906249040995,300
CMSS_Reg,0.110888493674984,300
TKRR,1.8867318385929028,500
CDAR,5.388959067056783,500
DARC,36.77937835851862,500
VNCD_MDD,0.1324323660827473,500
M3SDA_Reg,0.1318996752631211,500
CMSS_Reg,0.1056696137507665,500
XGBoost_Target_Only,0.1105974134280407,100
KRR_Target_Only,27.7363113917372,100
NN_Target_Only,21.813615537546617,100
XGBoost_Pool,0.0984606819776792,100
KRR_Pool,1.6083170680455077,100
NN_Pool,3.954880938960516,100
XGBoost_TLCQM,0.1039394254385027,100
KRR_TLCQM,1.7443171533737,100
NN_TLCQM,0.1045985236873427,100
XGBoost_Target_Only,0.0986021552470473,200
KRR_Target_Only,17.586240694805106,200
NN_Target_Only,21.12090463187009,200
XGBoost_Pool,0.0982547457637554,200
KRR_Pool,1.5820092972523911,200
NN_Pool,3.6673235205604047,200
XGBoost_TLCQM,0.1033473622715357,200
KRR_TLCQM,1.7283118079612043,200
NN_TLCQM,0.1036143121992697,200
XGBoost_Target_Only,0.0965393939290207,300
KRR_Target_Only,14.040691370460944,300
NN_Target_Only,11.283167253273392,300
XGBoost_Pool,0.0968943565875696,300
KRR_Pool,1.5773287559675615,300
NN_Pool,3.4889591333236014,300
XGBoost_TLCQM,0.1009593338279432,300
KRR_TLCQM,1.6952610870689484,300
NN_TLCQM,0.1098655650381141,300
XGBoost_Target_Only,0.0963413712848228,500
KRR_Target_Only,9.478475612542775,500
NN_Target_Only,0.1716128623471846,500
XGBoost_Pool,0.0980913378199106,500
KRR_Pool,1.5186750761828445,500
NN_Pool,3.500128472332628,500
XGBoost_TLCQM,0.0988057665393333,500
KRR_TLCQM,1.6305241412317988,500
NN_TLCQM,0.2394107804269233,500
TKRR,1.9675533867550887,100
CDAR,6.157597993964629,100
DARC,35.426757420509645,100
VNCD_MDD,0.1604465785822294,100
M3SDA_Reg,0.1097894355722232,100
CMSS_Reg,0.1187573354161305,100
TKRR,2.101903048173183,200
CDAR,5.904021820196136,200
DARC,30.21394719541125,200
VNCD_MDD,0.1489202632851683,200
M3SDA_Reg,0.1072867711142328,200
CMSS_Reg,0.1112585999650637,200
TKRR,1.967419793333938,300
CDAR,6.013237024002804,300
DARC,30.50326030676212,300
VNCD_MDD,0.1295932325279001,300
M3SDA_Reg,0.1117115534957013,300
CMSS_Reg,0.1074062051904254,300
TKRR,1.805332342835344,500
CDAR,6.053138939045445,500
DARC,30.642960257301777,500
VNCD_MDD,0.1315107390348137,500
M3SDA_Reg,0.1185485887986684,500
CMSS_Reg,0.1034455700749067,500
XGBoost_Target_Only,0.1122744099722874,100
KRR_Target_Only,30.40332969351832,100
NN_Target_Only,20.48730339263409,100
XGBoost_Pool,0.1019800244579206,100
KRR_Pool,1.5766032753163362,100
NN_Pool,3.445510050329647,100
XGBoost_TLCQM,0.1032788425326565,100
KRR_TLCQM,1.6575578958916604,100
NN_TLCQM,0.1276852329881899,100
XGBoost_Target_Only,0.0983276481214807,200
KRR_Target_Only,19.783467702367176,200
NN_Target_Only,19.98721010227001,200
XGBoost_Pool,0.1007082027496779,200
KRR_Pool,1.5450616398038484,200
NN_Pool,3.442881658717724,200
XGBoost_TLCQM,0.1179642186545078,200
KRR_TLCQM,1.6379137532435577,200
NN_TLCQM,0.3524258332184897,200
XGBoost_Target_Only,0.0944620981311621,300
KRR_Target_Only,13.768810156999429,300
NN_Target_Only,6.476338129755511,300
XGBoost_Pool,0.0990646239303178,300
KRR_Pool,1.5461101944198437,300
NN_Pool,3.2194559537654754,300
XGBoost_TLCQM,0.1043685310469356,300
KRR_TLCQM,1.6140167485654255,300
NN_TLCQM,0.1338326782513283,300
XGBoost_Target_Only,0.0931203892388172,500
KRR_Target_Only,9.030627221654328,500
NN_Target_Only,0.6928827186029328,500
XGBoost_Pool,0.0962011077517012,500
KRR_Pool,1.4932257175945367,500
NN_Pool,3.150373074941541,500
XGBoost_TLCQM,0.1027539154018604,500
KRR_TLCQM,1.5821637639842776,500
NN_TLCQM,0.1073440100381584,500
TKRR,1.8785803424706964,100
CDAR,5.927331545310415,100
DARC,35.282562561521345,100
VNCD_MDD,0.1725589433295238,100
M3SDA_Reg,0.1174715523789847,100
CMSS_Reg,0.1153336102158961,100
TKRR,1.9374359807960737,200
CDAR,6.509566273456355,200
DARC,28.99624489790841,200
VNCD_MDD,0.1556808301056449,200
M3SDA_Reg,0.1135748663604537,200
CMSS_Reg,0.1128424141104272,200
TKRR,1.9706735468616772,300
CDAR,6.519996180390967,300
DARC,31.148459670694823,300
VNCD_MDD,0.1380082095885823,300
M3SDA_Reg,0.118376412673407,300
CMSS_Reg,0.1071155912804015,300
TKRR,1.8498497327960404,500
CDAR,6.375033507565399,500
DARC,30.36198141426907,500
VNCD_MDD,0.1272934562742449,500
M3SDA_Reg,0.1177867269990652,500
CMSS_Reg,0.0994414958522706,500
XGBoost_Target_Only,0.1150281720628352,100
KRR_Target_Only,26.935026756629448,100
NN_Target_Only,23.605066551153303,100
XGBoost_Pool,0.1013618233049958,100
KRR_Pool,1.6507095589413998,100
NN_Pool,5.1332303174551495,100
XGBoost_TLCQM,0.1023444157914933,100
KRR_TLCQM,1.7541235288981365,100
NN_TLCQM,0.1058126447014374,100
XGBoost_Target_Only,0.1101028851827368,200
KRR_Target_Only,19.85012851020465,200
NN_Target_Only,21.78449117577039,200
XGBoost_Pool,0.0999866305025463,200
KRR_Pool,1.6291974662878383,200
NN_Pool,3.4011506997547336,200
XGBoost_TLCQM,0.1053174029784154,200
KRR_TLCQM,1.7284297830427058,200
NN_TLCQM,0.1070468926271128,200
XGBoost_Target_Only,0.0978638119690987,300
KRR_Target_Only,14.491612244038713,300
NN_Target_Only,0.8016241586724254,300
XGBoost_Pool,0.0981358708322129,300
KRR_Pool,1.584609080590563,300
NN_Pool,2.3880916346391143,300
XGBoost_TLCQM,0.1022942624598643,300
KRR_TLCQM,1.6760885213639325,300
NN_TLCQM,0.1324132636434293,300
XGBoost_Target_Only,0.0970158534276453,500
KRR_Target_Only,9.180164097256554,500
NN_Target_Only,6.804443791215331,500
XGBoost_Pool,0.0959269785915215,500
KRR_Pool,1.5854002753223022,500
NN_Pool,3.824563528344283,500
XGBoost_TLCQM,0.0996766296788408,500
KRR_TLCQM,1.6847547540809371,500
NN_TLCQM,0.1015631530840848,500
TKRR,2.0921291014543884,100
CDAR,5.690625402816851,100
DARC,34.87545734934441,100
VNCD_MDD,0.1667477074053223,100
M3SDA_Reg,0.1267846945299512,100
CMSS_Reg,0.1165248557125433,100
TKRR,1.942369552553463,200
CDAR,5.136199639305398,200
DARC,26.07724908292107,200
VNCD_MDD,0.1376924922739272,200
M3SDA_Reg,0.1138320735313452,200
CMSS_Reg,0.1148616131057576,200
TKRR,1.909487165685988,300
CDAR,5.1296831191288055,300
DARC,24.57452206312814,300
VNCD_MDD,0.1330553149283906,300
M3SDA_Reg,0.1169849376513955,300
CMSS_Reg,0.1116566790892461,300
TKRR,1.912626026751016,500
CDAR,5.1817066093816,500
DARC,26.945162684809496,500
VNCD_MDD,0.1335797418732496,500
M3SDA_Reg,0.1164412924984542,500
CMSS_Reg,0.1124483178213738,500
XGBoost_Target_Only,0.1055773956395154,100
KRR_Target_Only,30.452869239562112,100
NN_Target_Only,29.45992215330523,100
XGBoost_Pool,0.1022239437075464,100
KRR_Pool,1.6105417192933629,100
NN_Pool,5.715743919426697,100
XGBoost_TLCQM,0.1021893849593415,100
KRR_TLCQM,1.734527529215374,100
NN_TLCQM,0.1267848869284105,100
XGBoost_Target_Only,0.0981783697313433,200
KRR_Target_Only,20.020602972455524,200
NN_Target_Only,26.841248135851604,200
XGBoost_Pool,0.1010982887791953,200
KRR_Pool,1.560614789899463,200
NN_Pool,3.9994179453950296,200
XGBoost_TLCQM,0.1045660950270483,200
KRR_TLCQM,1.6667585449415812,200
NN_TLCQM,0.1051522151225811,200
XGBoost_Target_Only,0.0957368928698135,300
KRR_Target_Only,13.805616173086513,300
NN_Target_Only,9.45902729381459,300
XGBoost_Pool,0.1012754453582888,300
KRR_Pool,1.533932497280558,300
NN_Pool,3.239878193501425,300
XGBoost_TLCQM,0.099880050401337,300
KRR_TLCQM,1.6168873995996835,300
NN_TLCQM,2.753787992064487,300
XGBoost_Target_Only,0.0918671321946527,500
KRR_Target_Only,8.412053573526894,500
NN_Target_Only,6.236303873735777,500
XGBoost_Pool,0.0968081609770733,500
KRR_Pool,1.447448866912299,500
NN_Pool,4.337815316126003,500
XGBoost_TLCQM,0.1006169478386009,500
KRR_TLCQM,1.5321601007190742,500
NN_TLCQM,0.1023723055530679,500
TKRR,1.943458473526316,100
CDAR,6.096720386670615,100
DARC,42.43174325714686,100
VNCD_MDD,0.1841323886611706,100
M3SDA_Reg,0.1246993730677528,100
CMSS_Reg,0.1065365102794937,100
TKRR,1.8137851852660267,200
CDAR,5.691276437777918,200
DARC,29.62324533453865,200
VNCD_MDD,0.1488265908922287,200
M3SDA_Reg,0.1381613315082159,200
CMSS_Reg,0.110008780289374,200
TKRR,1.793213358565585,300
CDAR,5.515495035446575,300
DARC,29.62546431598005,300
VNCD_MDD,0.1448504277379133,300
M3SDA_Reg,0.1187022421056801,300
CMSS_Reg,0.104053877373322,300
TKRR,1.7479608309250017,500
CDAR,5.327171410086038,500
DARC,30.35574966590152,500
VNCD_MDD,0.1259585635771143,500
M3SDA_Reg,0.1206558451458276,500
CMSS_Reg,0.1015409479570717,500
XGBoost_Target_Only,0.10694630078762,100
KRR_Target_Only,28.822553343311576,100
NN_Target_Only,20.04673048263765,100
XGBoost_Pool,0.0992001099765631,100
KRR_Pool,1.6156532936462868,100
NN_Pool,5.704763167283398,100
XGBoost_TLCQM,0.1109721856337934,100
KRR_TLCQM,1.720631992503975,100
NN_TLCQM,0.1065310591194504,100
XGBoost_Target_Only,0.1015625042389742,200
KRR_Target_Only,19.753680454270278,200
NN_Target_Only,26.51605273448854,200
XGBoost_Pool,0.0993602985982688,200
KRR_Pool,1.5425740925718616,200
NN_Pool,3.5128400571115392,200
XGBoost_TLCQM,0.1067791845048529,200
KRR_TLCQM,1.6721955701349414,200
NN_TLCQM,0.1254219774099273,200
XGBoost_Target_Only,0.1022014847463177,300
KRR_Target_Only,14.20544590063277,300
NN_Target_Only,1.4662176364150414,300
XGBoost_Pool,0.0995414834558796,300
KRR_Pool,1.4945912106934114,300
NN_Pool,2.535324703207156,300
XGBoost_TLCQM,0.1031221554354355,300
KRR_TLCQM,1.5982556541041484,300
NN_TLCQM,0.1185057977435381,300
XGBoost_Target_Only,0.0943721319428318,500
KRR_Target_Only,9.434972440727748,500
NN_Target_Only,6.128006511132896,500
XGBoost_Pool,0.0968995110793459,500
KRR_Pool,1.448677553664536,500
NN_Pool,5.193728835637773,500
XGBoost_TLCQM,0.1022603565471839,500
KRR_TLCQM,1.5470280702277717,500
NN_TLCQM,0.1429835192003303,500
TKRR,1.9192103106993257,100
CDAR,5.382256409753832,100
DARC,38.789394009317725,100
VNCD_MDD,0.1735147961456212,100
M3SDA_Reg,0.1177356224616193,100
CMSS_Reg,0.1177266139880435,100
TKRR,1.8314648428063087,200
CDAR,5.872229264432762,200
DARC,28.151794014480448,200
VNCD_MDD,0.1516766277580547,200
M3SDA_Reg,0.1194905620327529,200
CMSS_Reg,0.1062362593874645,200
TKRR,1.810963777836139,300
CDAR,5.632384994415274,300
DARC,28.43901788857348,300
VNCD_MDD,0.1433147976310351,300
M3SDA_Reg,0.1174875326965756,300
CMSS_Reg,0.1067990661381885,300
TKRR,1.757041548270737,500
CDAR,5.554156662204034,500
DARC,28.3502359749661,500
VNCD_MDD,0.1440149289549581,500
M3SDA_Reg,0.1197122133070827,500
CMSS_Reg,0.1046033592657194,500
XGBoost_Target_Only,0.1070705808716475,100
KRR_Target_Only,30.26983108551173,100
NN_Target_Only,30.05297787175887,100
XGBoost_Pool,0.1032350767804869,100
KRR_Pool,1.634786213198794,100
NN_Pool,5.676472855089345,100
XGBoost_TLCQM,0.1078304968430845,100
KRR_TLCQM,1.7802594282904354,100
NN_TLCQM,0.1082170929751712,100
XGBoost_Target_Only,0.1003282390184221,200
KRR_Target_Only,20.663356460042653,200
NN_Target_Only,26.60248897940736,200
XGBoost_Pool,0.0994442514607788,200
KRR_Pool,1.6168199297903458,200
NN_Pool,3.477604499707899,200
XGBoost_TLCQM,0.1035206862136028,200
KRR_TLCQM,1.745451743508479,200
NN_TLCQM,0.1641802569049533,200
XGBoost_Target_Only,0.0983320442443384,300
KRR_Target_Only,14.794146817614674,300
NN_Target_Only,1.5584628650756038,300
XGBoost_Pool,0.0992389745439816,300
KRR_Pool,1.4980743386290674,300
NN_Pool,4.958721625875632,300
XGBoost_TLCQM,0.1040668082346434,300
KRR_TLCQM,1.6014955828876305,300
NN_TLCQM,0.1075202280174819,300
XGBoost_Target_Only,0.0932349377943899,500
KRR_Target_Only,9.6364791030092,500
NN_Target_Only,0.273815131455663,500
XGBoost_Pool,0.0964981379062968,500
KRR_Pool,1.4969890981968816,500
NN_Pool,3.3012158632816795,500
XGBoost_TLCQM,0.100430058872547,500
KRR_TLCQM,1.5862860321423826,500
NN_TLCQM,0.1051228589022614,500
TKRR,2.251007424686294,100
CDAR,6.328178386147176,100
DARC,44.56667607125839,100
VNCD_MDD,0.1830944833844883,100
M3SDA_Reg,0.125937383018823,100
CMSS_Reg,0.1181044221557962,100
TKRR,1.9446097447902195,200
CDAR,5.827452709236243,200
DARC,29.502080597567687,200
VNCD_MDD,0.1598852851722933,200
M3SDA_Reg,0.1248972743676638,200
CMSS_Reg,0.1172954409790639,200
TKRR,1.897743448799996,300
CDAR,5.989643144405138,300
DARC,30.3509491500291,300
VNCD_MDD,0.1397584921221929,300
M3SDA_Reg,0.125045847671699,300
CMSS_Reg,0.1108405710706345,300
TKRR,1.8152110978298543,500
CDAR,5.598349541574122,500
DARC,30.420570841945374,500
VNCD_MDD,0.1219222086535312,500
M3SDA_Reg,0.1189752928456673,500
CMSS_Reg,0.105962468378409,500
XGBoost_Target_Only,0.1156996706595411,100
KRR_Target_Only,28.65470783670693,100
NN_Target_Only,23.53938458777396,100
XGBoost_Pool,0.0982082722984394,100
KRR_Pool,1.5806912320764297,100
NN_Pool,5.614495746382122,100
XGBoost_TLCQM,0.1076290824983831,100
KRR_TLCQM,1.6884188146078196,100
NN_TLCQM,0.1136592218966551,100
XGBoost_Target_Only,0.1091488069718848,200
KRR_Target_Only,20.21722959010971,200
NN_Target_Only,22.412255889041965,200
XGBoost_Pool,0.0977899610860665,200
KRR_Pool,1.5753417220632135,200
NN_Pool,3.2157993216060707,200
XGBoost_TLCQM,0.1047446094704488,200
KRR_TLCQM,1.6793319297104972,200
NN_TLCQM,0.3301542471438832,200
XGBoost_Target_Only,0.1009913966484706,300
KRR_Target_Only,15.140645782722832,300
NN_Target_Only,12.890667055276916,300
XGBoost_Pool,0.0986631103995049,300
KRR_Pool,1.5659442512356487,300
NN_Pool,3.415957728809059,300
XGBoost_TLCQM,0.1017111311898198,300
KRR_TLCQM,1.670553989086983,300
NN_TLCQM,0.1096871945808248,300
XGBoost_Target_Only,0.0956336672090997,500
KRR_Target_Only,10.138695479764564,500
NN_Target_Only,6.075709954099038,500
XGBoost_Pool,0.0967090808761597,500
KRR_Pool,1.514599712421593,500
NN_Pool,3.5093864361448577,500
XGBoost_TLCQM,0.1011055650918405,500
KRR_TLCQM,1.6132878467643477,500
NN_TLCQM,0.117911832602822,500
TKRR,1.839945530765843,100
CDAR,5.858913013022814,100
DARC,32.181727952020545,100
VNCD_MDD,0.1546841565891395,100
M3SDA_Reg,0.1146720135356563,100
CMSS_Reg,0.1148955272449065,100
TKRR,1.8454219033324464,200
CDAR,5.9377160456151,200
DARC,26.08370818764245,200
VNCD_MDD,0.1444217381292819,200
M3SDA_Reg,0.1117705374725203,200
CMSS_Reg,0.1120952540097322,200
TKRR,1.91208471694375,300
CDAR,5.9343225342856005,300
DARC,26.72160682270252,300
VNCD_MDD,0.1381382932281278,300
M3SDA_Reg,0.113090491495132,300
CMSS_Reg,0.1074357427963364,300
TKRR,1.8298527548892964,500
CDAR,5.836904053956564,500
DARC,26.628852728209797,500
VNCD_MDD,0.1403991059512461,500
M3SDA_Reg,0.1140413695138019,500
CMSS_Reg,0.100706455573051,500
XGBoost_Target_Only,0.1356202942289769,100
KRR_Target_Only,30.86140726464384,100
NN_Target_Only,21.663975503726444,100
XGBoost_Pool,0.1024718168125033,100
KRR_Pool,1.5879946355771013,100
NN_Pool,5.283813961842354,100
XGBoost_TLCQM,0.1045970692225535,100
KRR_TLCQM,1.682892926902242,100
NN_TLCQM,0.6352075161824278,100
XGBoost_Target_Only,0.1129580542095553,200
KRR_Target_Only,20.349598741731917,200
NN_Target_Only,21.57385520656664,200
XGBoost_Pool,0.096873252586593,200
KRR_Pool,1.5583921772557094,200
NN_Pool,3.2282127186062044,200
XGBoost_TLCQM,0.1047270424137885,200
KRR_TLCQM,1.6581569111187664,200
NN_TLCQM,0.1262584567437017,200
XGBoost_Target_Only,0.0995577253718126,300
KRR_Target_Only,14.687317079155108,300
NN_Target_Only,0.3283421633852134,300
XGBoost_Pool,0.0947881842321248,300
KRR_Pool,1.5160164394827798,300
NN_Pool,3.0603532550383186,300
XGBoost_TLCQM,0.1036765199458408,300
KRR_TLCQM,1.6047638693830482,300
NN_TLCQM,0.1137640060329265,300
XGBoost_Target_Only,0.0962085531857156,500
KRR_Target_Only,8.780731955920475,500
NN_Target_Only,0.2168308288765056,500
XGBoost_Pool,0.0965116877652384,500
KRR_Pool,1.391138156011419,500
NN_Pool,3.480628254213575,500
XGBoost_TLCQM,0.1035536761929245,500
KRR_TLCQM,1.4728108364412291,500
NN_TLCQM,0.1101324712500889,500
TKRR,1.8548021736747813,100
CDAR,5.64922634279356,100
DARC,28.27956587886044,100
VNCD_MDD,0.1578418624800316,100
M3SDA_Reg,0.1182940769848604,100
CMSS_Reg,0.1270482381908586,100
TKRR,1.8478842462804927,200
CDAR,5.310022435197449,200
DARC,34.90276001963917,200
VNCD_MDD,0.1507288803820681,200
M3SDA_Reg,0.1116390172039038,200
CMSS_Reg,0.1098764903228045,200
TKRR,1.7970906437053362,300
CDAR,5.350867501324577,300
DARC,35.05561638935328,300
VNCD_MDD,0.1633226288177757,300
M3SDA_Reg,0.1125063649745229,300
CMSS_Reg,0.1085397751546557,300
TKRR,1.7185835715643838,500
CDAR,5.315963692394701,500
DARC,34.99581538186237,500
VNCD_MDD,0.1503540916348552,500
M3SDA_Reg,0.1272771266452187,500
CMSS_Reg,0.1066045803726803,500
XGBoost_Target_Only,0.1224532691894169,100
KRR_Target_Only,27.54582152000216,100
NN_Target_Only,23.669204372817365,100
XGBoost_Pool,0.1010350923973105,100
KRR_Pool,1.6245365933209297,100
NN_Pool,5.784203760531856,100
XGBoost_TLCQM,0.1050238327121008,100
KRR_TLCQM,1.744245575440996,100
NN_TLCQM,0.1118468727082204,100
XGBoost_Target_Only,0.1143080338121941,200
KRR_Target_Only,19.59930662573461,200
NN_Target_Only,22.88162769602842,200
XGBoost_Pool,0.0994429652632826,200
KRR_Pool,1.6110587810847006,200
NN_Pool,3.177723659085566,200
XGBoost_TLCQM,0.1042967029888891,200
KRR_TLCQM,1.725752811942042,200
NN_TLCQM,0.1063593292436139,200
XGBoost_Target_Only,0.111307479067722,300
KRR_Target_Only,13.161072845422089,300
NN_Target_Only,7.871768774857439,300
XGBoost_Pool,0.0985534098208193,300
KRR_Pool,1.6188374032782662,300
NN_Pool,3.3293283567727365,300
XGBoost_TLCQM,0.1048917327050881,300
KRR_TLCQM,1.7342519158846332,300
NN_TLCQM,0.3752525883501211,300
XGBoost_Target_Only,0.0913463236628029,500
KRR_Target_Only,9.246988516653454,500
NN_Target_Only,0.157135291908691,500
XGBoost_Pool,0.0972950207841798,500
KRR_Pool,1.6138197018465068,500
NN_Pool,4.770964288674612,500
XGBoost_TLCQM,0.1015931418043995,500
KRR_TLCQM,1.724018276565682,500
NN_TLCQM,0.1090546005217635,500
TKRR,1.9612546973863576,100
CDAR,6.058813396624392,100
DARC,21.51033741500019,100
VNCD_MDD,0.2051208431689557,100
M3SDA_Reg,0.127299731684849,100
CMSS_Reg,0.1138900319279219,100
TKRR,1.8625577764789047,200
CDAR,5.390748549620486,200
DARC,32.87339409225749,200
VNCD_MDD,0.1625546867961873,200
M3SDA_Reg,0.1224912474619529,200
CMSS_Reg,0.1107582825055505,200
TKRR,1.9008736543224087,300
CDAR,5.401903123326245,300
DARC,33.06746411989615,300
VNCD_MDD,0.1502134768945198,300
M3SDA_Reg,0.1193921615896001,300
CMSS_Reg,0.1092365124376897,300
TKRR,1.9699653957490295,500
CDAR,5.460446655308545,500
DARC,33.05675216115319,500
VNCD_MDD,0.1431800946318017,500
M3SDA_Reg,0.1182747151607739,500
CMSS_Reg,0.1024698308361352,500
XGBoost_Target_Only,0.1242568314127876,100
KRR_Target_Only,28.782729446979708,100
NN_Target_Only,20.29233337995422,100
XGBoost_Pool,0.1014417347163906,100
KRR_Pool,1.6160333667865343,100
NN_Pool,5.74813773128959,100
XGBoost_TLCQM,0.1012895910399884,100
KRR_TLCQM,1.7414306254649148,100
NN_TLCQM,0.2886633919976528,100
XGBoost_Target_Only,0.1162557444226159,200
KRR_Target_Only,19.248245981815653,200
NN_Target_Only,20.56643020552416,200
XGBoost_Pool,0.1010640308984762,200
KRR_Pool,1.591761402293613,200
NN_Pool,3.312882463573429,200
XGBoost_TLCQM,0.1088469710766531,200
KRR_TLCQM,1.702083227846873,200
NN_TLCQM,0.1689243346457615,200
XGBoost_Target_Only,0.1162143471246214,300
KRR_Target_Only,14.55688469484826,300
NN_Target_Only,0.2814873564827156,300
XGBoost_Pool,0.1016247587007087,300
KRR_Pool,1.5801222884284227,300
NN_Pool,3.3147212795840444,300
XGBoost_TLCQM,0.1058736303973014,300
KRR_TLCQM,1.676940378241151,300
NN_TLCQM,0.1106127122880702,300
XGBoost_Target_Only,0.0993052615321062,500
KRR_Target_Only,8.903578293811936,500
NN_Target_Only,0.47987938569152,500
XGBoost_Pool,0.0980128578159042,500
KRR_Pool,1.45720641897025,500
NN_Pool,4.716361874417743,500
XGBoost_TLCQM,0.1001588517210508,500
KRR_TLCQM,1.526750858071089,500
NN_TLCQM,0.1103175746038149,500
TKRR,1.8803911524283652,100
CDAR,6.277355933448015,100
DARC,23.786692883811103,100
VNCD_MDD,0.1897102056586037,100
M3SDA_Reg,0.122795227058592,100
CMSS_Reg,0.1248251537415016,100
TKRR,1.8428829368260609,200
CDAR,5.231504481192773,200
DARC,32.958062042197824,200
VNCD_MDD,0.1385054931112035,200
M3SDA_Reg,0.1185589201988701,200
CMSS_Reg,0.1211410441123314,200
TKRR,1.910291077298722,300
CDAR,5.162507428450437,300
DARC,33.587886230317125,300
VNCD_MDD,0.140429843989227,300
M3SDA_Reg,0.1231606858013887,300
CMSS_Reg,0.1178472426087923,300
TKRR,1.7896409273503755,500
CDAR,5.231627835337003,500
DARC,34.05229004153022,500
VNCD_MDD,0.1404683598176031,500
M3SDA_Reg,0.1235134266211287,500
CMSS_Reg,0.1072673796109121,500
XGBoost_Target_Only,0.1095176762599369,100
KRR_Target_Only,29.86749802883863,100
NN_Target_Only,20.970792912403223,100
XGBoost_Pool,0.0992711173766902,100
KRR_Pool,1.6488719194429842,100
NN_Pool,5.19651026379067,100
XGBoost_TLCQM,0.1028631673783603,100
KRR_TLCQM,1.7599084917005512,100
NN_TLCQM,0.1032104660077005,100
XGBoost_Target_Only,0.1236395324592188,200
KRR_Target_Only,19.133595206905287,200
NN_Target_Only,22.34989697181661,200
XGBoost_Pool,0.0993055737130605,200
KRR_Pool,1.6254514037691885,200
NN_Pool,3.665012589884974,200
XGBoost_TLCQM,0.1071948498702661,200
KRR_TLCQM,1.7282788525604575,200
NN_TLCQM,0.1267858850660198,200
XGBoost_Target_Only,0.112951899187212,300
KRR_Target_Only,14.394397743292666,300
NN_Target_Only,0.4647778860713761,300
XGBoost_Pool,0.0974668944405074,300
KRR_Pool,1.6064879024142575,300
NN_Pool,3.107334130621912,300
XGBoost_TLCQM,0.1052729326752377,300
KRR_TLCQM,1.7125804571680716,300
NN_TLCQM,0.1198481563809933,300
XGBoost_Target_Only,0.1041588118487597,500
KRR_Target_Only,9.3167843496779,500
NN_Target_Only,1.0051083273926908,500
XGBoost_Pool,0.0963300792017304,500
KRR_Pool,1.5357733814304195,500
NN_Pool,3.0631633001391467,500
XGBoost_TLCQM,0.106187389700514,500
KRR_TLCQM,1.605873674322018,500
NN_TLCQM,0.1089530508039214,500
TKRR,1.9330976500386825,100
CDAR,5.402956929742123,100
DARC,35.123812115634784,100
VNCD_MDD,0.2022883879634438,100
M3SDA_Reg,0.1182710494558497,100
CMSS_Reg,0.1124191233099238,100
TKRR,1.9142475413495816,200
CDAR,5.621855352399443,200
DARC,37.97733929168548,200
VNCD_MDD,0.1516018680423839,200
M3SDA_Reg,0.1200033181270526,200
CMSS_Reg,0.1105352313515002,200
TKRR,1.894186371063892,300
CDAR,5.772096432570096,300
DARC,38.17842432217239,300
VNCD_MDD,0.1305807298734572,300
M3SDA_Reg,0.1211032327107839,300
CMSS_Reg,0.1061736411008361,300
TKRR,1.7512541438154137,500
CDAR,5.621469197185181,500
DARC,38.061923450544725,500
VNCD_MDD,0.1223147886810018,500
M3SDA_Reg,0.1231890619789878,500
CMSS_Reg,0.1013751810197482,500
XGBoost_Target_Only,0.1128829429405243,100
KRR_Target_Only,29.12691147882493,100
NN_Target_Only,23.3336525243933,100
XGBoost_Pool,0.0984698044528502,100
KRR_Pool,1.6225035917229094,100
NN_Pool,3.4464864623043385,100
XGBoost_TLCQM,0.1199939575726676,100
KRR_TLCQM,1.740317540661798,100
NN_TLCQM,0.1245443450646489,100
XGBoost_Target_Only,0.1023301782024985,200
KRR_Target_Only,18.54287702220643,200
NN_Target_Only,20.48735181837261,200
XGBoost_Pool,0.0981438639643642,200
KRR_Pool,1.6121980353965055,200
NN_Pool,4.492120858626362,200
XGBoost_TLCQM,0.1131571675250847,200
KRR_TLCQM,1.7343382805700156,200
NN_TLCQM,0.1178965605344795,200
XGBoost_Target_Only,0.0993423665034352,300
KRR_Target_Only,12.861655821669927,300
NN_Target_Only,0.25342380991378,300
XGBoost_Pool,0.0964027002849198,300
KRR_Pool,1.559757671926733,300
NN_Pool,5.2497572667371735,300
XGBoost_TLCQM,0.1123713714410792,300
KRR_TLCQM,1.6754323303205725,300
NN_TLCQM,0.1308149365123332,300
XGBoost_Target_Only,0.0956640486347055,500
KRR_Target_Only,7.866035639759652,500
NN_Target_Only,0.2140631637203944,500
XGBoost_Pool,0.0947612875685497,500
KRR_Pool,1.5242958097785797,500
NN_Pool,3.6686331746958594,500
XGBoost_TLCQM,0.109560463316193,500
KRR_TLCQM,1.629315592259733,500
NN_TLCQM,0.1591231205059485,500
TKRR,1.8907789506556651,100
CDAR,5.376190430519032,100
DARC,23.0037563831784,100
VNCD_MDD,0.1629096341949912,100
M3SDA_Reg,0.113199344211985,100
CMSS_Reg,0.1132115337487418,100
TKRR,1.886683577986178,200
CDAR,6.0136936199688655,200
DARC,25.58372320543177,200
VNCD_MDD,0.1439847672604882,200
M3SDA_Reg,0.1112261648134223,200
CMSS_Reg,0.1144593096480015,200
TKRR,1.9014954603647305,300
CDAR,5.938934105901929,300
DARC,24.940363724612343,300
VNCD_MDD,0.1385343056395654,300
M3SDA_Reg,0.1136367567147488,300
CMSS_Reg,0.1099143228006544,300
TKRR,1.84145244553388,500
CDAR,5.98558313339521,500
DARC,24.783194412443937,500
VNCD_MDD,0.1287400621110514,500
M3SDA_Reg,0.1171630629365057,500
CMSS_Reg,0.1058768932969951,500
XGBoost_Target_Only,0.1338822417691685,100
KRR_Target_Only,31.011052906538715,100
NN_Target_Only,25.099653162597416,100
XGBoost_Pool,0.1022000573563474,100
KRR_Pool,1.6162676509538982,100
NN_Pool,5.857875376417886,100
XGBoost_TLCQM,0.1028153539829483,100
KRR_TLCQM,1.7532055896105787,100
NN_TLCQM,0.104262833674055,100
XGBoost_Target_Only,0.1123915720114849,200
KRR_Target_Only,21.25737367176297,200
NN_Target_Only,24.087840978420395,200
XGBoost_Pool,0.1001648870104415,200
KRR_Pool,1.5924240248898185,200
NN_Pool,3.5267363765265887,200
XGBoost_TLCQM,0.1034327180022893,200
KRR_TLCQM,1.6892774935955177,200
NN_TLCQM,0.1241909157259871,200
XGBoost_Target_Only,0.0987686784324161,300
KRR_Target_Only,15.217819291650263,300
NN_Target_Only,1.309561492498552,300
XGBoost_Pool,0.0993238080198657,300
KRR_Pool,1.5214806955275513,300
NN_Pool,2.525046583373266,300
XGBoost_TLCQM,0.099941083479805,300
KRR_TLCQM,1.6066697627467748,300
NN_TLCQM,0.1116530420905674,300
XGBoost_Target_Only,0.0935430681194402,500
KRR_Target_Only,9.849514695974047,500
NN_Target_Only,0.4243320317958258,500
XGBoost_Pool,0.0961297245312792,500
KRR_Pool,1.425084685210863,500
NN_Pool,3.866780776360109,500
XGBoost_TLCQM,0.0994422080894142,500
KRR_TLCQM,1.5123940998733931,500
NN_TLCQM,0.3973296165355253,500
TKRR,2.0644888805772,100
CDAR,5.366471897052427,100
DARC,34.990183856973026,100
VNCD_MDD,0.1623528175346204,100
M3SDA_Reg,0.1274756965607594,100
CMSS_Reg,0.1217656446571006,100
TKRR,1.94101221543861,200
CDAR,5.604636415626228,200
DARC,30.59109603907346,200
VNCD_MDD,0.1589176580354528,200
M3SDA_Reg,0.1253572301972184,200
CMSS_Reg,0.1141740604881426,200
TKRR,1.7912020397339743,300
CDAR,5.689504977963501,300
DARC,30.459432608675407,300
VNCD_MDD,0.1424100355868413,300
M3SDA_Reg,0.1275790428384065,300
CMSS_Reg,0.1131647508461086,300
TKRR,1.7188966484018322,500
CDAR,5.565890483209425,500
DARC,28.97901828980293,500
VNCD_MDD,0.1266477557258795,500
M3SDA_Reg,0.1225457685029696,500
CMSS_Reg,0.1076183837483405,500
XGBoost_Target_Only,0.1228591580793523,100
KRR_Target_Only,30.383363646000628,100
NN_Target_Only,16.442485588236188,100
XGBoost_Pool,0.1004448707183745,100
KRR_Pool,1.602927647619,100
NN_Pool,5.7499391621759415,100
XGBoost_TLCQM,0.1024652906616104,100
KRR_TLCQM,1.6974176842701805,100
NN_TLCQM,0.1219385839550877,100
XGBoost_Target_Only,0.1078740484195909,200
KRR_Target_Only,18.653753125846443,200
NN_Target_Only,24.860604203010308,200
XGBoost_Pool,0.1019900220373608,200
KRR_Pool,1.5637207927025971,200
NN_Pool,3.0501397663123178,200
XGBoost_TLCQM,0.1087751818787725,200
KRR_TLCQM,1.6425366111579058,200
NN_TLCQM,0.2039779790398904,200
XGBoost_Target_Only,0.1055815342633637,300
KRR_Target_Only,14.31809683044492,300
NN_Target_Only,9.490242920357163,300
XGBoost_Pool,0.0980490283051008,300
KRR_Pool,1.5291192328317,300
NN_Pool,3.9939441451803073,300
XGBoost_TLCQM,0.1056846956342241,300
KRR_TLCQM,1.6075911024628315,300
NN_TLCQM,0.1383728645807387,300
XGBoost_Target_Only,0.0989181320383347,500
KRR_Target_Only,9.641004450439713,500
NN_Target_Only,0.311403141502467,500
XGBoost_Pool,0.0938623492112847,500
KRR_Pool,1.4503001893333345,500
NN_Pool,4.821332792396931,500
XGBoost_TLCQM,0.1022617018796745,500
KRR_TLCQM,1.5188724792473725,500
NN_TLCQM,0.109913573281363,500
TKRR,1.9131527532302943,100
CDAR,6.490238894675367,100
DARC,35.74896741919714,100
VNCD_MDD,0.1586283720490992,100
M3SDA_Reg,0.1127839880098683,100
CMSS_Reg,0.1170604518123082,100
TKRR,1.8498672242215128,200
CDAR,5.895563056296694,200
DARC,36.87433360360195,200
VNCD_MDD,0.1506258964317176,200
M3SDA_Reg,0.1215414113016476,200
CMSS_Reg,0.1116440244996004,200
TKRR,1.7766702649731243,300
CDAR,5.928082783351259,300
DARC,37.027816948345645,300
VNCD_MDD,0.1306621123077845,300
M3SDA_Reg,0.1235240174137955,300
CMSS_Reg,0.1067207414219323,300
TKRR,1.78838769664751,500
CDAR,5.871775007516083,500
DARC,36.73346508990278,500
VNCD_MDD,0.1243232037903537,500
M3SDA_Reg,0.1240822130875536,500
CMSS_Reg,0.1019846260915771,500
XGBoost_Target_Only,0.1173386861851553,100
KRR_Target_Only,29.37829134481279,100
NN_Target_Only,20.484563169014606,100
XGBoost_Pool,0.0989895069149308,100
KRR_Pool,1.5887949620036184,100
NN_Pool,5.690953726216973,100
XGBoost_TLCQM,0.1107446449870348,100
KRR_TLCQM,1.664813348219884,100
NN_TLCQM,0.1254508837809748,100
XGBoost_Target_Only,0.1040618325475156,200
KRR_Target_Only,18.441833656074103,200
NN_Target_Only,18.362206863218532,200
XGBoost_Pool,0.098523652827357,200
KRR_Pool,1.6104419283538225,200
NN_Pool,3.546573312330156,200
XGBoost_TLCQM,0.101581776522031,200
KRR_TLCQM,1.711254070937402,200
NN_TLCQM,0.1030827544204078,200
XGBoost_Target_Only,0.0976080296936911,300
KRR_Target_Only,13.54675044135703,300
NN_Target_Only,6.435143003272257,300
XGBoost_Pool,0.0969726659341679,300
KRR_Pool,1.5707637567173311,300
NN_Pool,3.534287379063881,300
XGBoost_TLCQM,0.1074665931457571,300
KRR_TLCQM,1.6726615441639263,300
NN_TLCQM,0.1456147271911892,300
XGBoost_Target_Only,0.0955342209412732,500
KRR_Target_Only,9.320384372453152,500
NN_Target_Only,0.1847163131410164,500
XGBoost_Pool,0.0978133090401103,500
KRR_Pool,1.5381934357643028,500
NN_Pool,4.196273753780657,500
XGBoost_TLCQM,0.1097981552857691,500
KRR_TLCQM,1.6411833448878572,500
NN_TLCQM,0.138954514567488,500
TKRR,1.8886591882931725,100
CDAR,50.27987134788415,100
DARC,42.40223824311217,100
VNCD_MDD,0.168818727488596,100
M3SDA_Reg,0.1110644737010014,100
CMSS_Reg,0.111718952663839,100
TKRR,1.968670746959417,200
CDAR,5.967119939598627,200
DARC,40.216798966670666,200
VNCD_MDD,0.1537720206816766,200
M3SDA_Reg,0.1102124321874264,200
CMSS_Reg,0.1140102407171262,200
TKRR,1.9467098356434969,300
CDAR,5.817848517431566,300
DARC,40.77296270398906,300
VNCD_MDD,0.1314438164817917,300
M3SDA_Reg,0.1103875913603884,300
CMSS_Reg,0.1082797078042626,300
TKRR,1.9382836380768145,500
CDAR,5.8612413915846,500
DARC,40.38754430828397,500
VNCD_MDD,0.1264257831801737,500
M3SDA_Reg,0.1175158348360512,500
CMSS_Reg,0.1052266180885395,500
XGBoost_Target_Only,0.1125839535759208,100
KRR_Target_Only,29.51826724666009,100
NN_Target_Only,20.45069592334184,100
XGBoost_Pool,0.0973968593019841,100
KRR_Pool,1.58227328363668,100
NN_Pool,6.279830454774335,100
XGBoost_TLCQM,0.1011113903522816,100
KRR_TLCQM,1.6987550299482894,100
NN_TLCQM,0.1074687676959011,100
XGBoost_Target_Only,0.1026640905885614,200
KRR_Target_Only,20.55838401241709,200
NN_Target_Only,19.8532565504778,200
XGBoost_Pool,0.0988126202740998,200
KRR_Pool,1.5542041561928028,200
NN_Pool,3.2915020136969466,200
XGBoost_TLCQM,0.1251917813952136,200
KRR_TLCQM,1.7109523771392263,200
NN_TLCQM,0.12383140256056,200
XGBoost_Target_Only,0.0958374380026723,300
KRR_Target_Only,14.681952035603125,300
NN_Target_Only,0.5689779001607704,300
XGBoost_Pool,0.0949504088841777,300
KRR_Pool,1.5585967035527266,300
NN_Pool,3.3142313629842826,300
XGBoost_TLCQM,0.1101858853911665,300
KRR_TLCQM,1.6501266106155117,300
NN_TLCQM,0.1248126508689558,300
XGBoost_Target_Only,0.0900838660531196,500
KRR_Target_Only,8.912470404001775,500
NN_Target_Only,0.1898617476407592,500
XGBoost_Pool,0.0936255803609866,500
KRR_Pool,1.488218287740228,500
NN_Pool,3.362763592965531,500
XGBoost_TLCQM,0.1050387381217875,500
KRR_TLCQM,1.5706916223815763,500
NN_TLCQM,0.1467756675638676,500
TKRR,1.9465159445481428,100
CDAR,5.9939864137198136,100
DARC,23.732509376280102,100
VNCD_MDD,0.1707250830585659,100
M3SDA_Reg,0.1119501263011583,100
CMSS_Reg,0.114665810161603,100
TKRR,1.927423610517268,200
CDAR,5.2562095725531375,200
DARC,35.396826468921255,200
VNCD_MDD,0.1639224384244345,200
M3SDA_Reg,0.1062697482752964,200
CMSS_Reg,0.1131708723596106,200
TKRR,1.898185285663448,300
CDAR,5.35364485746402,300
DARC,35.33336679473289,300
VNCD_MDD,0.1976470454094724,300
M3SDA_Reg,0.1067896620054299,300
CMSS_Reg,0.1113428717304522,300
TKRR,1.8363819272345776,500
CDAR,5.186042826946474,500
DARC,35.28878944100378,500
VNCD_MDD,0.1558794620705978,500
M3SDA_Reg,0.1137628876016737,500
CMSS_Reg,0.1051738340801615,500
XGBoost_Target_Only,0.1212105943992443,100
KRR_Target_Only,29.77328155588957,100
NN_Target_Only,20.209191801084767,100
XGBoost_Pool,0.0995250103961661,100
KRR_Pool,1.6535110648409943,100
NN_Pool,5.823951971126671,100
XGBoost_TLCQM,0.1072255911961245,100
KRR_TLCQM,1.8085235062213447,100
NN_TLCQM,0.1084242765522497,100
XGBoost_Target_Only,0.1056475660482171,200
KRR_Target_Only,19.571703349991516,200
NN_Target_Only,23.806690041063167,200
XGBoost_Pool,0.0999494833332696,200
KRR_Pool,1.5958482355007269,200
NN_Pool,4.644370864692322,200
XGBoost_TLCQM,0.1020421562576044,200
KRR_TLCQM,1.7292940977001188,200
NN_TLCQM,0.1198939789514867,200
XGBoost_Target_Only,0.1020993126788745,300
KRR_Target_Only,13.878647664961768,300
NN_Target_Only,0.1892323453835337,300
XGBoost_Pool,0.1000368707902125,300
KRR_Pool,1.6148300890184808,300
NN_Pool,4.037964229609959,300
XGBoost_TLCQM,0.1067779131380276,300
KRR_TLCQM,1.7473668405924383,300
NN_TLCQM,0.3014312789363124,300
XGBoost_Target_Only,0.0958800065989705,500
KRR_Target_Only,8.877873942738805,500
NN_Target_Only,0.1451167640362254,500
XGBoost_Pool,0.0982134755292376,500
KRR_Pool,1.5666305443260762,500
NN_Pool,3.395947312432676,500
XGBoost_TLCQM,0.0986470785904699,500
KRR_TLCQM,1.6917466650961193,500
NN_TLCQM,0.1527851036261236,500
TKRR,1.9212006499717245,100
CDAR,5.88013945195617,100
DARC,25.740903129674187,100
VNCD_MDD,0.226857300373263,100
M3SDA_Reg,0.1196351120151798,100
CMSS_Reg,0.1218354960848194,100
TKRR,1.880010549774924,200
CDAR,5.5676178512873244,200
DARC,32.967756164943125,200
VNCD_MDD,0.172809283618963,200
M3SDA_Reg,0.1184268894944141,200
CMSS_Reg,0.1147991714007268,200
TKRR,1.8936926552950928,300
CDAR,5.546102996512174,300
DARC,33.0403576829596,300
VNCD_MDD,0.1415484036449685,300
M3SDA_Reg,0.1214818410342409,300
CMSS_Reg,0.1072215128895223,300
TKRR,1.877189237355522,500
CDAR,5.530317350053551,500
DARC,32.85059866333638,500
VNCD_MDD,0.1419225227750883,500
M3SDA_Reg,0.1250759621914833,500
CMSS_Reg,0.1028547991436245,500
XGBoost_Target_Only,0.1124184287029748,100
KRR_Target_Only,27.16971655369142,100
NN_Target_Only,20.89311059770797,100
XGBoost_Pool,0.1003219871384127,100
KRR_Pool,1.6529798902398365,100
NN_Pool,5.2893745258722085,100
XGBoost_TLCQM,0.1067944538568288,100
KRR_TLCQM,1.7737866941632552,100
NN_TLCQM,0.1112182321797401,100
XGBoost_Target_Only,0.1087559465871951,200
KRR_Target_Only,17.604032397138365,200
NN_Target_Only,20.556172887564014,200
XGBoost_Pool,0.0992847753254161,200
KRR_Pool,1.6166175676547734,200
NN_Pool,4.01075142551867,200
XGBoost_TLCQM,0.1013648173455369,200
KRR_TLCQM,1.7305583271668303,200
NN_TLCQM,0.4504761779785022,200
XGBoost_Target_Only,0.0999174671080782,300
KRR_Target_Only,13.272397363594798,300
NN_Target_Only,6.920782468645774,300
XGBoost_Pool,0.099136755879876,300
KRR_Pool,1.580083186394481,300
NN_Pool,2.5916691609065032,300
XGBoost_TLCQM,0.0998580067721079,300
KRR_TLCQM,1.7076827227110902,300
NN_TLCQM,0.1427388625634991,300
XGBoost_Target_Only,0.097998660742895,500
KRR_Target_Only,8.642321222065538,500
NN_Target_Only,2.765667389103788,500
XGBoost_Pool,0.0959474863498101,500
KRR_Pool,1.53149610401033,500
NN_Pool,3.102117887677473,500
XGBoost_TLCQM,0.1006379623661661,500
KRR_TLCQM,1.6510832052199045,500
NN_TLCQM,0.1132228534196698,500
TKRR,2.064856857120639,100
CDAR,6.414148271615354,100
DARC,27.905826506734407,100
VNCD_MDD,0.1512429626407881,100
M3SDA_Reg,0.1160761391172233,100
CMSS_Reg,0.120126437898747,100
TKRR,1.9436822012338903,200
CDAR,6.356995396552271,200
DARC,30.18016329530726,200
VNCD_MDD,0.1282567756461558,200
M3SDA_Reg,0.1194250962214045,200
CMSS_Reg,0.111653905017236,200
TKRR,1.926568178523476,300
CDAR,6.40509178382454,300
DARC,30.213375503477938,300
VNCD_MDD,0.1220511477576181,300
M3SDA_Reg,0.1227439139240957,300
CMSS_Reg,0.1060608484773375,300
TKRR,1.860497625844881,500
CDAR,6.238826997513066,500
DARC,29.833390391946004,500
VNCD_MDD,0.1230247716751441,500
M3SDA_Reg,0.1201730433919626,500
CMSS_Reg,0.1041608873201443,500
XGBoost_Target_Only,0.1195718304528768,100
KRR_Target_Only,29.866551586125787,100
NN_Target_Only,21.73476174360457,100
XGBoost_Pool,0.1011566988001259,100
KRR_Pool,1.6390139223350055,100
NN_Pool,5.901378747864272,100
XGBoost_TLCQM,0.1182492656517186,100
KRR_TLCQM,1.7499404239200569,100
NN_TLCQM,0.1206745482731899,100
XGBoost_Target_Only,0.1015811397202668,200
KRR_Target_Only,17.592938920038538,200
NN_Target_Only,22.255502191398133,200
XGBoost_Pool,0.0976615839722585,200
KRR_Pool,1.607531654594152,200
NN_Pool,3.2461357500673462,200
XGBoost_TLCQM,0.1139612333038032,200
KRR_TLCQM,1.7069643668572003,200
NN_TLCQM,0.147163346101337,200
XGBoost_Target_Only,0.0960391708334295,300
KRR_Target_Only,13.337323327859536,300
NN_Target_Only,8.107918621801124,300
XGBoost_Pool,0.0959205677734678,300
KRR_Pool,1.6117394546029815,300
NN_Pool,5.9127720767219385,300
XGBoost_TLCQM,0.1139951902248098,300
KRR_TLCQM,1.707766489288643,300
NN_TLCQM,0.1312230684640343,300
XGBoost_Target_Only,0.0936453986312346,500
KRR_Target_Only,8.973692864470022,500
NN_Target_Only,0.5127785019512879,500
XGBoost_Pool,0.0947366403469201,500
KRR_Pool,1.6033862020761451,500
NN_Pool,3.334878077602457,500
XGBoost_TLCQM,0.1022186894690704,500
KRR_TLCQM,1.6877711289675106,500
NN_TLCQM,0.1412446561024055,500
TKRR,1.981828266373273,100
CDAR,5.44193071377103,100
DARC,29.406831787529494,100
VNCD_MDD,0.1472852941591983,100
M3SDA_Reg,0.1075793461893402,100
CMSS_Reg,0.114291087025135,100
TKRR,1.955133521590836,200
CDAR,5.943776374688479,200
DARC,26.11703003578752,200
VNCD_MDD,0.1313682166550839,200
M3SDA_Reg,0.1151960498562229,200
CMSS_Reg,0.1113862947998862,200
TKRR,1.8943261817085189,300
CDAR,5.967169291107633,300
DARC,26.551660065650065,300
VNCD_MDD,0.1281730295714116,300
M3SDA_Reg,0.1159758808918332,300
CMSS_Reg,0.1048690073913574,300
TKRR,1.898202362227336,500
CDAR,5.969822105590128,500
DARC,26.841348665309045,500
VNCD_MDD,0.1190602038626961,500
M3SDA_Reg,0.1179770089148092,500
CMSS_Reg,0.0974940199687829,500
XGBoost_Target_Only,0.1209081630602532,100
KRR_Target_Only,31.725032505621154,100
NN_Target_Only,24.348639351095816,100
XGBoost_Pool,0.0984986643208357,100
KRR_Pool,1.6245110066493065,100
NN_Pool,5.69893789092828,100
XGBoost_TLCQM,0.1064367828033293,100
KRR_TLCQM,1.717388426571404,100
NN_TLCQM,5.332948511453747,100
XGBoost_Target_Only,0.1092050967221966,200
KRR_Target_Only,20.598748833597227,200
NN_Target_Only,24.49168265022088,200
XGBoost_Pool,0.0963198256563306,200
KRR_Pool,1.5422262918747036,200
NN_Pool,4.281700624026056,200
XGBoost_TLCQM,0.1072127308862878,200
KRR_TLCQM,1.6426024846022356,200
NN_TLCQM,0.1106751157678896,200
XGBoost_Target_Only,0.0971971499132906,300
KRR_Target_Only,14.151090033008993,300
NN_Target_Only,0.3794733788307715,300
XGBoost_Pool,0.0947845701044769,300
KRR_Pool,1.5065122912410585,300
NN_Pool,3.2995834592325184,300
XGBoost_TLCQM,0.1035390379834476,300
KRR_TLCQM,1.6046512307197769,300
NN_TLCQM,0.1332212657580394,300
XGBoost_Target_Only,0.1024293072476675,500
KRR_Target_Only,8.850197592312506,500
NN_Target_Only,0.2776826542833398,500
XGBoost_Pool,0.0946573453201602,500
KRR_Pool,1.451223361087855,500
NN_Pool,3.390163619241788,500
XGBoost_TLCQM,0.1011440231365434,500
KRR_TLCQM,1.5333576175861576,500
NN_TLCQM,0.1078772263870795,500
TKRR,1.8852775684639151,100
CDAR,6.247398539209421,100
DARC,28.17316158694484,100
VNCD_MDD,0.1978446027443172,100
M3SDA_Reg,0.10566928668694,100
CMSS_Reg,0.1144787964476831,100
TKRR,1.84736717178714,200
CDAR,5.640512662340251,200
DARC,32.3819971735917,200
VNCD_MDD,0.1605006721902078,200
M3SDA_Reg,0.1054225093358994,200
CMSS_Reg,0.1083988063355472,200
TKRR,1.7871046418230063,300
CDAR,5.600096038535195,300
DARC,32.6977829025248,300
VNCD_MDD,0.1465683198195615,300
M3SDA_Reg,0.1098408326579478,300
CMSS_Reg,0.1056403541851569,300
TKRR,1.769903271333494,500
CDAR,5.5293472577198495,500
DARC,32.02660347136771,500
VNCD_MDD,0.1369245213285662,500
M3SDA_Reg,0.1129990267612582,500
CMSS_Reg,0.1024956254285274,500
XGBoost_Target_Only,0.1185110553483289,100
KRR_Target_Only,33.12801435039751,100
NN_Target_Only,24.128530209281788,100
XGBoost_Pool,0.1016980573954463,100
KRR_Pool,1.5701737094552743,100
NN_Pool,5.527362735512681,100
XGBoost_TLCQM,0.1069929680497329,100
KRR_TLCQM,1.6844402626700037,100
NN_TLCQM,0.1231948733696113,100
XGBoost_Target_Only,0.1116212389179631,200
KRR_Target_Only,20.45562102640619,200
NN_Target_Only,26.232569453072102,200
XGBoost_Pool,0.1007963115922721,200
KRR_Pool,1.551419801925017,200
NN_Pool,3.1740241819016126,200
XGBoost_TLCQM,0.1054220478876738,200
KRR_TLCQM,1.6622459292299163,200
NN_TLCQM,0.1196962666502961,200
XGBoost_Target_Only,0.1006769078695015,300
KRR_Target_Only,15.906848645425962,300
NN_Target_Only,0.2425695130859865,300
XGBoost_Pool,0.0985165616719746,300
KRR_Pool,1.5164616306131036,300
NN_Pool,3.226417247980897,300
XGBoost_TLCQM,0.1038925931948322,300
KRR_TLCQM,1.6206872753642323,300
NN_TLCQM,0.1080947519827495,300
XGBoost_Target_Only,0.0953871819633815,500
KRR_Target_Only,8.898901139877267,500
NN_Target_Only,0.1580269310264495,500
XGBoost_Pool,0.0960286212173501,500
KRR_Pool,1.5004745407921851,500
NN_Pool,3.0906710681449474,500
XGBoost_TLCQM,0.1008708191536356,500
KRR_TLCQM,1.5849270314387915,500
NN_TLCQM,0.5635125394829961,500
TKRR,1.8144852914688212,100
CDAR,6.289114747708038,100
DARC,27.31149640460544,100
VNCD_MDD,0.1635533292532255,100
M3SDA_Reg,0.1238421401510975,100
CMSS_Reg,0.1202955885868097,100
TKRR,1.8754247827327557,200
CDAR,5.863312083363948,200
DARC,35.3090391315843,200
VNCD_MDD,0.1535982978371803,200
M3SDA_Reg,0.1259126219831509,200
CMSS_Reg,0.1108910762699758,200
TKRR,1.8107677076261977,300
CDAR,5.73928115700607,300
DARC,35.202043587834325,300
VNCD_MDD,0.14310629449995,300
M3SDA_Reg,0.1242824385113463,300
CMSS_Reg,0.1042665950343765,300
TKRR,1.7935942412283146,500
CDAR,5.7686047142996415,500
DARC,34.9113408302436,500
VNCD_MDD,0.1407714705042859,500
M3SDA_Reg,0.130210648641562,500
CMSS_Reg,0.1033995892900427,500
XGBoost_Target_Only,0.1146548201224699,100
KRR_Target_Only,29.252822411524157,100
NN_Target_Only,24.41747457964935,100
XGBoost_Pool,0.1007654182190074,100
KRR_Pool,1.574963569131438,100
NN_Pool,5.311459735240263,100
XGBoost_TLCQM,0.1002172789126788,100
KRR_TLCQM,1.6799916233680423,100
NN_TLCQM,0.2352324555675968,100
XGBoost_Target_Only,0.1049499743425496,200
KRR_Target_Only,19.41782309731094,200
NN_Target_Only,23.84275011728935,200
XGBoost_Pool,0.1006696346299906,200
KRR_Pool,1.4893978609873335,200
NN_Pool,3.5408036066019006,200
XGBoost_TLCQM,0.1007464555945322,200
KRR_TLCQM,1.583684308728931,200
NN_TLCQM,0.1057870224066999,200
XGBoost_Target_Only,0.1000594854843174,300
KRR_Target_Only,14.400781571628322,300
NN_Target_Only,7.087242948580197,300
XGBoost_Pool,0.0977896537585741,300
KRR_Pool,1.425367725869866,300
NN_Pool,2.9067868504991994,300
XGBoost_TLCQM,0.1065036042368536,300
KRR_TLCQM,1.501495352092732,300
NN_TLCQM,0.1451786072039664,300
XGBoost_Target_Only,0.0956626398412385,500
KRR_Target_Only,8.785346246293605,500
NN_Target_Only,1.8884980789614203,500
XGBoost_Pool,0.0962566872959092,500
KRR_Pool,1.440202533760472,500
NN_Pool,2.792611382121435,500
XGBoost_TLCQM,0.1058173965861214,500
KRR_TLCQM,1.5154949511837663,500
NN_TLCQM,0.176768345536119,500
TKRR,1.878335525288136,100
CDAR,5.566433845592904,100
DARC,25.439609447023,100
VNCD_MDD,0.1475695346362297,100
M3SDA_Reg,0.1144411338270872,100
CMSS_Reg,0.1092114859124687,100
TKRR,1.798215287653068,200
CDAR,5.048237629787815,200
DARC,36.41064886338383,200
VNCD_MDD,0.1408217707979539,200
M3SDA_Reg,0.1163878897630458,200
CMSS_Reg,0.107151046005324,200
TKRR,1.778571986943882,300
CDAR,5.125036542724298,300
DARC,36.48352208074962,300
VNCD_MDD,0.1215067813615199,300
M3SDA_Reg,0.1200315980566329,300
CMSS_Reg,0.1081366175706327,300
TKRR,1.7795574770557594,500
CDAR,5.021199526653716,500
DARC,36.57900486398461,500
VNCD_MDD,0.1215508065137019,500
M3SDA_Reg,0.1152147994901171,500
CMSS_Reg,0.1050690769177917,500
XGBoost_Target_Only,0.1055236541350313,100
KRR_Target_Only,29.29613785623088,100
NN_Target_Only,18.628686678268767,100
XGBoost_Pool,0.0987039791071317,100
KRR_Pool,1.656567609165842,100
NN_Pool,4.941074278378251,100
XGBoost_TLCQM,0.1330884815321232,100
KRR_TLCQM,1.8362857647178463,100
NN_TLCQM,0.1299193131135833,100
XGBoost_Target_Only,0.0989354807943651,200
KRR_Target_Only,19.330210092542806,200
NN_Target_Only,22.64649979634772,200
XGBoost_Pool,0.0975410419222125,200
KRR_Pool,1.6025112190183042,200
NN_Pool,3.0285295232873826,200
XGBoost_TLCQM,0.1039606968241191,200
KRR_TLCQM,1.7295044749664463,200
NN_TLCQM,0.1227871155294304,200
XGBoost_Target_Only,0.0973807369994892,300
KRR_Target_Only,14.71539967239207,300
NN_Target_Only,6.883464006661626,300
XGBoost_Pool,0.0971376624886339,300
KRR_Pool,1.5512807810092644,300
NN_Pool,3.4115029102587675,300
XGBoost_TLCQM,0.105977072169568,300
KRR_TLCQM,1.681669225824491,300
NN_TLCQM,0.1845218728034509,300
XGBoost_Target_Only,0.0930152289145406,500
KRR_Target_Only,9.262229186078924,500
NN_Target_Only,0.1617735166600693,500
XGBoost_Pool,0.0949888259979686,500
KRR_Pool,1.457862992153091,500
NN_Pool,4.472224741984172,500
XGBoost_TLCQM,0.1045867516578485,500
KRR_TLCQM,1.558528723580525,500
NN_TLCQM,0.1095312098424324,500
TKRR,2.097517875537918,100
CDAR,5.498758541241222,100
DARC,27.399410828430668,100
VNCD_MDD,0.1571910426288106,100
M3SDA_Reg,0.1196396831210774,100
CMSS_Reg,0.1115319651502571,100
TKRR,1.8697018181075435,200
CDAR,5.578854860702886,200
DARC,35.05470424952431,200
VNCD_MDD,0.1354296745016875,200
M3SDA_Reg,0.1193394001301206,200
CMSS_Reg,0.1073452372552817,200
TKRR,1.8591549280833453,300
CDAR,5.577840321653693,300
DARC,35.12743492639494,300
VNCD_MDD,0.125947290321295,300
M3SDA_Reg,0.1207357135455344,300
CMSS_Reg,0.1037060544463479,300
TKRR,1.7476253824423165,500
CDAR,5.552306230037001,500
DARC,35.46475509145978,500
VNCD_MDD,0.13825247825032,500
M3SDA_Reg,0.1204537946498164,500
CMSS_Reg,0.1024985572277306,500
XGBoost_Target_Only,0.1218144950799693,100
KRR_Target_Only,30.414543381954427,100
NN_Target_Only,20.716791988172176,100
XGBoost_Pool,0.1049897849123717,100
KRR_Pool,1.6206434104012597,100
NN_Pool,3.461616208643168,100
XGBoost_TLCQM,0.1322551292832514,100
KRR_TLCQM,1.800310326443066,100
NN_TLCQM,0.1305320763060486,100
XGBoost_Target_Only,0.1055152631891812,200
KRR_Target_Only,18.007663798409293,200
NN_Target_Only,20.241411565398156,200
XGBoost_Pool,0.0988664738745624,200
KRR_Pool,1.5925573552305998,200
NN_Pool,3.587286345198805,200
XGBoost_TLCQM,0.0988171898459285,200
KRR_TLCQM,1.680484904051638,200
NN_TLCQM,0.1053322379552424,200
XGBoost_Target_Only,0.0958297865778395,300
KRR_Target_Only,14.072851000518115,300
NN_Target_Only,0.1852231053733608,300
XGBoost_Pool,0.098919501922464,300
KRR_Pool,1.5932520694502923,300
NN_Pool,3.334009315358008,300
XGBoost_TLCQM,0.1009070763612639,300
KRR_TLCQM,1.6795763980062663,300
NN_TLCQM,0.1073617912693974,300
XGBoost_Target_Only,0.0974061932926946,500
KRR_Target_Only,9.991880809261994,500
NN_Target_Only,0.7032867303610452,500
XGBoost_Pool,0.0965542395954275,500
KRR_Pool,1.5693232188151265,500
NN_Pool,3.65215096941158,500
XGBoost_TLCQM,0.096980035789593,500
KRR_TLCQM,1.653449330595841,500
NN_TLCQM,0.1096405341939059,500
TKRR,1.98164577181259,100
CDAR,5.546382821057091,100
DARC,27.044704712103574,100
VNCD_MDD,0.1897850590825045,100
M3SDA_Reg,0.1255527805671304,100
CMSS_Reg,0.1278975769094271,100
TKRR,1.856849096767404,200
CDAR,5.729453642635689,200
DARC,32.59646114276588,200
VNCD_MDD,0.1391821715141763,200
M3SDA_Reg,0.1114641969883904,200
CMSS_Reg,0.1105419029962687,200
TKRR,1.9522805540514765,300
CDAR,5.677218496408053,300
DARC,33.72054478019207,300
VNCD_MDD,0.1247243539792748,300
M3SDA_Reg,0.1117193885993218,300
CMSS_Reg,0.1054899051825073,300
TKRR,1.878130926097502,500
CDAR,5.749801621744131,500
DARC,35.36959429387435,500
VNCD_MDD,0.1262480700189568,500
M3SDA_Reg,0.1149324313373715,500
CMSS_Reg,0.0999626370573132,500
XGBoost_Target_Only,0.1166782679353527,100
KRR_Target_Only,29.56849646462465,100
NN_Target_Only,23.35763077866137,100
XGBoost_Pool,0.1021667193579396,100
KRR_Pool,1.5927136036833829,100
NN_Pool,5.374425972114635,100
XGBoost_TLCQM,0.104002611073518,100
KRR_TLCQM,1.7047375040080814,100
NN_TLCQM,0.1043871948735186,100
XGBoost_Target_Only,0.0990287628792244,200
KRR_Target_Only,19.098958517231235,200
NN_Target_Only,23.73146931108796,200
XGBoost_Pool,0.1016029286519641,200
KRR_Pool,1.5525915529938783,200
NN_Pool,3.638292270875152,200
XGBoost_TLCQM,0.1033014645123949,200
KRR_TLCQM,1.6718246203878753,200
NN_TLCQM,0.1329211184330738,200
XGBoost_Target_Only,0.1010555451583249,300
KRR_Target_Only,14.197539860881738,300
NN_Target_Only,0.2482817586551033,300
XGBoost_Pool,0.101404387740924,300
KRR_Pool,1.539169778358872,300
NN_Pool,6.155438471489846,300
XGBoost_TLCQM,0.1016770946359531,300
KRR_TLCQM,1.6595260413691697,300
NN_TLCQM,0.7172378372086632,300
XGBoost_Target_Only,0.1002079115961007,500
KRR_Target_Only,9.05559464462467,500
NN_Target_Only,0.5422690922973722,500
XGBoost_Pool,0.0974669642566468,500
KRR_Pool,1.4464972351409913,500
NN_Pool,2.63675829306557,500
XGBoost_TLCQM,0.1026592353716193,500
KRR_TLCQM,1.5475802486134986,500
NN_TLCQM,0.1054841068101735,500
TKRR,2.068749567968112,100
CDAR,5.35203032826447,100
DARC,31.15443364816748,100
VNCD_MDD,0.1653584645213065,100
M3SDA_Reg,0.1180801694165625,100
CMSS_Reg,0.1121042655251534,100
TKRR,2.004129428976064,200
CDAR,5.417486859431811,200
DARC,34.579448623959806,200
VNCD_MDD,0.1768778797272328,200
M3SDA_Reg,0.1153452146002776,200
CMSS_Reg,0.1093633003334796,200
TKRR,1.8336666831820176,300
CDAR,5.419127179226698,300
DARC,35.005909008248864,300
VNCD_MDD,0.1609084840486608,300
M3SDA_Reg,0.1244807106354294,300
CMSS_Reg,0.1083918868306854,300
TKRR,1.773626732960915,500
CDAR,5.425528826188085,500
DARC,34.88527290513261,500
VNCD_MDD,0.1535557028722392,500
M3SDA_Reg,0.1161923993628774,500
CMSS_Reg,0.1087856573438802,500
XGBoost_Target_Only,0.1193899062639454,100
KRR_Target_Only,30.876030722679204,100
NN_Target_Only,21.691997772424862,100
XGBoost_Pool,0.1028727770029703,100
KRR_Pool,1.6178949267663272,100
NN_Pool,6.126408109644177,100
XGBoost_TLCQM,0.1049516599548786,100
KRR_TLCQM,1.716891376091318,100
NN_TLCQM,0.1039981172441495,100
XGBoost_Target_Only,0.107734098744369,200
KRR_Target_Only,19.33949686495283,200
NN_Target_Only,20.48794207670324,200
XGBoost_Pool,0.09775537564692,200
KRR_Pool,1.5966603144013138,200
NN_Pool,7.403660629229653,200
XGBoost_TLCQM,0.1056921066257014,200
KRR_TLCQM,1.6746058783283375,200
NN_TLCQM,0.1106814085184688,200
XGBoost_Target_Only,0.1022610664229866,300
KRR_Target_Only,15.095755966837103,300
NN_Target_Only,7.003836764074553,300
XGBoost_Pool,0.0973593771169006,300
KRR_Pool,1.5656685660541807,300
NN_Pool,2.796005438773788,300
XGBoost_TLCQM,0.0992634219869377,300
KRR_TLCQM,1.655378078891595,300
NN_TLCQM,0.1027387487240417,300
XGBoost_Target_Only,0.0973712602236093,500
KRR_Target_Only,8.985473227327716,500
NN_Target_Only,0.1871871850569815,500
XGBoost_Pool,0.0973222384642744,500
KRR_Pool,1.5086207828702567,500
NN_Pool,3.442656829839196,500
XGBoost_TLCQM,0.1041106954137395,500
KRR_TLCQM,1.5992645569146051,500
NN_TLCQM,0.1090142838428498,500
TKRR,1.875696772306665,100
CDAR,5.499408409662872,100
DARC,35.70941818123317,100
VNCD_MDD,0.1540219950248937,100
M3SDA_Reg,0.1146705879584899,100
CMSS_Reg,0.1117718447426439,100
TKRR,1.866852683131771,200
CDAR,5.239070770232969,200
DARC,29.62631109955896,200
VNCD_MDD,0.1494851708890323,200
M3SDA_Reg,0.1105964683279942,200
CMSS_Reg,0.1090774844858625,200
TKRR,1.867108818467068,300
CDAR,5.378165047225835,300
DARC,29.73713999464925,300
VNCD_MDD,0.1417965799094558,300
M3SDA_Reg,0.1097884253929874,300
CMSS_Reg,0.1071233055252419,300
TKRR,1.8596360084218504,500
CDAR,5.337365059626826,500
DARC,29.802378245758455,500
VNCD_MDD,0.1292333716788376,500
M3SDA_Reg,0.116337618331414,500
CMSS_Reg,0.1017125196742841,500
XGBoost_Target_Only,0.1101656037924762,100
KRR_Target_Only,31.91510946324109,100
NN_Target_Only,22.51146360698383,100
XGBoost_Pool,0.0988083222695424,100
KRR_Pool,1.6020663387508856,100
NN_Pool,3.908843370451175,100
XGBoost_TLCQM,0.1118844261332606,100
KRR_TLCQM,1.683128273796237,100
NN_TLCQM,0.1253024533538067,100
XGBoost_Target_Only,0.1116736334943224,200
KRR_Target_Only,20.153533873967604,200
NN_Target_Only,20.70304764117872,200
XGBoost_Pool,0.0970084881669073,200
KRR_Pool,1.59292233020957,200
NN_Pool,3.6893296825073887,200
XGBoost_TLCQM,0.1033675744723556,200
KRR_TLCQM,1.6797587338312665,200
NN_TLCQM,0.1176668729223103,200
XGBoost_Target_Only,0.0970236779911349,300
KRR_Target_Only,13.813673389101956,300
NN_Target_Only,10.071883138224818,300
XGBoost_Pool,0.0966858347709243,300
KRR_Pool,1.579734283974262,300
NN_Pool,3.380874332597029,300
XGBoost_TLCQM,0.1019997225678858,300
KRR_TLCQM,1.663961904477263,300
NN_TLCQM,0.1113254533357399,300
XGBoost_Target_Only,0.1003163139396295,500
KRR_Target_Only,8.369078227241761,500
NN_Target_Only,0.2249057670958244,500
XGBoost_Pool,0.0933817316403032,500
KRR_Pool,1.5672913878377297,500
NN_Pool,3.240795704014582,500
XGBoost_TLCQM,0.1014749500696349,500
KRR_TLCQM,1.658256793995774,500
NN_TLCQM,0.157283868951601,500
TKRR,1.885642656494913,100
CDAR,5.7833051868363325,100
DARC,26.267865336001552,100
VNCD_MDD,0.1688553636619801,100
M3SDA_Reg,0.1089728576375881,100
CMSS_Reg,0.1134444620184351,100
TKRR,1.8484393160883823,200
CDAR,5.799156180909844,200
DARC,23.88979467611931,200
VNCD_MDD,0.1310921134405342,200
M3SDA_Reg,0.109785519398636,200
CMSS_Reg,0.1101405437736271,200
TKRR,1.830468053681452,300
CDAR,5.752760624417345,300
DARC,24.68336965601708,300
VNCD_MDD,0.1303935632511739,300
M3SDA_Reg,0.1138155416126365,300
CMSS_Reg,0.1028822954839646,300
TKRR,1.8331102169515323,500
CDAR,5.712613602150283,500
DARC,24.7244005348295,500
VNCD_MDD,0.1224868012978652,500
M3SDA_Reg,0.1185823720115458,500
CMSS_Reg,0.1021492413571775,500
XGBoost_Target_Only,0.1197902629337667,100
KRR_Target_Only,30.219303325176867,100
NN_Target_Only,21.609132665296613,100
XGBoost_Pool,0.0986496913194542,100
KRR_Pool,1.619194997803889,100
NN_Pool,3.3570683903626697,100
XGBoost_TLCQM,0.1125081316200733,100
KRR_TLCQM,1.7428202921150575,100
NN_TLCQM,0.2217499670166662,100
XGBoost_Target_Only,0.106585101164809,200
KRR_Target_Only,19.694873475627062,200
NN_Target_Only,23.792984336482533,200
XGBoost_Pool,0.0998913354948966,200
KRR_Pool,1.597595389910606,200
NN_Pool,3.938092845037088,200
XGBoost_TLCQM,0.1051987987641427,200
KRR_TLCQM,1.7316805785390306,200
NN_TLCQM,0.1177234830096819,200
XGBoost_Target_Only,0.0994343662851641,300
KRR_Target_Only,13.6310158933704,300
NN_Target_Only,0.4178815723139332,300
XGBoost_Pool,0.0974316068460414,300
KRR_Pool,1.5554070818832957,300
NN_Pool,2.713227360913572,300
XGBoost_TLCQM,0.1028243955831828,300
KRR_TLCQM,1.685220928518508,300
NN_TLCQM,0.1392318712710607,300
XGBoost_Target_Only,0.0964841069424943,500
KRR_Target_Only,9.200914463669717,500
NN_Target_Only,1.874230004149368,500
XGBoost_Pool,0.0955963381443897,500
KRR_Pool,1.484223436420614,500
NN_Pool,4.043179033814699,500
XGBoost_TLCQM,0.0980309947995548,500
KRR_TLCQM,1.5993787260112258,500
NN_TLCQM,0.1344177775211308,500
TKRR,1.8814889986925696,100
CDAR,5.329569478291726,100
DARC,27.36601600966248,100
VNCD_MDD,0.1638767900030099,100
M3SDA_Reg,0.1162147896248797,100
CMSS_Reg,0.1183511833192305,100
TKRR,1.8819833308061888,200
CDAR,5.5413389117286425,200
DARC,32.29531939166374,200
VNCD_MDD,0.140481351203716,200
M3SDA_Reg,0.1174902243721513,200
CMSS_Reg,0.1242209183990818,200
TKRR,1.8514635823875976,300
CDAR,5.507753893972558,300
DARC,32.30867630922229,300
VNCD_MDD,0.1425520065689952,300
M3SDA_Reg,0.1173187138087091,300
CMSS_Reg,0.114935536951727,300
TKRR,1.805311418984744,500
CDAR,5.497989199783295,500
DARC,32.15538876938257,500
VNCD_MDD,0.1287550724682517,500
M3SDA_Reg,0.1222224298654473,500
CMSS_Reg,0.1050846593111392,500
XGBoost_Target_Only,0.1260038595020197,100
KRR_Target_Only,29.04685649099226,100
NN_Target_Only,15.150646200205516,100
XGBoost_Pool,0.1029723278360395,100
KRR_Pool,1.628603234655458,100
NN_Pool,5.327392539262279,100
XGBoost_TLCQM,0.1064397243788999,100
KRR_TLCQM,1.767816436974412,100
NN_TLCQM,0.1006443913048926,100
XGBoost_Target_Only,0.1269027453678422,200
KRR_Target_Only,19.496354525232903,200
NN_Target_Only,18.61699642298671,200
XGBoost_Pool,0.0997606300305342,200
KRR_Pool,1.5830172965116045,200
NN_Pool,4.969242240957096,200
XGBoost_TLCQM,0.1011145967930688,200
KRR_TLCQM,1.7013277217964786,200
NN_TLCQM,0.1025131435590276,200
XGBoost_Target_Only,0.1060049669447985,300
KRR_Target_Only,14.92791857028636,300
NN_Target_Only,0.2929035406195971,300
XGBoost_Pool,0.0993321511686584,300
KRR_Pool,1.5170740430192635,300
NN_Pool,3.3065026303934784,300
XGBoost_TLCQM,0.0999135642043457,300
KRR_TLCQM,1.6168755851051837,300
NN_TLCQM,0.3147154433826304,300
XGBoost_Target_Only,0.0989417757556664,500
KRR_Target_Only,9.35661784860619,500
NN_Target_Only,0.8847595151978241,500
XGBoost_Pool,0.0953309722318687,500
KRR_Pool,1.5031738279395197,500
NN_Pool,4.586526539305987,500
XGBoost_TLCQM,0.1034441709931696,500
KRR_TLCQM,1.5957867911607682,500
NN_TLCQM,0.1049685617952227,500
TKRR,2.010591911126834,100
CDAR,6.608571612315919,100
DARC,22.40540472567245,100
VNCD_MDD,0.1759205215641301,100
M3SDA_Reg,0.1194006037108622,100
CMSS_Reg,0.1252354822677397,100
TKRR,1.9956107719545315,200
CDAR,6.349432149365581,200
DARC,31.38799888970612,200
VNCD_MDD,0.1428489017127498,200
M3SDA_Reg,0.1167848932006172,200
CMSS_Reg,0.121340979365327,200
TKRR,2.1075568032613825,300
CDAR,6.328161845639924,300
DARC,31.538657570388253,300
VNCD_MDD,0.1458023688281434,300
M3SDA_Reg,0.1234554451814939,300
CMSS_Reg,0.114894319406546,300
TKRR,1.8300939505862823,500
CDAR,6.32392523217572,500
DARC,31.28675309734562,500
VNCD_MDD,0.1496614093515746,500
M3SDA_Reg,0.1189529384849919,500
CMSS_Reg,0.109315814801873,500
XGBoost_Target_Only,0.1473285906608482,100
KRR_Target_Only,29.452111858917643,100
NN_Target_Only,23.01461397721483,100
XGBoost_Pool,0.1029059864455106,100
KRR_Pool,1.6049099222299943,100
NN_Pool,5.546214165851737,100
XGBoost_TLCQM,0.1042381173723029,100
KRR_TLCQM,1.7236228294641964,100
NN_TLCQM,0.3218505185917386,100
XGBoost_Target_Only,0.1172942782604753,200
KRR_Target_Only,18.611504004325933,200
NN_Target_Only,21.980691500162685,200
XGBoost_Pool,0.1004146776551173,200
KRR_Pool,1.584911613823854,200
NN_Pool,3.5173791088714146,200
XGBoost_TLCQM,0.1021937759979949,200
KRR_TLCQM,1.681544715093649,200
NN_TLCQM,0.1121722202467404,200
XGBoost_Target_Only,0.1041484436200641,300
KRR_Target_Only,13.4472192630096,300
NN_Target_Only,0.3920109178009723,300
XGBoost_Pool,0.0988770195902596,300
KRR_Pool,1.4732780535109744,300
NN_Pool,6.087197743020796,300
XGBoost_TLCQM,0.102545435594551,300
KRR_TLCQM,1.5482071321361328,300
NN_TLCQM,0.1166537759029153,300
XGBoost_Target_Only,0.0952581810451878,500
KRR_Target_Only,8.97926284006225,500
NN_Target_Only,0.4802826230163715,500
XGBoost_Pool,0.0974594796719592,500
KRR_Pool,1.4216633300963009,500
NN_Pool,3.397783524975096,500
XGBoost_TLCQM,0.1057429715156919,500
KRR_TLCQM,1.4947440215739738,500
NN_TLCQM,0.1201508896562573,500
TKRR,1.8706720192986328,100
CDAR,5.775559086342872,100
DARC,30.96020236059142,100
VNCD_MDD,0.1554051168996652,100
M3SDA_Reg,0.1253209379562944,100
CMSS_Reg,0.1165953139849032,100
TKRR,1.848398237780364,200
CDAR,5.322589987254063,200
DARC,31.33736136734344,200
VNCD_MDD,0.1532864241223513,200
M3SDA_Reg,0.1243457360020026,200
CMSS_Reg,0.1101522766648176,200
TKRR,1.7955055291093436,300
CDAR,5.297930635903101,300
DARC,31.199251712106754,300
VNCD_MDD,0.1432862488784763,300
M3SDA_Reg,0.1220247088836871,300
CMSS_Reg,0.1081532935071214,300
TKRR,1.750732121004024,500
CDAR,5.34683812798815,500
DARC,31.191657009598043,500
VNCD_MDD,0.1386236394171644,500
M3SDA_Reg,0.1218933620206134,500
CMSS_Reg,0.10304481912564,500
XGBoost_Target_Only,0.1239380975673879,100
KRR_Target_Only,30.35385488119571,100
NN_Target_Only,22.58399987901135,100
XGBoost_Pool,0.1022501227809416,100
KRR_Pool,1.5776042797051468,100
NN_Pool,5.750131910537172,100
XGBoost_TLCQM,0.1079199531301734,100
KRR_TLCQM,1.708649541186342,100
NN_TLCQM,0.1097464702881377,100
XGBoost_Target_Only,0.100825657092353,200
KRR_Target_Only,18.90202826730519,200
NN_Target_Only,28.37222616300164,200
XGBoost_Pool,0.0998576255971619,200
KRR_Pool,1.5328139332378723,200
NN_Pool,3.4638364159950243,200
XGBoost_TLCQM,0.1069056110615429,200
KRR_TLCQM,1.645144792488593,200
NN_TLCQM,0.1369747745366457,200
XGBoost_Target_Only,0.1009715781125638,300
KRR_Target_Only,13.283411154606362,300
NN_Target_Only,7.363276337978906,300
XGBoost_Pool,0.0969444943276575,300
KRR_Pool,1.5025702293080887,300
NN_Pool,6.006520499913441,300
XGBoost_TLCQM,0.0993932999141729,300
KRR_TLCQM,1.595510638593022,300
NN_TLCQM,0.1212521012149408,300
XGBoost_Target_Only,0.0933163251579419,500
KRR_Target_Only,9.106221516183844,500
NN_Target_Only,1.6945714726927956,500
XGBoost_Pool,0.0952877005510749,500
KRR_Pool,1.458946631412524,500
NN_Pool,2.883400722414474,500
XGBoost_TLCQM,0.1025133470872295,500
KRR_TLCQM,1.5481944776489525,500
NN_TLCQM,0.1082978341074675,500
TKRR,2.057561793773724,100
CDAR,5.296285485586868,100
DARC,35.456056178100454,100
VNCD_MDD,0.153724694682016,100
M3SDA_Reg,0.1131723557004124,100
CMSS_Reg,0.1166200609861994,100
TKRR,1.8673914824067264,200
CDAR,5.204913847864306,200
DARC,25.29381405935221,200
VNCD_MDD,0.1498917526094604,200
M3SDA_Reg,0.1169205556299781,200
CMSS_Reg,0.1167811360271447,200
TKRR,1.7830992668535288,300
CDAR,4.812778278144597,300
DARC,25.90426741776073,300
VNCD_MDD,0.1255780586828001,300
M3SDA_Reg,0.1116514497519754,300
CMSS_Reg,0.1085037642148674,300
TKRR,1.7647788745642288,500
CDAR,4.758761739073034,500
DARC,25.82306387143408,500
VNCD_MDD,0.1226825089795692,500
M3SDA_Reg,0.1173392267173585,500
CMSS_Reg,0.1054700634269545,500
XGBoost_Target_Only,0.1178306839278596,100
KRR_Target_Only,27.56428972106918,100
NN_Target_Only,19.94909171546884,100
XGBoost_Pool,0.1020333162206381,100
KRR_Pool,1.6187797083801168,100
NN_Pool,5.544738437553274,100
XGBoost_TLCQM,0.1097737894217667,100
KRR_TLCQM,1.7144762320512974,100
NN_TLCQM,0.1107098542688923,100
XGBoost_Target_Only,0.1074233727632911,200
KRR_Target_Only,18.34757701488254,200
NN_Target_Only,21.35133229904189,200
XGBoost_Pool,0.101390139002692,200
KRR_Pool,1.606282354062274,200
NN_Pool,4.771260265421335,200
XGBoost_TLCQM,0.1061425286490493,200
KRR_TLCQM,1.6938117014253942,200
NN_TLCQM,0.1110311254208191,200
XGBoost_Target_Only,0.0998605171775941,300
KRR_Target_Only,14.132271122910394,300
NN_Target_Only,1.7242109540322457,300
XGBoost_Pool,0.0999977363578727,300
KRR_Pool,1.5710921956186126,300
NN_Pool,4.086913328757155,300
XGBoost_TLCQM,0.1040024138400901,300
KRR_TLCQM,1.654184956226411,300
NN_TLCQM,0.1605058864787929,300
XGBoost_Target_Only,0.0982138348173327,500
KRR_Target_Only,8.744289925587207,500
NN_Target_Only,0.3259316064985291,500
XGBoost_Pool,0.0989489280183843,500
KRR_Pool,1.5143588427732426,500
NN_Pool,3.3590525916408294,500
XGBoost_TLCQM,0.1018244596412041,500
KRR_TLCQM,1.596521724329979,500
NN_TLCQM,0.1055117444110027,500
TKRR,1.8991546975486917,100
CDAR,5.519717016977535,100
DARC,39.0050637822383,100
VNCD_MDD,0.1601334859497487,100
M3SDA_Reg,0.112772989947136,100
CMSS_Reg,0.1174978771048506,100
TKRR,1.8664377436137445,200
CDAR,6.525303572971152,200
DARC,29.117258239142917,200
VNCD_MDD,0.1470970971019107,200
M3SDA_Reg,0.1102990741469834,200
CMSS_Reg,0.1169239364457841,200
TKRR,1.8748690436173732,300
CDAR,6.618803525133121,300
DARC,29.52950164352886,300
VNCD_MDD,0.1461348966322908,300
M3SDA_Reg,0.1114223783741926,300
CMSS_Reg,0.1161703545159142,300
TKRR,1.806328576411529,500
CDAR,6.660211879727,500
DARC,29.725277937678324,500
VNCD_MDD,0.1319163256934489,500
M3SDA_Reg,0.1149036962824099,500
CMSS_Reg,0.1089047221280733,500
XGBoost_Target_Only,0.1126803916693701,100
KRR_Target_Only,30.453909099934958,100
NN_Target_Only,21.71568418333806,100
XGBoost_Pool,0.1000178290008369,100
KRR_Pool,1.605336118117061,100
NN_Pool,3.424733197223153,100
XGBoost_TLCQM,0.1083303051771634,100
KRR_TLCQM,1.735799843637997,100
NN_TLCQM,0.1103457723723807,100
XGBoost_Target_Only,0.0996550826177603,200
KRR_Target_Only,19.81628879097359,200
NN_Target_Only,20.845082812571697,200
XGBoost_Pool,0.0976741775713593,200
KRR_Pool,1.5785536401961635,200
NN_Pool,4.858899108890012,200
XGBoost_TLCQM,0.1065006158329004,200
KRR_TLCQM,1.6798600178491618,200
NN_TLCQM,0.1213066304032153,200
XGBoost_Target_Only,0.0987944961929822,300
KRR_Target_Only,14.186647893145386,300
NN_Target_Only,6.118164485049521,300
XGBoost_Pool,0.0980784375854791,300
KRR_Pool,1.466941529961433,300
NN_Pool,3.149867348175131,300
XGBoost_TLCQM,0.1014318344478388,300
KRR_TLCQM,1.5739205083688466,300
NN_TLCQM,0.1336573466820104,300
XGBoost_Target_Only,0.0938439045911901,500
KRR_Target_Only,8.8247411209665,500
NN_Target_Only,0.5003520601031448,500
XGBoost_Pool,0.0940089310782635,500
KRR_Pool,1.3400766195843192,500
NN_Pool,3.1597646559725128,500
XGBoost_TLCQM,0.0960137115529699,500
KRR_TLCQM,1.441456734622512,500
NN_TLCQM,0.1218284941026034,500
TKRR,1.8973066485770376,100
CDAR,5.951105479764788,100
DARC,25.991309038470437,100
VNCD_MDD,0.18325080329881,100
M3SDA_Reg,0.1188965840927377,100
CMSS_Reg,0.1154764288658954,100
TKRR,1.8382051496947835,200
CDAR,5.158804194776448,200
DARC,33.379914574583125,200
VNCD_MDD,0.1656076375830492,200
M3SDA_Reg,0.1190691508937679,200
CMSS_Reg,0.1193341746770094,200
TKRR,1.791684406431956,300
CDAR,5.340431258813283,300
DARC,34.13233223600193,300
VNCD_MDD,0.1437443336512904,300
M3SDA_Reg,0.1285874425840424,300
CMSS_Reg,0.1141750118067737,300
TKRR,1.6582411343608252,500
CDAR,5.257322975432587,500
DARC,34.185156630740444,500
VNCD_MDD,0.1322972708256211,500
M3SDA_Reg,0.1290721729312981,500
CMSS_Reg,0.106875079315263,500
XGBoost_Target_Only,0.1058716032427858,100
KRR_Target_Only,30.72895224382269,100
NN_Target_Only,21.57333635554584,100
XGBoost_Pool,0.1023913006081594,100
KRR_Pool,1.580994894084756,100
NN_Pool,5.364549130333683,100
XGBoost_TLCQM,0.1068167315552972,100
KRR_TLCQM,1.6726501389128423,100
NN_TLCQM,0.1347458283127448,100
XGBoost_Target_Only,0.1026955692124068,200
KRR_Target_Only,19.819908086555216,200
NN_Target_Only,21.041052522687004,200
XGBoost_Pool,0.1005810724625276,200
KRR_Pool,1.5785821759279537,200
NN_Pool,3.8551010382775552,200
XGBoost_TLCQM,0.1058251643040743,200
KRR_TLCQM,1.6804830514867983,200
NN_TLCQM,0.1087841667218609,200
XGBoost_Target_Only,0.0999617329606544,300
KRR_Target_Only,14.273163221637382,300
NN_Target_Only,6.332932622249494,300
XGBoost_Pool,0.0994786339504348,300
KRR_Pool,1.5832786357654465,300
NN_Pool,2.802292871331123,300
XGBoost_TLCQM,0.103261544216476,300
KRR_TLCQM,1.6832490335125505,300
NN_TLCQM,0.1689960870994771,300
XGBoost_Target_Only,0.0934328191348052,500
KRR_Target_Only,8.993315951913287,500
NN_Target_Only,0.3625600953503398,500
XGBoost_Pool,0.0935961512279194,500
KRR_Pool,1.5253277200041195,500
NN_Pool,4.898895456291097,500
XGBoost_TLCQM,0.1028330762566749,500
KRR_TLCQM,1.613771719835219,500
NN_TLCQM,0.1229177221502848,500
TKRR,1.8602773217727917,100
CDAR,5.031835503891078,100
DARC,37.74178289985094,100
VNCD_MDD,0.1589202636373676,100
M3SDA_Reg,0.1132639817389341,100
CMSS_Reg,0.1114989238754114,100
TKRR,1.8916133721367872,200
CDAR,5.389831173421111,200
DARC,32.6211637986423,200
VNCD_MDD,0.1714744356905146,200
M3SDA_Reg,0.1144820016612765,200
CMSS_Reg,0.1103617970622142,200
TKRR,1.908059229842584,300
CDAR,5.374462316747685,300
DARC,32.62059322215808,300
VNCD_MDD,0.1670681496025672,300
M3SDA_Reg,0.1181231517170583,300
CMSS_Reg,0.1079325626852701,300
TKRR,1.831782050384994,500
CDAR,5.390326160341253,500
DARC,32.34534601704203,500
VNCD_MDD,0.1543639620442652,500
M3SDA_Reg,0.1159922276373111,500
CMSS_Reg,0.1042440276983431,500
XGBoost_Target_Only,0.1217550063105083,100
KRR_Target_Only,28.824469165682565,100
NN_Target_Only,20.846277251687848,100
XGBoost_Pool,0.1005632227415771,100
KRR_Pool,1.6234887679560035,100
NN_Pool,3.369345670411602,100
XGBoost_TLCQM,0.108252820853288,100
KRR_TLCQM,1.7159256901693014,100
NN_TLCQM,0.1208862062311874,100
XGBoost_Target_Only,0.1042965494225046,200
KRR_Target_Only,18.909244803193985,200
NN_Target_Only,23.269959318832186,200
XGBoost_Pool,0.0999935273584103,200
KRR_Pool,1.5680967421516956,200
NN_Pool,3.409958493468488,200
XGBoost_TLCQM,0.1044089201120098,200
KRR_TLCQM,1.6630070561767691,200
NN_TLCQM,0.1254335591108626,200
XGBoost_Target_Only,0.0995450829230353,300
KRR_Target_Only,13.6152089465572,300
NN_Target_Only,1.731418930211441,300
XGBoost_Pool,0.0981579120239578,300
KRR_Pool,1.546834870405062,300
NN_Pool,3.381409730522301,300
XGBoost_TLCQM,0.1007546963373249,300
KRR_TLCQM,1.6582260642331286,300
NN_TLCQM,0.1081208432634965,300
XGBoost_Target_Only,0.096738195922792,500
KRR_Target_Only,8.363346805926037,500
NN_Target_Only,0.3402585852654534,500
XGBoost_Pool,0.0964670307694763,500
KRR_Pool,1.5219797591124242,500
NN_Pool,3.658164779625365,500
XGBoost_TLCQM,0.0997352118757291,500
KRR_TLCQM,1.617922051795818,500
NN_TLCQM,0.1070113116210058,500
TKRR,1.9446588705583043,100
CDAR,6.073574942406955,100
DARC,32.72284211390589,100
VNCD_MDD,0.1957823181492338,100
M3SDA_Reg,0.1173547380130391,100
CMSS_Reg,0.1204894723451978,100
TKRR,1.8902334251489332,200
CDAR,5.57434939500851,200
DARC,32.58174594542914,200
VNCD_MDD,0.1679935179105548,200
M3SDA_Reg,0.1152556979969552,200
CMSS_Reg,0.1121829419312732,200
TKRR,1.8466558822920325,300
CDAR,5.574787903082365,300
DARC,32.36657175319715,300
VNCD_MDD,0.1592990151259857,300
M3SDA_Reg,0.1135356294391915,300
CMSS_Reg,0.1111873167728253,300
TKRR,1.851007053005804,500
CDAR,5.514916665844057,500
DARC,35.154087456158386,500
VNCD_MDD,0.1599785995655139,500
M3SDA_Reg,0.1133257809778726,500
CMSS_Reg,0.1053072435335769,500
XGBoost_Target_Only,0.1232922110011858,100
KRR_Target_Only,29.89620550025644,100
NN_Target_Only,18.849753441476512,100
XGBoost_Pool,0.1023923980658918,100
KRR_Pool,1.626553736679379,100
NN_Pool,5.326392283052819,100
XGBoost_TLCQM,0.1095928760895051,100
KRR_TLCQM,1.7454439730960896,100
NN_TLCQM,0.1142826678278708,100
XGBoost_Target_Only,0.1075010704886582,200
KRR_Target_Only,19.052109178999697,200
NN_Target_Only,20.89208882793063,200
XGBoost_Pool,0.099928672589852,200
KRR_Pool,1.5700409489067482,200
NN_Pool,3.300102381072801,200
XGBoost_TLCQM,0.1079333449565926,200
KRR_TLCQM,1.6709114437624188,200
NN_TLCQM,0.1199816550499893,200
XGBoost_Target_Only,0.1019411935393711,300
KRR_Target_Only,15.042637923072652,300
NN_Target_Only,0.7848663635469245,300
XGBoost_Pool,0.0986399843531994,300
KRR_Pool,1.5836375564341472,300
NN_Pool,4.22897874400782,300
XGBoost_TLCQM,0.1000145527751391,300
KRR_TLCQM,1.6823121970246,300
NN_TLCQM,0.2361591656332064,300
XGBoost_Target_Only,0.0951531403094937,500
KRR_Target_Only,9.312868361117928,500
NN_Target_Only,0.248940406773174,500
XGBoost_Pool,0.0969763432521004,500
KRR_Pool,1.4694660373020425,500
NN_Pool,6.468263273823606,500
XGBoost_TLCQM,0.1038206234558633,500
KRR_TLCQM,1.5496932338496716,500
NN_TLCQM,0.118500749001021,500
TKRR,2.234579370666917,100
CDAR,5.768774443737768,100
DARC,24.45959354646248,100
VNCD_MDD,0.1709215569581097,100
M3SDA_Reg,0.1236206503582036,100
CMSS_Reg,0.133412991319813,100
TKRR,1.8662868408449425,200
CDAR,5.724779694757603,200
DARC,39.66657023362722,200
VNCD_MDD,0.1593614840923811,200
M3SDA_Reg,0.122432676262987,200
CMSS_Reg,0.1198985276108523,200
TKRR,1.8732645910554893,300
CDAR,5.765615980143271,300
DARC,39.21909189854132,300
VNCD_MDD,0.1472471084612004,300
M3SDA_Reg,0.1131774644289289,300
CMSS_Reg,0.1116091699556766,300
TKRR,1.8683186854819045,500
CDAR,5.702340370846004,500
DARC,39.91193414684118,500
VNCD_MDD,0.1384029161368079,500
M3SDA_Reg,0.1173227017706947,500
CMSS_Reg,0.1015929028491457,500
XGBoost_Target_Only,0.1231452951024736,100
KRR_Target_Only,30.917558898441836,100
NN_Target_Only,24.095338675384134,100
XGBoost_Pool,0.1018971834183836,100
KRR_Pool,1.572300474194254,100
NN_Pool,3.3467388583369617,100
XGBoost_TLCQM,0.1097609948482337,100
KRR_TLCQM,1.6842504731201764,100
NN_TLCQM,0.1313472473942852,100
XGBoost_Target_Only,0.1030810105152276,200
KRR_Target_Only,20.67787275835074,200
NN_Target_Only,21.20353921588236,200
XGBoost_Pool,0.0994528233619169,200
KRR_Pool,1.5207549788990833,200
NN_Pool,3.001936341835133,200
XGBoost_TLCQM,0.1086827484895983,200
KRR_TLCQM,1.615860575101294,200
NN_TLCQM,0.1094485879388795,200
XGBoost_Target_Only,0.1014326445907478,300
KRR_Target_Only,15.842305201747118,300
NN_Target_Only,0.4873653234131411,300
XGBoost_Pool,0.097493735504783,300
KRR_Pool,1.5072004666500238,300
NN_Pool,3.591227477294538,300
XGBoost_TLCQM,0.1056194514314192,300
KRR_TLCQM,1.6136264501617894,300
NN_TLCQM,0.2074081282175067,300
XGBoost_Target_Only,0.0966103755619263,500
KRR_Target_Only,9.53514536062115,500
NN_Target_Only,0.3961868373034964,500
XGBoost_Pool,0.0950217589917298,500
KRR_Pool,1.4222541113732272,500
NN_Pool,3.5139744069179017,500
XGBoost_TLCQM,0.0994072759539227,500
KRR_TLCQM,1.5112443156953308,500
NN_TLCQM,0.1160588090526411,500
TKRR,2.050796468395648,100
CDAR,5.661139079703439,100
DARC,40.68533977659448,100
VNCD_MDD,0.1825063418634422,100
M3SDA_Reg,0.1179485073012035,100
CMSS_Reg,0.1144700783215329,100
TKRR,1.8355117917799464,200
CDAR,5.999920910662134,200
DARC,26.99879436057897,200
VNCD_MDD,0.1526076251316016,200
M3SDA_Reg,0.1140228194771569,200
CMSS_Reg,0.1160387571093858,200
TKRR,1.7952337462398358,300
CDAR,6.02145114239622,300
DARC,27.252213164742358,300
VNCD_MDD,0.1476962556591143,300
M3SDA_Reg,0.117148559293863,300
CMSS_Reg,0.1124934542362612,300
TKRR,1.744412315516255,500
CDAR,6.066313582894678,500
DARC,26.964015148278605,500
VNCD_MDD,0.131634034775555,500
M3SDA_Reg,0.1210319453792787,500
CMSS_Reg,0.1069412718793117,500
XGBoost_Target_Only,0.1378045279707858,100
KRR_Target_Only,29.42247811136509,100
NN_Target_Only,20.92508019516185,100
XGBoost_Pool,0.0989993827506046,100
KRR_Pool,1.6258336489803054,100
NN_Pool,3.867355354798413,100
XGBoost_TLCQM,0.1019165326816416,100
KRR_TLCQM,1.7482233323255054,100
NN_TLCQM,0.1019279126629046,100
XGBoost_Target_Only,0.110553439315033,200
KRR_Target_Only,19.79969922271692,200
NN_Target_Only,19.978455450808,200
XGBoost_Pool,0.0951659821519199,200
KRR_Pool,1.586064578446542,200
NN_Pool,3.430231873248743,200
XGBoost_TLCQM,0.0992613502905808,200
KRR_TLCQM,1.6996766419423188,200
NN_TLCQM,0.1593447774170554,200
XGBoost_Target_Only,0.112639968155164,300
KRR_Target_Only,15.079588949913116,300
NN_Target_Only,6.76161160115705,300
XGBoost_Pool,0.0951911116331574,300
KRR_Pool,1.6004009235191632,300
NN_Pool,3.5673539110826726,300
XGBoost_TLCQM,0.1091538089422786,300
KRR_TLCQM,1.7545668615914414,300
NN_TLCQM,0.1124596366925971,300
XGBoost_Target_Only,0.0959164405393763,500
KRR_Target_Only,9.91893215048495,500
NN_Target_Only,0.2451630379760393,500
XGBoost_Pool,0.096222562198255,500
KRR_Pool,1.5789795578166337,500
NN_Pool,3.3220487423743874,500
XGBoost_TLCQM,0.0998645427911049,500
KRR_TLCQM,1.6803135159120617,500
NN_TLCQM,0.1732364063663515,500
TKRR,1.887200342554556,100
CDAR,5.9870467191372185,100
DARC,33.72159514251132,100
VNCD_MDD,0.1610484350136641,100
M3SDA_Reg,0.1105772140054389,100
CMSS_Reg,0.1229552580870147,100
TKRR,1.8710335136391771,200
CDAR,5.298660975409206,200
DARC,38.93273001868598,200
VNCD_MDD,0.160154903680093,200
M3SDA_Reg,0.1139806863107382,200
CMSS_Reg,0.1157062567294333,200
TKRR,1.8993409350838808,300
CDAR,5.388711732015692,300
DARC,39.23710618516128,300
VNCD_MDD,0.1427179398256863,300
M3SDA_Reg,0.1150884690165802,300
CMSS_Reg,0.112872870140239,300
TKRR,1.9057034482249149,500
CDAR,5.298518787439705,500
DARC,39.37495112592674,500
VNCD_MDD,0.1409462141543456,500
M3SDA_Reg,0.123768287239727,500
CMSS_Reg,0.1014203509982708,500
XGBoost_Target_Only,0.121044894972826,100
KRR_Target_Only,28.763416384189707,100
NN_Target_Only,20.06186130990473,100
XGBoost_Pool,0.1020610715768988,100
KRR_Pool,1.6450044152141428,100
NN_Pool,5.751922506174528,100
XGBoost_TLCQM,0.1010720670775179,100
KRR_TLCQM,1.774493404876741,100
NN_TLCQM,0.1044966226401353,100
XGBoost_Target_Only,0.1073876963550735,200
KRR_Target_Only,19.93671580807044,200
NN_Target_Only,20.514334290715304,200
XGBoost_Pool,0.0997469071858643,200
KRR_Pool,1.621845710929181,200
NN_Pool,3.19127537051304,200
XGBoost_TLCQM,0.1076196620736782,200
KRR_TLCQM,1.7313185359126553,200
NN_TLCQM,0.1485478160784726,200
XGBoost_Target_Only,0.0997122962733092,300
KRR_Target_Only,13.429345352652094,300
NN_Target_Only,0.63252107526165,300
XGBoost_Pool,0.0978964077073818,300
KRR_Pool,1.5843760805718508,300
NN_Pool,6.028248419790504,300
XGBoost_TLCQM,0.0995806025553294,300
KRR_TLCQM,1.6940943413738057,300
NN_TLCQM,0.1064214493399523,300
XGBoost_Target_Only,0.0926447099697899,500
KRR_Target_Only,8.51160580794084,500
NN_Target_Only,6.563772957094443,500
XGBoost_Pool,0.0954939777461636,500
KRR_Pool,1.5566303867653373,500
NN_Pool,3.427729298578832,500
XGBoost_TLCQM,0.1048708545180669,500
KRR_TLCQM,1.6494167752769755,500
NN_TLCQM,0.116599054140468,500
TKRR,2.433457680924598,100
CDAR,6.250368755607702,100
DARC,22.28287548831039,100
VNCD_MDD,0.1491521757334009,100
M3SDA_Reg,0.1247742962387177,100
CMSS_Reg,0.1273976855928254,100
TKRR,1.8835641890913355,200
CDAR,6.613412720408181,200
DARC,31.52601193183313,200
VNCD_MDD,0.1501471345148934,200
M3SDA_Reg,0.111859228337023,200
CMSS_Reg,0.1196558255363424,200
TKRR,1.8586328105875192,300
CDAR,6.427850997958249,300
DARC,31.705167695934747,300
VNCD_MDD,0.1339232672990034,300
M3SDA_Reg,0.120748825222689,300
CMSS_Reg,0.1121674692429829,300
TKRR,1.8520255497728344,500
CDAR,6.3832622082415815,500
DARC,31.541208409694555,500
VNCD_MDD,0.1214804321466987,500
M3SDA_Reg,0.1197598687929475,500
CMSS_Reg,0.1044309331069458,500
XGBoost_Target_Only,0.1100650703466755,100
KRR_Target_Only,29.12208120164624,100
NN_Target_Only,29.58449162541841,100
XGBoost_Pool,0.1002233013713135,100
KRR_Pool,1.613547630650627,100
NN_Pool,5.198974732896604,100
XGBoost_TLCQM,0.1140935455303444,100
KRR_TLCQM,1.7135548128540112,100
NN_TLCQM,0.1467180405014914,100
XGBoost_Target_Only,0.1164594165243583,200
KRR_Target_Only,18.253014338858534,200
NN_Target_Only,24.82807945400598,200
XGBoost_Pool,0.0985209431524161,200
KRR_Pool,1.6272224077402755,200
NN_Pool,7.608336145454842,200
XGBoost_TLCQM,0.1060399615765518,200
KRR_TLCQM,1.7290589371138694,200
NN_TLCQM,0.1142447927917636,200
XGBoost_Target_Only,0.0992748589865845,300
KRR_Target_Only,14.456166026468368,300
NN_Target_Only,2.195348354705003,300
XGBoost_Pool,0.1001156181303724,300
KRR_Pool,1.5617608407663943,300
NN_Pool,4.122231003582722,300
XGBoost_TLCQM,0.1052135098774087,300
KRR_TLCQM,1.6482181766068678,300
NN_TLCQM,0.1166951157717648,300
XGBoost_Target_Only,0.0981211264824032,500
KRR_Target_Only,9.905407485173692,500
NN_Target_Only,1.0292221486340944,500
XGBoost_Pool,0.097820765891568,500
KRR_Pool,1.5295610719198307,500
NN_Pool,3.963781889944826,500
XGBoost_TLCQM,0.1084073487935814,500
KRR_TLCQM,1.6251738448922457,500
NN_TLCQM,1.053077863953066,500
TKRR,1.89995700492072,100
CDAR,7.43346438016926,100
DARC,33.636217452981604,100
VNCD_MDD,0.1852718385249207,100
M3SDA_Reg,0.1193081745731057,100
CMSS_Reg,0.1164307024560074,100
TKRR,1.9222812622302647,200
CDAR,6.261830792792851,200
DARC,36.425007822209984,200
VNCD_MDD,0.1775305898628398,200
M3SDA_Reg,0.1260084871888914,200
CMSS_Reg,0.1141556280232192,200
TKRR,1.8564714055942595,300
CDAR,6.306794831372882,300
DARC,12.306552626822077,300
VNCD_MDD,0.1507817788669804,300
M3SDA_Reg,0.126041316271348,300
CMSS_Reg,0.1051515795035457,300
TKRR,1.821607830207408,500
CDAR,6.090852442675515,500
DARC,39.77274892595904,500
VNCD_MDD,0.1365098817808749,500
M3SDA_Reg,0.1225613714993468,500
CMSS_Reg,0.1025950728062496,500
XGBoost_Target_Only,0.1192507454736445,100
KRR_Target_Only,28.99342326117391,100
NN_Target_Only,17.654328072513206,100
XGBoost_Pool,0.0985687742585671,100
KRR_Pool,1.6379735409566574,100
NN_Pool,5.439900048456092,100
XGBoost_TLCQM,0.1029309315300246,100
KRR_TLCQM,1.7561292026969957,100
NN_TLCQM,0.1046854408986752,100
XGBoost_Target_Only,0.1156589750101472,200
KRR_Target_Only,19.208339879795798,200
NN_Target_Only,20.535383494784657,200
XGBoost_Pool,0.0989820486211771,200
KRR_Pool,1.62054550361362,200
NN_Pool,3.3428085690768765,200
XGBoost_TLCQM,0.10137772937318,200
KRR_TLCQM,1.7214542890178337,200
NN_TLCQM,0.2639811940362758,200
XGBoost_Target_Only,0.1074871417973334,300
KRR_Target_Only,14.972156059278102,300
NN_Target_Only,0.6354879159173644,300
XGBoost_Pool,0.098148057786654,300
KRR_Pool,1.6174287860081626,300
NN_Pool,3.297729178139935,300
XGBoost_TLCQM,0.1034047802031916,300
KRR_TLCQM,1.7074953829645625,300
NN_TLCQM,0.1179193051121975,300
XGBoost_Target_Only,0.0946682870762048,500
KRR_Target_Only,9.393715387564065,500
NN_Target_Only,0.3985364914390158,500
XGBoost_Pool,0.0966744674161298,500
KRR_Pool,1.6456283820854458,500
NN_Pool,3.253544440187089,500
XGBoost_TLCQM,0.1062518240627989,500
KRR_TLCQM,1.7343514527200323,500
NN_TLCQM,0.1225587662830944,500
TKRR,1.8916499752579796,100
CDAR,5.640888737847413,100
DARC,32.25336060428446,100
VNCD_MDD,0.1474221388082106,100
M3SDA_Reg,0.1101102315306937,100
CMSS_Reg,0.1137364345068065,100
TKRR,1.87197758005318,200
CDAR,5.714462469738654,200
DARC,39.27205020694201,200
VNCD_MDD,0.1658307794247016,200
M3SDA_Reg,0.1146749032363781,200
CMSS_Reg,0.1167186796587187,200
TKRR,1.901059137136468,300
CDAR,5.782386596162042,300
DARC,39.65144414417911,300
VNCD_MDD,0.1458879211270263,300
M3SDA_Reg,0.1131126413987863,300
CMSS_Reg,0.1078152718765635,300
TKRR,1.9040805638438565,500
CDAR,5.8689389457247545,500
DARC,39.7085568566719,500
VNCD_MDD,0.1317627092818939,500
M3SDA_Reg,0.111302974212054,500
CMSS_Reg,0.1029186879500666,500
XGBoost_Target_Only,0.1193449258660463,100
KRR_Target_Only,27.526111222223783,100
NN_Target_Only,20.97431873983141,100
XGBoost_Pool,0.1020838397538559,100
KRR_Pool,1.6234446179198414,100
NN_Pool,5.308296215340891,100
XGBoost_TLCQM,0.1063524819777686,100
KRR_TLCQM,1.758445516624146,100
NN_TLCQM,0.1220973696197747,100
XGBoost_Target_Only,0.1068721984172931,200
KRR_Target_Only,18.470388541369125,200
NN_Target_Only,23.99514214234007,200
XGBoost_Pool,0.1013977100732692,200
KRR_Pool,1.4553558549585222,200
NN_Pool,4.712277845638707,200
XGBoost_TLCQM,0.1043027224673915,200
KRR_TLCQM,1.553576811285745,200
NN_TLCQM,0.1110528302872226,200
XGBoost_Target_Only,0.1027504954356238,300
KRR_Target_Only,14.327426726155505,300
NN_Target_Only,0.2207923900277946,300
XGBoost_Pool,0.0991777239917467,300
KRR_Pool,1.4721327397385462,300
NN_Pool,5.874025395954648,300
XGBoost_TLCQM,0.1024298634804874,300
KRR_TLCQM,1.562961952546599,300
NN_TLCQM,0.104164709711006,300
XGBoost_Target_Only,0.0936274124390215,500
KRR_Target_Only,8.971522120109364,500
NN_Target_Only,0.9479311639804288,500
XGBoost_Pool,0.0971800291147293,500
KRR_Pool,1.4182905570708988,500
NN_Pool,3.2801553872696108,500
XGBoost_TLCQM,0.0993685937172712,500
KRR_TLCQM,1.5191602548088627,500
NN_TLCQM,0.172562123063481,500
TKRR,1.974420289686008,100
CDAR,6.01768126682644,100
DARC,25.1080217099542,100
VNCD_MDD,0.1755992844569616,100
M3SDA_Reg,0.1176350542210742,100
CMSS_Reg,0.1133002436908027,100
TKRR,1.8060934643452975,200
CDAR,5.921076368244211,200
DARC,31.863047047676822,200
VNCD_MDD,0.1828250815842102,200
M3SDA_Reg,0.1242694953751263,200
CMSS_Reg,0.107037349262415,200
TKRR,1.756607448772854,300
CDAR,5.879529025355685,300
DARC,31.959441628612797,300
VNCD_MDD,0.1473492097018565,300
M3SDA_Reg,0.1240257803720353,300
CMSS_Reg,0.1092710186633388,300
TKRR,1.7323974675289768,500
CDAR,5.849672248805735,500
DARC,31.98008727512848,500
VNCD_MDD,0.1401952570098045,500
M3SDA_Reg,0.1275868783059179,500
CMSS_Reg,0.1034703656953619,500
XGBoost_Target_Only,0.106415341902424,100
KRR_Target_Only,29.606172850703885,100
NN_Target_Only,21.218743697212293,100
XGBoost_Pool,0.1010673202090587,100
KRR_Pool,1.5041253409329718,100
NN_Pool,3.3759587617547413,100
XGBoost_TLCQM,0.1107652572484135,100
KRR_TLCQM,1.5894556848969117,100
NN_TLCQM,0.1109883842721461,100
XGBoost_Target_Only,0.1115509857705259,200
KRR_Target_Only,19.25669359960377,200
NN_Target_Only,20.032279088964827,200
XGBoost_Pool,0.1016946349380198,200
KRR_Pool,1.483804913807488,200
NN_Pool,3.318929314314874,200
XGBoost_TLCQM,0.1048464787525684,200
KRR_TLCQM,1.5584458135004182,200
NN_TLCQM,0.4175393723001947,200
XGBoost_Target_Only,0.1075760268262065,300
KRR_Target_Only,13.426578445452089,300
NN_Target_Only,6.849012592220765,300
XGBoost_Pool,0.0991242792227463,300
KRR_Pool,1.4215315047390642,300
NN_Pool,5.576420886294761,300
XGBoost_TLCQM,0.1018136736532077,300
KRR_TLCQM,1.4930554461060557,300
NN_TLCQM,0.1079019092733537,300
XGBoost_Target_Only,0.1010437127461925,500
KRR_Target_Only,9.756712506019824,500
NN_Target_Only,0.2562905362623814,500
XGBoost_Pool,0.0967023860406045,500
KRR_Pool,1.3404694035205718,500
NN_Pool,3.2985506965756186,500
XGBoost_TLCQM,0.1030472245715565,500
KRR_TLCQM,1.4110364117869445,500
NN_TLCQM,0.1180349949325582,500
TKRR,1.8378567089358464,100
CDAR,5.413234167815549,100
DARC,22.470582588775255,100
VNCD_MDD,0.1642424084469715,100
M3SDA_Reg,0.109489819679573,100
CMSS_Reg,0.1066318992178753,100
TKRR,1.7793994615178157,200
CDAR,6.189936447161547,200
DARC,30.90599722998267,200
VNCD_MDD,0.1555238157398875,200
M3SDA_Reg,0.1153052325977701,200
CMSS_Reg,0.111129904497451,200
TKRR,1.7003103235897912,300
CDAR,6.154629921357445,300
DARC,30.975643085138454,300
VNCD_MDD,0.1502378012172446,300
M3SDA_Reg,0.1156661147784796,300
CMSS_Reg,0.1093424868908133,300
TKRR,1.6788744676771827,500
CDAR,6.098496022815444,500
DARC,31.369666902265475,500
VNCD_MDD,0.1235872243807048,500
M3SDA_Reg,0.1241720282846355,500
CMSS_Reg,0.101050774446742,500
XGBoost_Target_Only,0.1238324188868914,100
KRR_Target_Only,32.50228929276471,100
NN_Target_Only,25.48286089860542,100
XGBoost_Pool,0.1011098017033635,100
KRR_Pool,1.594769461514818,100
NN_Pool,3.390711089118174,100
XGBoost_TLCQM,0.0984368576191947,100
KRR_TLCQM,1.702209801693158,100
NN_TLCQM,0.1536470054913485,100
XGBoost_Target_Only,0.110069472147576,200
KRR_Target_Only,21.418010288843863,200
NN_Target_Only,23.52297007933201,200
XGBoost_Pool,0.1004725640303531,200
KRR_Pool,1.5266304032177027,200
NN_Pool,3.8576621404021942,200
XGBoost_TLCQM,0.1024069442576048,200
KRR_TLCQM,1.61368428907438,200
NN_TLCQM,0.1065659215184102,200
XGBoost_Target_Only,0.1061926672725894,300
KRR_Target_Only,14.209098728143852,300
NN_Target_Only,6.235848292418834,300
XGBoost_Pool,0.0982889473856377,300
KRR_Pool,1.5125574581489685,300
NN_Pool,2.895989775862696,300
XGBoost_TLCQM,0.1079061195800257,300
KRR_TLCQM,1.595926254193489,300
NN_TLCQM,0.1076868240868312,300
XGBoost_Target_Only,0.0933221049343513,500
KRR_Target_Only,9.963704651336448,500
NN_Target_Only,0.5108503526128748,500
XGBoost_Pool,0.0941449162358064,500
KRR_Pool,1.5034600471852992,500
NN_Pool,3.298224132808877,500
XGBoost_TLCQM,0.1038383420681873,500
KRR_TLCQM,1.571227447068799,500
NN_TLCQM,0.10703648151892,500
TKRR,1.9170378894592084,100
CDAR,5.076040157685916,100
DARC,34.956678440678786,100
VNCD_MDD,0.1698172147721423,100
M3SDA_Reg,0.1150145958567317,100
CMSS_Reg,0.1202817822726191,100
TKRR,1.8906853864206608,200
CDAR,5.9187318588285205,200
DARC,29.077807380969848,200
VNCD_MDD,0.1652118669076555,200
M3SDA_Reg,0.1182831941212357,200
CMSS_Reg,0.1174237311185797,200
TKRR,1.8317725976478607,300
CDAR,5.897935155424283,300
DARC,28.42416278786968,300
VNCD_MDD,0.1488951188729189,300
M3SDA_Reg,0.1123247838336892,300
CMSS_Reg,0.113641146165255,300
TKRR,1.7993983284714792,500
CDAR,5.908344639017428,500
DARC,28.75834316358479,500
VNCD_MDD,0.1322816749724658,500
M3SDA_Reg,0.113122226670635,500
CMSS_Reg,0.1025803282682517,500
XGBoost_Target_Only,0.1134682612733593,100
KRR_Target_Only,29.697765178919056,100
NN_Target_Only,18.21799685468002,100
XGBoost_Pool,0.0986973594415824,100
KRR_Pool,1.6501863068233285,100
NN_Pool,5.393358160009061,100
XGBoost_TLCQM,0.1078559593399032,100
KRR_TLCQM,1.8017244212714996,100
NN_TLCQM,0.1455244620867031,100
XGBoost_Target_Only,0.1136231824516531,200
KRR_Target_Only,19.222404674569304,200
NN_Target_Only,18.68135389794161,200
XGBoost_Pool,0.1000154574897104,200
KRR_Pool,1.652233487130411,200
NN_Pool,3.369216365980973,200
XGBoost_TLCQM,0.100687760555622,200
KRR_TLCQM,1.7881464002820218,200
NN_TLCQM,0.1145342419638518,200
XGBoost_Target_Only,0.1098236467239699,300
KRR_Target_Only,14.136693143565417,300
NN_Target_Only,0.3119463647701066,300
XGBoost_Pool,0.0992511719279171,300
KRR_Pool,1.6310165659951894,300
NN_Pool,3.9218550377177768,300
XGBoost_TLCQM,0.1002238406684254,300
KRR_TLCQM,1.7413117103294733,300
NN_TLCQM,0.1028463343447989,300
XGBoost_Target_Only,0.0946294334764812,500
KRR_Target_Only,9.203666105344231,500
NN_Target_Only,0.2894585867894516,500
XGBoost_Pool,0.0973759886258412,500
KRR_Pool,1.589234101172484,500
NN_Pool,3.511851908170106,500
XGBoost_TLCQM,0.1009141637813502,500
KRR_TLCQM,1.705630534349521,500
NN_TLCQM,0.1016699996966808,500
TKRR,1.9120454626099077,100
CDAR,5.691683047315254,100
DARC,30.799890563542277,100
VNCD_MDD,0.165366393068942,100
M3SDA_Reg,0.1135938098345032,100
CMSS_Reg,0.1152665512902793,100
TKRR,1.9341235021211531,200
CDAR,6.133383623582812,200
DARC,41.16049146732973,200
VNCD_MDD,0.1463508025762011,200
M3SDA_Reg,0.1218068958432324,200
CMSS_Reg,0.1165491418828222,200
TKRR,1.9177046067124464,300
CDAR,5.935024561009907,300
DARC,41.27586317766264,300
VNCD_MDD,0.1437901304845726,300
M3SDA_Reg,0.1243327097612606,300
CMSS_Reg,0.1137335283078233,300
TKRR,1.8741835046115136,500
CDAR,5.875467365610631,500
DARC,41.22729537916989,500
VNCD_MDD,0.1332618799588789,500
M3SDA_Reg,0.1225914348132404,500
CMSS_Reg,0.1046664451510992,500
XGBoost_Target_Only,0.1155221705365465,100
KRR_Target_Only,30.300561605471216,100
NN_Target_Only,31.38975241386657,100
XGBoost_Pool,0.1005014458378005,100
KRR_Pool,1.6314966062362528,100
NN_Pool,5.474503896111248,100
XGBoost_TLCQM,0.1012477668754473,100
KRR_TLCQM,1.771134439795266,100
NN_TLCQM,0.1065536043259439,100
XGBoost_Target_Only,0.1045419137313976,200
KRR_Target_Only,20.570687483700237,200
NN_Target_Only,26.87755252813172,200
XGBoost_Pool,0.1006784533698708,200
KRR_Pool,1.5868707687690475,200
NN_Pool,3.642176762468737,200
XGBoost_TLCQM,0.1201715992190154,200
KRR_TLCQM,1.7487009978485133,200
NN_TLCQM,0.1268298539883316,200
XGBoost_Target_Only,0.0966081943591218,300
KRR_Target_Only,13.962940973413954,300
NN_Target_Only,6.95223631675463,300
XGBoost_Pool,0.0975590354541361,300
KRR_Pool,1.513130141639182,300
NN_Pool,3.787382160565398,300
XGBoost_TLCQM,0.1052750682118781,300
KRR_TLCQM,1.6368298039415698,300
NN_TLCQM,0.2133851847295407,300
XGBoost_Target_Only,0.093647272008612,500
KRR_Target_Only,9.569515452664994,500
NN_Target_Only,0.2433968080122517,500
XGBoost_Pool,0.0964842520652589,500
KRR_Pool,1.4307047597560791,500
NN_Pool,3.538303528458949,500
XGBoost_TLCQM,0.0994499515241106,500
KRR_TLCQM,1.5360880856634218,500
NN_TLCQM,0.106080508595368,500
TKRR,2.069087094708226,100
CDAR,6.195005442195219,100
DARC,33.75298775105404,100
VNCD_MDD,0.1862572871504005,100
M3SDA_Reg,0.1267547688445031,100
CMSS_Reg,0.1207957808119847,100
TKRR,1.877815660664352,200
CDAR,5.467939654425494,200
DARC,32.55850431317901,200
VNCD_MDD,0.1559179593020018,200
M3SDA_Reg,0.1255001077642011,200
CMSS_Reg,0.1257856614793041,200
TKRR,1.8585081635903948,300
CDAR,5.366423910559813,300
DARC,32.37466798840428,300
VNCD_MDD,0.1408503431232992,300
M3SDA_Reg,0.1236917784207941,300
CMSS_Reg,0.1121683801204627,300
TKRR,1.7845066563629752,500
CDAR,5.178737520004235,500
DARC,32.91379691777892,500
VNCD_MDD,0.1237449043760791,500
M3SDA_Reg,0.1266227600533405,500
CMSS_Reg,0.104016188438985,500
XGBoost_Target_Only,0.1158711472027114,100
KRR_Target_Only,29.29650674800909,100
NN_Target_Only,22.962908616257383,100
XGBoost_Pool,0.0997969808722218,100
KRR_Pool,1.6258838162140363,100
NN_Pool,5.406002255889908,100
XGBoost_TLCQM,0.1172049691810541,100
KRR_TLCQM,1.728202239975845,100
NN_TLCQM,0.1125496577016804,100
XGBoost_Target_Only,0.1152578601096391,200
KRR_Target_Only,19.731597032341146,200
NN_Target_Only,21.389783755172267,200
XGBoost_Pool,0.1000134024253035,200
KRR_Pool,1.6197051042274082,200
NN_Pool,3.24938408001712,200
XGBoost_TLCQM,0.1039185125946338,200
KRR_TLCQM,1.718958103726827,200
NN_TLCQM,0.1074807727495881,200
XGBoost_Target_Only,0.1042149589793536,300
KRR_Target_Only,14.19227790347738,300
NN_Target_Only,1.5355564086908695,300
XGBoost_Pool,0.0966868418718434,300
KRR_Pool,1.5311395842136872,300
NN_Pool,6.381273071043609,300
XGBoost_TLCQM,0.1029576997208008,300
KRR_TLCQM,1.6271521317880409,300
NN_TLCQM,0.1266165289940313,300
XGBoost_Target_Only,0.0962014414216511,500
KRR_Target_Only,7.947864416354085,500
NN_Target_Only,0.2896215813826482,500
XGBoost_Pool,0.0950250028966493,500
KRR_Pool,1.463118201991217,500
NN_Pool,3.520953554601787,500
XGBoost_TLCQM,0.10309650243984,500
KRR_TLCQM,1.5554832904694151,500
NN_TLCQM,0.1163990699801536,500
TKRR,2.044127355046579,100
CDAR,6.16236020768582,100
DARC,21.508048644677544,100
VNCD_MDD,0.1839712006663292,100
M3SDA_Reg,0.1174944280702746,100
CMSS_Reg,0.1176363834120302,100
TKRR,2.0418824859565903,200
CDAR,5.806027369082602,200
DARC,31.097237217074788,200
VNCD_MDD,0.1786971294375127,200
M3SDA_Reg,0.1164853382568861,200
CMSS_Reg,0.1085951940851186,200
TKRR,1.8265047810503836,300
CDAR,5.806916818412698,300
DARC,31.458052067433883,300
VNCD_MDD,0.1716695426755713,300
M3SDA_Reg,0.1204089308685173,300
CMSS_Reg,0.1033312651963203,300
TKRR,1.7583373058142795,500
CDAR,5.75508147007104,500
DARC,31.282226561536397,500
VNCD_MDD,0.1420629010727242,500
M3SDA_Reg,0.1238760135978958,500
CMSS_Reg,0.1036623610235821,500
XGBoost_Target_Only,0.1123576275007233,100
KRR_Target_Only,28.524779874555893,100
NN_Target_Only,24.25849918857925,100
XGBoost_Pool,0.1000913814024061,100
KRR_Pool,1.582607060602103,100
NN_Pool,3.437308865420631,100
XGBoost_TLCQM,0.1023208526508006,100
KRR_TLCQM,1.6859388955245689,100
NN_TLCQM,0.217208316240966,100
XGBoost_Target_Only,0.099089245777382,200
KRR_Target_Only,18.875184375885723,200
NN_Target_Only,21.34353332568825,200
XGBoost_Pool,0.0970277567775465,200
KRR_Pool,1.576210140009929,200
NN_Pool,4.779550069858945,200
XGBoost_TLCQM,0.10364845877216,200
KRR_TLCQM,1.67782244490002,200
NN_TLCQM,0.1164772885448438,200
XGBoost_Target_Only,0.0986031664309126,300
KRR_Target_Only,15.873674036125822,300
NN_Target_Only,0.3724776721228406,300
XGBoost_Pool,0.0979964300768576,300
KRR_Pool,1.5317655950790603,300
NN_Pool,4.578222922222894,300
XGBoost_TLCQM,0.1057447761624262,300
KRR_TLCQM,1.6287043382136976,300
NN_TLCQM,0.1075964020828365,300
XGBoost_Target_Only,0.094694058874327,500
KRR_Target_Only,10.64735875701204,500
NN_Target_Only,0.2282662306989926,500
XGBoost_Pool,0.0964342441385507,500
KRR_Pool,1.4709751526176715,500
NN_Pool,3.2955739275421987,500
XGBoost_TLCQM,0.1044489082817409,500
KRR_TLCQM,1.588854162312045,500
NN_TLCQM,0.1090984582057819,500
TKRR,1.9646534308697257,100
CDAR,6.022264857290465,100
DARC,26.104372041831425,100
VNCD_MDD,0.1512977884143621,100
M3SDA_Reg,0.1148018522633961,100
CMSS_Reg,0.1179045643233722,100
TKRR,1.9728318537296292,200
CDAR,5.749102403144984,200
DARC,24.11671925079763,200
VNCD_MDD,0.1397973362122439,200
M3SDA_Reg,0.1146076957400866,200
CMSS_Reg,0.1133710535259946,200
TKRR,1.8424749230292192,300
CDAR,5.759192163807834,300
DARC,25.09477826428165,300
VNCD_MDD,0.136350350292385,300
M3SDA_Reg,0.1234031727676106,300
CMSS_Reg,0.1080351137763591,300
TKRR,1.8163131038791271,500
CDAR,5.743397959699085,500
DARC,24.353870375562224,500
VNCD_MDD,0.1267274622044171,500
M3SDA_Reg,0.1245019227447345,500
CMSS_Reg,0.1075485031517885,500
XGBoost_Target_Only,0.1134168834995865,100
KRR_Target_Only,30.071247574416518,100
NN_Target_Only,21.393816216990984,100
XGBoost_Pool,0.1005973162521124,100
KRR_Pool,1.6423050821678464,100
NN_Pool,5.469206240887312,100
XGBoost_TLCQM,0.1286468020332264,100
KRR_TLCQM,1.8027162870117523,100
NN_TLCQM,0.1300950873826057,100
XGBoost_Target_Only,0.1139372767606963,200
KRR_Target_Only,19.943339196771493,200
NN_Target_Only,22.39957430867677,200
XGBoost_Pool,0.0998002108207411,200
KRR_Pool,1.6339545202738226,200
NN_Pool,3.3332883819456534,200
XGBoost_TLCQM,0.0964215558009448,200
KRR_TLCQM,1.7488018487396393,200
NN_TLCQM,0.1842126333931049,200
XGBoost_Target_Only,0.1021593107259571,300
KRR_Target_Only,14.36751737571502,300
NN_Target_Only,0.3791595159283065,300
XGBoost_Pool,0.0988370813970597,300
KRR_Pool,1.5421504707376477,300
NN_Pool,3.1713152984826665,300
XGBoost_TLCQM,0.1053055929688733,300
KRR_TLCQM,1.6486010210750797,300
NN_TLCQM,0.3246919971213916,300
XGBoost_Target_Only,0.0971545029167912,500
KRR_Target_Only,8.72536707757353,500
NN_Target_Only,0.4658892213358759,500
XGBoost_Pool,0.0970146602486987,500
KRR_Pool,1.573448622067962,500
NN_Pool,3.369247030039521,500
XGBoost_TLCQM,0.1026156325150747,500
KRR_TLCQM,1.6859674574652128,500
NN_TLCQM,0.2818176361929692,500
TKRR,1.8950854819308984,100
CDAR,6.137080285659344,100
DARC,38.34101235533365,100
VNCD_MDD,0.1369635724729798,100
M3SDA_Reg,0.1219231135229798,100
CMSS_Reg,0.1190204229349115,100
TKRR,1.8798200861779448,200
CDAR,5.881567167581234,200
DARC,10.422210951505702,200
VNCD_MDD,0.127894920102448,200
M3SDA_Reg,0.1304554902257936,200
CMSS_Reg,0.119963181034996,200
TKRR,1.838648736605037,300
CDAR,5.900630753356953,300
DARC,18.96212649696376,300
VNCD_MDD,0.1304534420388362,300
M3SDA_Reg,0.1242692575188632,300
CMSS_Reg,0.1120257883751224,300
TKRR,1.8540570117292916,500
CDAR,5.896981251856647,500
DARC,31.09642514252594,500
VNCD_MDD,0.1221790114980609,500
M3SDA_Reg,0.1298514026882637,500
CMSS_Reg,0.1094296812571245,500
XGBoost_Target_Only,0.1187424514341645,100
KRR_Target_Only,27.61200984700994,100
NN_Target_Only,16.90413946781545,100
XGBoost_Pool,0.0993365563309256,100
KRR_Pool,1.6608872183499792,100
NN_Pool,5.793447213806081,100
XGBoost_TLCQM,0.1003410421456688,100
KRR_TLCQM,1.776890864144309,100
NN_TLCQM,0.1169948993870811,100
XGBoost_Target_Only,0.1035783047881344,200
KRR_Target_Only,20.13172088210117,200
NN_Target_Only,17.652613418317955,200
XGBoost_Pool,0.0984613602187017,200
KRR_Pool,1.646165480146264,200
NN_Pool,3.600455124601431,200
XGBoost_TLCQM,0.1028593439217656,200
KRR_TLCQM,1.7933375726817316,200
NN_TLCQM,0.1111956418048537,200
XGBoost_Target_Only,0.0997057966977244,300
KRR_Target_Only,14.758366715659893,300
NN_Target_Only,6.462075202925548,300
XGBoost_Pool,0.0979354599736776,300
KRR_Pool,1.5937713021976077,300
NN_Pool,4.160329122775071,300
XGBoost_TLCQM,0.10089101978859,300
KRR_TLCQM,1.7007619991171954,300
NN_TLCQM,0.1053478478879203,300
XGBoost_Target_Only,0.1016438244709792,500
KRR_Target_Only,9.011047144164312,500
NN_Target_Only,0.2756075121009824,500
XGBoost_Pool,0.0955900961261742,500
KRR_Pool,1.5544501395109696,500
NN_Pool,4.560801717331287,500
XGBoost_TLCQM,0.1031504538362764,500
KRR_TLCQM,1.640963553284132,500
NN_TLCQM,0.1131735212473661,500
TKRR,2.033006811709171,100
CDAR,5.60326260982659,100
DARC,26.096029455137323,100
VNCD_MDD,0.1975663820918228,100
M3SDA_Reg,0.1102560781539491,100
CMSS_Reg,0.1231429663106229,100
TKRR,2.0202779158761848,200
CDAR,5.968635472400662,200
DARC,30.096047447424244,200
VNCD_MDD,0.1792391354081155,200
M3SDA_Reg,0.1116178331158214,200
CMSS_Reg,0.1212189956299287,200
TKRR,2.0383931328999827,300
CDAR,5.881064148110301,300
DARC,29.848441038560008,300
VNCD_MDD,0.1478940503640484,300
M3SDA_Reg,0.1139135557990535,300
CMSS_Reg,0.1106427037548482,300
TKRR,1.8440746292822283,500
CDAR,5.842992037294969,500
DARC,29.669819996646204,500
VNCD_MDD,0.1351543796060674,500
M3SDA_Reg,0.1091978847215616,500
CMSS_Reg,0.1050643708493276,500
XGBoost_Target_Only,0.12206073012018,100
KRR_Target_Only,32.34714829114821,100
NN_Target_Only,23.628243736240663,100
XGBoost_Pool,0.1034289941668865,100
KRR_Pool,1.5799781072775003,100
NN_Pool,5.406531199203555,100
XGBoost_TLCQM,0.1373404771866233,100
KRR_TLCQM,1.770761273318192,100
NN_TLCQM,0.1509245171642021,100
XGBoost_Target_Only,0.1071133197057336,200
KRR_Target_Only,21.16907402023609,200
NN_Target_Only,22.104374462013183,200
XGBoost_Pool,0.101451747871741,200
KRR_Pool,1.5299413020115784,200
NN_Pool,3.5071785147236576,200
XGBoost_TLCQM,0.1007913532680782,200
KRR_TLCQM,1.6426896099396735,200
NN_TLCQM,0.1043964910888662,200
XGBoost_Target_Only,0.1039245329999107,300
KRR_Target_Only,15.011551025234064,300
NN_Target_Only,0.3919312551102384,300
XGBoost_Pool,0.097522401507829,300
KRR_Pool,1.5268983375717178,300
NN_Pool,3.314764003179352,300
XGBoost_TLCQM,0.0991281585735622,300
KRR_TLCQM,1.6334242700650454,300
NN_TLCQM,1.230262588462948,300
XGBoost_Target_Only,0.094684461542807,500
KRR_Target_Only,9.3511914024344,500
NN_Target_Only,0.2815953302327703,500
XGBoost_Pool,0.0967117926076573,500
KRR_Pool,1.4383344935204938,500
NN_Pool,3.6048845637628726,500
XGBoost_TLCQM,0.0981846460847947,500
KRR_TLCQM,1.545140908556079,500
NN_TLCQM,0.1020082780851194,500
TKRR,1.8448872501458369,100
CDAR,5.585972004105701,100
DARC,26.21333881825779,100
VNCD_MDD,0.1702339081866667,100
M3SDA_Reg,0.1297607601637613,100
CMSS_Reg,0.1118148241752724,100
TKRR,1.7880800639023835,200
CDAR,47.03655849950714,200
DARC,32.73751232648382,200
VNCD_MDD,0.1456491600157309,200
M3SDA_Reg,0.1310043672326108,200
CMSS_Reg,0.1113281479494796,200
TKRR,1.832589794737703,300
CDAR,47.03391965202334,300
DARC,32.70901023306044,300
VNCD_MDD,0.1385705116538686,300
M3SDA_Reg,0.1300313084613844,300
CMSS_Reg,0.107768701603065,300
TKRR,1.7455381828888177,500
CDAR,47.033273754379536,500
DARC,32.73170295700898,500
VNCD_MDD,0.1291278538745557,500
M3SDA_Reg,0.1300832459158294,500
CMSS_Reg,0.1033362081928081,500
XGBoost_Target_Only,0.1422637990165114,100
KRR_Target_Only,29.80434245488588,100
NN_Target_Only,17.8238916359501,100
XGBoost_Pool,0.1014070966639307,100
KRR_Pool,1.6608505181882431,100
NN_Pool,5.579519777283804,100
XGBoost_TLCQM,0.1051380855244636,100
KRR_TLCQM,1.7841205386225665,100
NN_TLCQM,0.1086223223371074,100
XGBoost_Target_Only,0.1079274290319906,200
KRR_Target_Only,20.61565388240551,200
NN_Target_Only,20.29379266306232,200
XGBoost_Pool,0.0986332818426757,200
KRR_Pool,1.5898155379176109,200
NN_Pool,3.466339730882264,200
XGBoost_TLCQM,0.1081152492364385,200
KRR_TLCQM,1.7068642865686163,200
NN_TLCQM,0.1080420527253971,200
XGBoost_Target_Only,0.1063345835279814,300
KRR_Target_Only,14.67777678247554,300
NN_Target_Only,6.3064834357433694,300
XGBoost_Pool,0.0986116304237677,300
KRR_Pool,1.579114724237352,300
NN_Pool,5.978646212945889,300
XGBoost_TLCQM,0.1021324449864173,300
KRR_TLCQM,1.688000729416322,300
NN_TLCQM,0.1853231347848937,300
XGBoost_Target_Only,0.096895119819343,500
KRR_Target_Only,8.702388337626827,500
NN_Target_Only,0.4504125390139489,500
XGBoost_Pool,0.0991002847255545,500
KRR_Pool,1.5695276633677016,500
NN_Pool,2.8792695057133733,500
XGBoost_TLCQM,0.1037774313838061,500
KRR_TLCQM,1.6668378672732556,500
NN_TLCQM,0.1103064971481203,500
TKRR,1.9204583549062708,100
CDAR,6.288747504039962,100
DARC,38.01145883396811,100
VNCD_MDD,0.1587701602745925,100
M3SDA_Reg,0.1189882684134752,100
CMSS_Reg,0.1231820877381752,100
TKRR,1.8573182469202636,200
CDAR,6.495101657219728,200
DARC,28.07102147309849,200
VNCD_MDD,0.1599668764331286,200
M3SDA_Reg,0.119789668698094,200
CMSS_Reg,0.1161561438884509,200
TKRR,1.9153183637061613,300
CDAR,6.43652668829811,300
DARC,25.8764301240108,300
VNCD_MDD,0.1370957017529221,300
M3SDA_Reg,0.1231266445976651,300
CMSS_Reg,0.1190362598796494,300
TKRR,1.8503036829243096,500
CDAR,6.510038411614557,500
DARC,25.428831731022232,500
VNCD_MDD,0.1309586440358293,500
M3SDA_Reg,0.1243899667340132,500
CMSS_Reg,0.1102853724228648,500
XGBoost_Target_Only,0.1178324344137923,100
KRR_Target_Only,28.661430164491016,100
NN_Target_Only,28.98700422108808,100
XGBoost_Pool,0.099390115499274,100
KRR_Pool,1.5962808232392545,100
NN_Pool,3.6991036428121498,100
XGBoost_TLCQM,0.1118411501914284,100
KRR_TLCQM,1.748240688682685,100
NN_TLCQM,0.8413570661551744,100
XGBoost_Target_Only,0.1045805854125021,200
KRR_Target_Only,18.88082684165344,200
NN_Target_Only,24.06914263405475,200
XGBoost_Pool,0.0980738786313297,200
KRR_Pool,1.5843709624049915,200
NN_Pool,4.427629029706739,200
XGBoost_TLCQM,0.1094741590084544,200
KRR_TLCQM,1.7149145948123867,200
NN_TLCQM,0.1604992415326341,200
XGBoost_Target_Only,0.1012542007819393,300
KRR_Target_Only,13.709328107005785,300
NN_Target_Only,1.6085740594639744,300
XGBoost_Pool,0.0979053492222912,300
KRR_Pool,1.5867611269228428,300
NN_Pool,5.298484448114996,300
XGBoost_TLCQM,0.1009377248783728,300
KRR_TLCQM,1.7106295194363388,300
NN_TLCQM,0.1067225755998897,300
XGBoost_Target_Only,0.0935158282431959,500
KRR_Target_Only,8.822201457209173,500
NN_Target_Only,1.921166253087658,500
XGBoost_Pool,0.095563336564535,500
KRR_Pool,1.5479313483492247,500
NN_Pool,2.808187203226216,500
XGBoost_TLCQM,0.0993830818473831,500
KRR_TLCQM,1.6628115038137492,500
NN_TLCQM,0.0994025917723439,500
TKRR,1.8996882064634704,100
CDAR,6.838410849732934,100
DARC,19.819083399513847,100
VNCD_MDD,0.1828918968649659,100
M3SDA_Reg,0.1194560747650392,100
CMSS_Reg,0.1316066825909546,100
TKRR,1.9872719474467848,200
CDAR,5.216001015872839,200
DARC,24.6200993432985,200
VNCD_MDD,0.1470521670853061,200
M3SDA_Reg,0.1148194190943772,200
CMSS_Reg,0.1226257331000313,200
TKRR,1.8880787359549864,300
CDAR,5.195846142664615,300
DARC,24.664637114868057,300
VNCD_MDD,0.1462986360416825,300
M3SDA_Reg,0.1104672354438557,300
CMSS_Reg,0.1111087527794881,300
TKRR,1.9259290246658176,500
CDAR,5.211943942633913,500
DARC,24.28217416565013,500
VNCD_MDD,0.1444302661797009,500
M3SDA_Reg,0.1143255101393951,500
CMSS_Reg,0.104940825413754,500
XGBoost_Target_Only,0.1158365181873728,100
KRR_Target_Only,29.84940583363886,100
NN_Target_Only,22.74308827452011,100
XGBoost_Pool,0.1028655243467493,100
KRR_Pool,1.5772625807558651,100
NN_Pool,5.709097124280836,100
XGBoost_TLCQM,0.1044734888756852,100
KRR_TLCQM,1.678832037734752,100
NN_TLCQM,0.1034333216700966,100
XGBoost_Target_Only,0.1128589934467984,200
KRR_Target_Only,18.950344799027643,200
NN_Target_Only,22.693203808709264,200
XGBoost_Pool,0.1019512844657884,200
KRR_Pool,1.4850521787142783,200
NN_Pool,3.7086030585413994,200
XGBoost_TLCQM,0.103250108389036,200
KRR_TLCQM,1.5781893439299317,200
NN_TLCQM,0.1131868549584783,200
XGBoost_Target_Only,0.1018313447181451,300
KRR_Target_Only,15.19564141988712,300
NN_Target_Only,6.264541093636505,300
XGBoost_Pool,0.1018870892687715,300
KRR_Pool,1.401205441215737,300
NN_Pool,2.9736229317985425,300
XGBoost_TLCQM,0.1006977991487375,300
KRR_TLCQM,1.4823528075455532,300
NN_TLCQM,0.1699403114383041,300
XGBoost_Target_Only,0.09658890691436,500
KRR_Target_Only,10.267459276325075,500
NN_Target_Only,0.297249646976774,500
XGBoost_Pool,0.1001722220313904,500
KRR_Pool,1.333002515125124,500
NN_Pool,3.3490501622938504,500
XGBoost_TLCQM,0.102091961066349,500
KRR_TLCQM,1.404620199408028,500
NN_TLCQM,0.1217120841780625,500
TKRR,1.857033068172081,100
CDAR,5.301783050037698,100
DARC,25.51341385619472,100
VNCD_MDD,0.1936204769600798,100
M3SDA_Reg,0.1190291141864642,100
CMSS_Reg,0.1190833824885632,100
TKRR,1.8198330488863428,200
CDAR,5.903298081438428,200
DARC,23.466327136469975,200
VNCD_MDD,0.1420618716339706,200
M3SDA_Reg,0.1139049719295656,200
CMSS_Reg,0.1119705837097331,200
TKRR,1.836577931533536,300
CDAR,6.048688632662693,300
DARC,22.63114547913896,300
VNCD_MDD,0.1346628370156457,300
M3SDA_Reg,0.1172180102246359,300
CMSS_Reg,0.109163226166885,300
TKRR,1.6845643766115723,500
CDAR,5.989739370716992,500
DARC,23.842617630288043,500
VNCD_MDD,0.1287004965821646,500
M3SDA_Reg,0.1240957939657753,500
CMSS_Reg,0.1047205664578974,500
XGBoost_Target_Only,0.1060286335891049,100
KRR_Target_Only,29.558180812824265,100
NN_Target_Only,25.00223778465718,100
XGBoost_Pool,0.0993378557788151,100
KRR_Pool,1.5960459743161972,100
NN_Pool,6.125698939287076,100
XGBoost_TLCQM,0.117167850467968,100
KRR_TLCQM,1.6982449807946165,100
NN_TLCQM,0.1280174919817243,100
XGBoost_Target_Only,0.1018259380721791,200
KRR_Target_Only,18.95980231850389,200
NN_Target_Only,23.4773986616288,200
XGBoost_Pool,0.1001100711315044,200
KRR_Pool,1.5403443795342424,200
NN_Pool,4.579994971478535,200
XGBoost_TLCQM,0.1131498415433305,200
KRR_TLCQM,1.641035079581754,200
NN_TLCQM,0.1236778822190945,200
XGBoost_Target_Only,0.0993736466931741,300
KRR_Target_Only,14.144749148801242,300
NN_Target_Only,6.226549106074665,300
XGBoost_Pool,0.0986354576072643,300
KRR_Pool,1.5574613491915998,300
NN_Pool,5.485304485659279,300
XGBoost_TLCQM,0.1106669515447194,300
KRR_TLCQM,1.652317378042993,300
NN_TLCQM,0.5344327003159276,300
XGBoost_Target_Only,0.0973616124214373,500
KRR_Target_Only,8.538296462857595,500
NN_Target_Only,0.1918140926277277,500
XGBoost_Pool,0.0943346645330611,500
KRR_Pool,1.4540856458587743,500
NN_Pool,3.325598813168451,500
XGBoost_TLCQM,0.0998632465240663,500
KRR_TLCQM,1.5544313825676483,500
NN_TLCQM,0.1355296802729659,500
TKRR,1.919925020196708,100
CDAR,6.006904712438809,100
DARC,24.92816448016761,100
VNCD_MDD,0.1436272211805209,100
M3SDA_Reg,0.1237214896894907,100
CMSS_Reg,0.1167347322936294,100
TKRR,1.8647986900512108,200
CDAR,5.600323034147919,200
DARC,34.74300096360269,200
VNCD_MDD,0.1401452458008071,200
M3SDA_Reg,0.1210041904178094,200
CMSS_Reg,0.1144598848298218,200
TKRR,1.878517426035844,300
CDAR,5.639301849544303,300
DARC,37.150560469621794,300
VNCD_MDD,0.1407466867327726,300
M3SDA_Reg,0.1227022722163731,300
CMSS_Reg,0.1123662772021025,300
TKRR,1.7874215776814504,500
CDAR,5.560405445756284,500
DARC,36.50824159005865,500
VNCD_MDD,0.1336034630379039,500
M3SDA_Reg,0.1226752168401687,500
CMSS_Reg,0.1075546944117082,500
XGBoost_Target_Only,0.1163843675390623,100
KRR_Target_Only,31.21891535246559,100
NN_Target_Only,19.80900621088628,100
XGBoost_Pool,0.09772473306407,100
KRR_Pool,1.651067241009278,100
NN_Pool,5.46178771655659,100
XGBoost_TLCQM,0.1059410146360262,100
KRR_TLCQM,1.8021183616286027,100
NN_TLCQM,0.471260040216964,100
XGBoost_Target_Only,0.1120504676371423,200
KRR_Target_Only,20.193257990370046,200
NN_Target_Only,18.984223003591502,200
XGBoost_Pool,0.0984935443050951,200
KRR_Pool,1.6264282850251142,200
NN_Pool,7.0906252759035535,200
XGBoost_TLCQM,0.1026189102129766,200
KRR_TLCQM,1.762619748783873,200
NN_TLCQM,0.2511893380796267,200
XGBoost_Target_Only,0.1153906932482868,300
KRR_Target_Only,16.133618431812433,300
NN_Target_Only,6.851795239289627,300
XGBoost_Pool,0.0959463698958311,300
KRR_Pool,1.620966247044421,300
NN_Pool,2.9999510261561277,300
XGBoost_TLCQM,0.1000541232120387,300
KRR_TLCQM,1.7528275074136266,300
NN_TLCQM,0.1293416238111977,300
XGBoost_Target_Only,0.0931156424169883,500
KRR_Target_Only,9.677964161885434,500
NN_Target_Only,0.2076244036533474,500
XGBoost_Pool,0.0955227703551459,500
KRR_Pool,1.5180448825934172,500
NN_Pool,4.072648982439499,500
XGBoost_TLCQM,0.0969513726024091,500
KRR_TLCQM,1.625007394526918,500
NN_TLCQM,0.1197133332873395,500
TKRR,1.941914156892796,100
CDAR,5.848628267838832,100
DARC,38.33010598217839,100
VNCD_MDD,0.1446020143332511,100
M3SDA_Reg,0.1146164525130771,100
CMSS_Reg,0.1194924147778752,100
TKRR,1.933269165817138,200
CDAR,6.147493878964156,200
DARC,37.17437124358972,200
VNCD_MDD,0.1582383196641359,200
M3SDA_Reg,0.1087478253792149,200
CMSS_Reg,0.1106362364067991,200
TKRR,2.104872270728021,300
CDAR,6.088336853499675,300
DARC,36.89139835103601,300
VNCD_MDD,0.1403959798168959,300
M3SDA_Reg,0.1163352203327508,300
CMSS_Reg,0.1064807819710146,300
TKRR,2.0513951282107183,500
CDAR,6.000751807859545,500
DARC,36.48259933206211,500
VNCD_MDD,0.1195557409263974,500
M3SDA_Reg,0.1150869474863599,500
CMSS_Reg,0.1004214092553439,500
XGBoost_Target_Only,0.1091094896680261,100
KRR_Target_Only,30.298416596310425,100
NN_Target_Only,25.592266565979468,100
XGBoost_Pool,0.1003728813166704,100
KRR_Pool,1.6266765120275697,100
NN_Pool,5.388653834519039,100
XGBoost_TLCQM,0.1161459898080038,100
KRR_TLCQM,1.7510823702342078,100
NN_TLCQM,0.118906933863772,100
XGBoost_Target_Only,0.1011903264294331,200
KRR_Target_Only,19.91948277002314,200
NN_Target_Only,24.427863712919013,200
XGBoost_Pool,0.0991748981568568,200
KRR_Pool,1.626439497822332,200
NN_Pool,3.3511655978788517,200
XGBoost_TLCQM,0.1062711646674795,200
KRR_TLCQM,1.7448761396414847,200
NN_TLCQM,0.1173054756236802,200
XGBoost_Target_Only,0.0917317203842531,300
KRR_Target_Only,13.488053853692078,300
NN_Target_Only,0.239207084180897,300
XGBoost_Pool,0.0973875623430787,300
KRR_Pool,1.5594804270823803,300
NN_Pool,4.196564783889745,300
XGBoost_TLCQM,0.1039448692649102,300
KRR_TLCQM,1.653267208768769,300
NN_TLCQM,0.1467851402202978,300
XGBoost_Target_Only,0.0943287809815644,500
KRR_Target_Only,9.196956253835252,500
NN_Target_Only,0.1865670863391046,500
XGBoost_Pool,0.0958740064892327,500
KRR_Pool,1.497649352280555,500
NN_Pool,3.2992162050080887,500
XGBoost_TLCQM,0.1001016565855449,500
KRR_TLCQM,1.5837890102782153,500
NN_TLCQM,0.1093681144403173,500
TKRR,1.9201333320668923,100
CDAR,6.529825203990062,100
DARC,34.40364460508856,100
VNCD_MDD,0.1781065434532649,100
M3SDA_Reg,0.1226156043679277,100
CMSS_Reg,0.1151704457427093,100
TKRR,1.891315607693123,200
CDAR,5.758071680264698,200
DARC,32.66859188177232,200
VNCD_MDD,0.1460736705082859,200
M3SDA_Reg,0.1176679176630925,200
CMSS_Reg,0.1087322334656088,200
TKRR,1.884946128974166,300
CDAR,5.714960567032311,300
DARC,32.23477781200397,300
VNCD_MDD,0.1380238821649352,300
M3SDA_Reg,0.1184932944248894,300
CMSS_Reg,0.1055585657732105,300
TKRR,1.83534886968157,500
CDAR,5.786936700964853,500
DARC,32.14988712644048,500
VNCD_MDD,0.1321737350849249,500
M3SDA_Reg,0.1185941670703415,500
CMSS_Reg,0.1040957528802841,500
XGBoost_Target_Only,0.1253951532918583,100
KRR_Target_Only,29.65397255425579,100
NN_Target_Only,18.039929726971604,100
XGBoost_Pool,0.0999509511996255,100
KRR_Pool,1.6619967563115114,100
NN_Pool,5.2794751103980095,100
XGBoost_TLCQM,0.1935147208413578,100
KRR_TLCQM,1.948098299868777,100
NN_TLCQM,0.1670086930078963,100
XGBoost_Target_Only,0.1065905296777135,200
KRR_Target_Only,19.768105924300844,200
NN_Target_Only,18.819712818357903,200
XGBoost_Pool,0.0972311104905398,200
KRR_Pool,1.630461995463825,200
NN_Pool,3.7514717227819903,200
XGBoost_TLCQM,0.1060939793047145,200
KRR_TLCQM,1.7541356808156163,200
NN_TLCQM,0.1756879756399722,200
XGBoost_Target_Only,0.1039957698813038,300
KRR_Target_Only,14.681777264728328,300
NN_Target_Only,6.900796046946688,300
XGBoost_Pool,0.0968304686722739,300
KRR_Pool,1.61409059676923,300
NN_Pool,4.026912310369837,300
XGBoost_TLCQM,0.0977031607159576,300
KRR_TLCQM,1.749663649477735,300
NN_TLCQM,0.1052814937979607,300
XGBoost_Target_Only,0.0953357587450904,500
KRR_Target_Only,9.755633550221615,500
NN_Target_Only,0.1489576100056781,500
XGBoost_Pool,0.0967904557153347,500
KRR_Pool,1.6021106495733668,500
NN_Pool,3.025941201260132,500
XGBoost_TLCQM,0.1001025681724925,500
KRR_TLCQM,1.7285864021813009,500
NN_TLCQM,0.1071985639994123,500
TKRR,2.00967771816088,100
CDAR,5.217610422411245,100
DARC,31.913916560071964,100
VNCD_MDD,0.1866105101014437,100
M3SDA_Reg,0.1276020860230128,100
CMSS_Reg,0.1177080618330866,100
TKRR,2.021724164369018,200
CDAR,5.559046068496864,200
DARC,37.961118094374335,200
VNCD_MDD,0.1606721421235496,200
M3SDA_Reg,0.1165016956901236,200
CMSS_Reg,0.1110451111044794,200
TKRR,1.9424905855095784,300
CDAR,5.541780138775896,300
DARC,38.55138461828608,300
VNCD_MDD,0.1305605097025376,300
M3SDA_Reg,0.1177345446184653,300
CMSS_Reg,0.1060578474416838,300
TKRR,1.9401865727707028,500
CDAR,5.534407899452376,500
DARC,38.14447198761881,500
VNCD_MDD,0.141016985176189,500
M3SDA_Reg,0.1194760818086197,500
CMSS_Reg,0.1012134597360849,500
XGBoost_Target_Only,0.1123013475811971,100
KRR_Target_Only,29.06503477443443,100
NN_Target_Only,26.840170844521847,100
XGBoost_Pool,0.1000344346142495,100
KRR_Pool,1.5350964453105955,100
NN_Pool,5.624755955768785,100
XGBoost_TLCQM,0.1062785375518573,100
KRR_TLCQM,1.6406822768402471,100
NN_TLCQM,0.1177690191053481,100
XGBoost_Target_Only,0.0973818058854895,200
KRR_Target_Only,19.17157801321434,200
NN_Target_Only,28.034960254323583,200
XGBoost_Pool,0.0986019833149076,200
KRR_Pool,1.435567878791363,200
NN_Pool,3.634687687515496,200
XGBoost_TLCQM,0.1013193503441306,200
KRR_TLCQM,1.532404859499821,200
NN_TLCQM,0.1112054206010714,200
XGBoost_Target_Only,0.0954259843313524,300
KRR_Target_Only,14.207087393159163,300
NN_Target_Only,0.794808298569883,300
XGBoost_Pool,0.0981526631503964,300
KRR_Pool,1.393704616067451,300
NN_Pool,3.250385829933473,300
XGBoost_TLCQM,0.1021192363474645,300
KRR_TLCQM,1.481601197505115,300
NN_TLCQM,0.1324268000029103,300
XGBoost_Target_Only,0.0960069768615196,500
KRR_Target_Only,9.445283835203355,500
NN_Target_Only,0.2668639773541318,500
XGBoost_Pool,0.0963395715625913,500
KRR_Pool,1.376231865585671,500
NN_Pool,3.870144357144847,500
XGBoost_TLCQM,0.1019678499364617,500
KRR_TLCQM,1.470842689608974,500
NN_TLCQM,0.1343596857922477,500
TKRR,2.139130129771626,100
CDAR,6.397458370632888,100
DARC,33.04573906888316,100
VNCD_MDD,0.1719079766292532,100
M3SDA_Reg,0.1181474029123499,100
CMSS_Reg,0.1161932537628251,100
TKRR,1.7221730629502665,200
CDAR,5.669160745955846,200
DARC,35.2128858750698,200
VNCD_MDD,0.142445310883364,200
M3SDA_Reg,0.1266942924407632,200
CMSS_Reg,0.1136801144802305,200
TKRR,1.872921608308304,300
CDAR,5.368686942848144,300
DARC,34.859810929381275,300
VNCD_MDD,0.1240530558776469,300
M3SDA_Reg,0.1264137067998947,300
CMSS_Reg,0.1111534858772279,300
TKRR,1.7028288647507004,500
CDAR,5.213347051262419,500
DARC,34.878407425738935,500
VNCD_MDD,0.1259598240317262,500
M3SDA_Reg,0.1305756601997711,500
CMSS_Reg,0.1079375127982851,500
XGBoost_Target_Only,0.1332606825322187,100
KRR_Target_Only,28.92479172292668,100
NN_Target_Only,20.152221506189136,100
XGBoost_Pool,0.1006561185282267,100
KRR_Pool,1.619131132797354,100
NN_Pool,5.289137745800166,100
XGBoost_TLCQM,0.1204321045627922,100
KRR_TLCQM,1.7920181414738188,100
NN_TLCQM,0.1163744896405908,100
XGBoost_Target_Only,0.1083034656497741,200
KRR_Target_Only,20.04723629912062,200
NN_Target_Only,17.816303277668105,200
XGBoost_Pool,0.0985424213324768,200
KRR_Pool,1.6334863182833712,200
NN_Pool,3.5438373678911543,200
XGBoost_TLCQM,0.1029386713699599,200
KRR_TLCQM,1.7678823319765846,200
NN_TLCQM,0.1036205080587122,200
XGBoost_Target_Only,0.0994927726555253,300
KRR_Target_Only,14.895920228129834,300
NN_Target_Only,6.915394886730287,300
XGBoost_Pool,0.0975437276744863,300
KRR_Pool,1.5604975158903054,300
NN_Pool,6.049121319651677,300
XGBoost_TLCQM,0.1022691009725048,300
KRR_TLCQM,1.670118285240693,300
NN_TLCQM,0.1295815995029333,300
XGBoost_Target_Only,0.0943242414892168,500
KRR_Target_Only,9.25446291617251,500
NN_Target_Only,0.5190610388162384,500
XGBoost_Pool,0.0955629205769815,500
KRR_Pool,1.4894429685838042,500
NN_Pool,3.409837313261585,500
XGBoost_TLCQM,0.0990673892242714,500
KRR_TLCQM,1.5705551722746436,500
NN_TLCQM,0.1154988922734015,500
TKRR,2.0065677848555032,100
CDAR,5.287908251064458,100
DARC,37.14396989928287,100
VNCD_MDD,0.221570857974772,100
M3SDA_Reg,0.1214535219548511,100
CMSS_Reg,0.1193565257681858,100
TKRR,1.9290022418411608,200
CDAR,5.819419741508247,200
DARC,35.95180129611004,200
VNCD_MDD,0.1828209532647073,200
M3SDA_Reg,0.1138763481188025,200
CMSS_Reg,0.1164773403434483,200
TKRR,1.8222011382001428,300
CDAR,5.46279768640412,300
DARC,36.09119945779102,300
VNCD_MDD,0.1403662257258624,300
M3SDA_Reg,0.1176864156185,300
CMSS_Reg,0.1099731142650344,300
TKRR,1.7740497230129837,500
CDAR,5.338986656068595,500
DARC,35.453496549175085,500
VNCD_MDD,0.1302140578488176,500
M3SDA_Reg,0.120289556438431,500
CMSS_Reg,0.1072391928904418,500
XGBoost_Target_Only,0.1249912756862253,100
KRR_Target_Only,32.1262715049443,100
NN_Target_Only,28.60476236476306,100
XGBoost_Pool,0.1009771784970671,100
KRR_Pool,1.5960547482328478,100
NN_Pool,5.74029737097368,100
XGBoost_TLCQM,0.1329984779109463,100
KRR_TLCQM,1.7815860753529935,100
NN_TLCQM,0.1165179183094395,100
XGBoost_Target_Only,0.1094828946414142,200
KRR_Target_Only,20.1610483065916,200
NN_Target_Only,25.94010348209755,200
XGBoost_Pool,0.100813479913003,200
KRR_Pool,1.5704031852656586,200
NN_Pool,3.284019232290907,200
XGBoost_TLCQM,0.1155197053105876,200
KRR_TLCQM,1.704966068514688,200
NN_TLCQM,0.1131092406475254,200
XGBoost_Target_Only,0.0986979378695955,300
KRR_Target_Only,15.121941054299986,300
NN_Target_Only,8.402540270175871,300
XGBoost_Pool,0.0986990025810403,300
KRR_Pool,1.5598709793031644,300
NN_Pool,3.523033770118356,300
XGBoost_TLCQM,0.1131602394064977,300
KRR_TLCQM,1.696659019490829,300
NN_TLCQM,0.1139950659444358,300
XGBoost_Target_Only,0.0908970312306082,500
KRR_Target_Only,9.860336910130258,500
NN_Target_Only,0.7704013889631479,500
XGBoost_Pool,0.0936860748105434,500
KRR_Pool,1.444044680831845,500
NN_Pool,3.268969162509925,500
XGBoost_TLCQM,0.102196726157838,500
KRR_TLCQM,1.5412848010813114,500
NN_TLCQM,0.1132917668713013,500
TKRR,1.871295248261747,100
CDAR,6.6649161936400345,100
DARC,42.52508220652897,100
VNCD_MDD,0.1455849226551102,100
M3SDA_Reg,0.1233379317376547,100
CMSS_Reg,0.1158490477955886,100
TKRR,1.889347994514632,200
CDAR,5.310711344054202,200
DARC,25.50499348114335,200
VNCD_MDD,0.1606022420020159,200
M3SDA_Reg,0.1225484150300673,200
CMSS_Reg,0.1164689813119431,200
TKRR,1.8387763766915783,300
CDAR,5.185954364533844,300
DARC,26.835310868380542,300
VNCD_MDD,0.1335659279161037,300
M3SDA_Reg,0.1214091404299594,300
CMSS_Reg,0.1108523877233915,300
TKRR,1.7749390923142216,500
CDAR,5.188078543594394,500
DARC,29.34743573009092,500
VNCD_MDD,0.1300513164740552,500
M3SDA_Reg,0.1203502320642002,500
CMSS_Reg,0.1063319676959087,500
XGBoost_Target_Only,0.1101485191831814,100
KRR_Target_Only,29.630927459575428,100
NN_Target_Only,26.581743652354497,100
XGBoost_Pool,0.1004214299364483,100
KRR_Pool,1.584128006283353,100
NN_Pool,6.254675844447052,100
XGBoost_TLCQM,0.1126666050381366,100
KRR_TLCQM,1.6863231572578483,100
NN_TLCQM,0.1183616606678226,100
XGBoost_Target_Only,0.1047197306591196,200
KRR_Target_Only,20.190041998194243,200
NN_Target_Only,23.585437672353937,200
XGBoost_Pool,0.0994413720565538,200
KRR_Pool,1.5781407493862505,200
NN_Pool,3.127292850671355,200
XGBoost_TLCQM,0.1068802701823674,200
KRR_TLCQM,1.6778753678073426,200
NN_TLCQM,0.1290458721835773,200
XGBoost_Target_Only,0.10043989554662,300
KRR_Target_Only,15.90923691583446,300
NN_Target_Only,6.282932068662032,300
XGBoost_Pool,0.0972132457099434,300
KRR_Pool,1.5593424810921064,300
NN_Pool,4.031146121223116,300
XGBoost_TLCQM,0.1099314046065046,300
KRR_TLCQM,1.666680604007557,300
NN_TLCQM,0.116388228378802,300
XGBoost_Target_Only,0.0912766565324545,500
KRR_Target_Only,9.999506092480084,500
NN_Target_Only,1.2550036328069518,500
XGBoost_Pool,0.096036101574715,500
KRR_Pool,1.4605068531721266,500
NN_Pool,3.7648086814973,500
XGBoost_TLCQM,0.1059948527384905,500
KRR_TLCQM,1.56172427497269,500
NN_TLCQM,0.1094940380138431,500
TKRR,2.026477161966397,100
CDAR,6.018067562655779,100
DARC,23.625855343592043,100
VNCD_MDD,0.1849878017651052,100
M3SDA_Reg,0.119464087751306,100
CMSS_Reg,0.1155562248669516,100
TKRR,1.9433543131855324,200
CDAR,5.349699765728965,200
DARC,23.052809348817743,200
VNCD_MDD,0.1413073817562698,200
M3SDA_Reg,0.1202719333426325,200
CMSS_Reg,0.1082525338164426,200
TKRR,1.9027464089114705,300
CDAR,5.368304522913814,300
DARC,23.437374933421985,300
VNCD_MDD,0.1405821688762195,300
M3SDA_Reg,0.1187985193818486,300
CMSS_Reg,0.106819731282258,300
TKRR,1.873713782018116,500
CDAR,5.376012693209183,500
DARC,24.021782710283443,500
VNCD_MDD,0.1317666252112616,500
M3SDA_Reg,0.122751009741812,500
CMSS_Reg,0.1008164116240999,500
XGBoost_Target_Only,0.1134066415101008,100
KRR_Target_Only,29.587936526346837,100
NN_Target_Only,22.438925780500096,100
XGBoost_Pool,0.1006383010482646,100
KRR_Pool,1.6340672718235834,100
NN_Pool,5.302382767638433,100
XGBoost_TLCQM,0.126528385536519,100
KRR_TLCQM,1.8310035385371464,100
NN_TLCQM,0.1187124689697012,100
XGBoost_Target_Only,0.1085645345904534,200
KRR_Target_Only,18.566145764777247,200
NN_Target_Only,18.96451270338185,200
XGBoost_Pool,0.100186899944538,200
KRR_Pool,1.6368066496698144,200
NN_Pool,3.4430330919136907,200
XGBoost_TLCQM,0.1055099591321191,200
KRR_TLCQM,1.7749644057037912,200
NN_TLCQM,0.1776234344186915,200
XGBoost_Target_Only,0.1058064028988044,300
KRR_Target_Only,14.354721103796605,300
NN_Target_Only,6.516377722022002,300
XGBoost_Pool,0.0999720376756869,300
KRR_Pool,1.6263470966362883,300
NN_Pool,5.895458361838033,300
XGBoost_TLCQM,0.1007114342664312,300
KRR_TLCQM,1.7565626517088808,300
NN_TLCQM,0.1169062638357218,300
XGBoost_Target_Only,0.1009819855381347,500
KRR_Target_Only,8.989821647003314,500
NN_Target_Only,0.1442014932546923,500
XGBoost_Pool,0.0970874656732949,500
KRR_Pool,1.5197039513567412,500
NN_Pool,3.4004436454075875,500
XGBoost_TLCQM,0.0994577504184735,500
KRR_TLCQM,1.6325593007229584,500
NN_TLCQM,0.1030445413082109,500
TKRR,2.180154913313557,100
CDAR,6.26796348752762,100
DARC,30.263754374666267,100
VNCD_MDD,0.1534649038148799,100
M3SDA_Reg,0.117978366781984,100
CMSS_Reg,0.1119375781111199,100
TKRR,1.91139651773037,200
CDAR,6.1641243629423,200
DARC,28.0193263039353,200
VNCD_MDD,0.1372532723555511,200
M3SDA_Reg,0.1169572944525357,200
CMSS_Reg,0.1090316547453177,200
TKRR,2.174940961768524,300
CDAR,6.20442265559111,300
DARC,28.002244508308493,300
VNCD_MDD,0.1376375374965009,300
M3SDA_Reg,0.115427265626155,300
CMSS_Reg,0.1108412252993589,300
TKRR,1.7684888926852411,500
CDAR,6.142472713634858,500
DARC,27.745800276042576,500
VNCD_MDD,0.1338651204900372,500
M3SDA_Reg,0.1138322774699525,500
CMSS_Reg,0.1040941648334244,500
XGBoost_Target_Only,0.1199351510305082,100
KRR_Target_Only,30.31780442924011,100
NN_Target_Only,20.69607704943777,100
XGBoost_Pool,0.1025813748854443,100
KRR_Pool,1.6343287734344805,100
NN_Pool,5.763332457540279,100
XGBoost_TLCQM,0.1044082594869101,100
KRR_TLCQM,1.747926634154221,100
NN_TLCQM,0.1785711410633106,100
XGBoost_Target_Only,0.1040993229942897,200
KRR_Target_Only,20.125063310377413,200
NN_Target_Only,22.569297296044667,200
XGBoost_Pool,0.099605652112321,200
KRR_Pool,1.5520515281760616,200
NN_Pool,3.940456414441228,200
XGBoost_TLCQM,0.1043169652156331,200
KRR_TLCQM,1.6742670941888125,200
NN_TLCQM,0.1072102626323793,200
XGBoost_Target_Only,0.0962014303902112,300
KRR_Target_Only,13.916388259782403,300
NN_Target_Only,8.77403923064907,300
XGBoost_Pool,0.0979228575039201,300
KRR_Pool,1.519873854035737,300
NN_Pool,5.780166758389891,300
XGBoost_TLCQM,0.1043448403025781,300
KRR_TLCQM,1.634137661650863,300
NN_TLCQM,0.1114108452695703,300
XGBoost_Target_Only,0.0943599828546798,500
KRR_Target_Only,9.23546112853054,500
NN_Target_Only,0.4305148778327053,500
XGBoost_Pool,0.095055341186828,500
KRR_Pool,1.4691363657382537,500
NN_Pool,3.350808713988205,500
XGBoost_TLCQM,0.1027474479032488,500
KRR_TLCQM,1.5916843368797855,500
NN_TLCQM,0.1170637612984893,500
TKRR,1.8916258321117043,100
CDAR,6.324483104907667,100
DARC,33.060850601063414,100
VNCD_MDD,0.1694625929351818,100
M3SDA_Reg,0.117517088536461,100
CMSS_Reg,0.1191269275459201,100
TKRR,1.8556194932759733,200
CDAR,5.596773038773247,200
DARC,27.20294631743032,200
VNCD_MDD,0.1554917427214449,200
M3SDA_Reg,0.1200113268725515,200
CMSS_Reg,0.1194457501875005,200
TKRR,1.8636273354737416,300
CDAR,5.603925128594786,300
DARC,27.48358918103652,300
VNCD_MDD,0.1305623123902747,300
M3SDA_Reg,0.1166261445720432,300
CMSS_Reg,0.1100289900600399,300
TKRR,1.7952484251516672,500
CDAR,5.610362285587047,500
DARC,27.81413102416714,500
VNCD_MDD,0.1288876160981135,500
M3SDA_Reg,0.1208513163688627,500
CMSS_Reg,0.106003960298795,500
XGBoost_Target_Only,0.1085838860349963,100
KRR_Target_Only,28.33762166101035,100
NN_Target_Only,24.56844404365451,100
XGBoost_Pool,0.0998795772541607,100
KRR_Pool,1.598573251701236,100
NN_Pool,3.983127427379508,100
XGBoost_TLCQM,0.1010965566806116,100
KRR_TLCQM,1.7182019168313374,100
NN_TLCQM,0.1093859173237556,100
XGBoost_Target_Only,0.1009880667776017,200
KRR_Target_Only,18.011668192599583,200
NN_Target_Only,23.4460786139669,200
XGBoost_Pool,0.0984994877044466,200
KRR_Pool,1.5408134474507735,200
NN_Pool,3.4454230661050174,200
XGBoost_TLCQM,0.1015517549126061,200
KRR_TLCQM,1.643497896857681,200
NN_TLCQM,0.1121437329264883,200
XGBoost_Target_Only,0.0993607181653611,300
KRR_Target_Only,13.451622224352,300
NN_Target_Only,9.828439290740388,300
XGBoost_Pool,0.0964642632389509,300
KRR_Pool,1.5531386293978493,300
NN_Pool,3.9979449394117057,300
XGBoost_TLCQM,0.1014540228412811,300
KRR_TLCQM,1.6601174309761697,300
NN_TLCQM,0.1477405432299819,300
XGBoost_Target_Only,0.1006255485206296,500
KRR_Target_Only,8.700888630612276,500
NN_Target_Only,0.5840646802050897,500
XGBoost_Pool,0.0947246397250468,500
KRR_Pool,1.4585178447419924,500
NN_Pool,2.987315439729412,500
XGBoost_TLCQM,0.1011765912747776,500
KRR_TLCQM,1.5394798731824009,500
NN_TLCQM,0.1097432038361964,500
TKRR,1.9327105577047905,100
CDAR,6.398914413774485,100
DARC,22.33717098187489,100
VNCD_MDD,0.1494304609347848,100
M3SDA_Reg,0.1141702381487065,100
CMSS_Reg,0.1186646311905142,100
TKRR,1.829771543585265,200
CDAR,5.381627352799805,200
DARC,34.121824468723915,200
VNCD_MDD,0.1352341674147154,200
M3SDA_Reg,0.1205825260062991,200
CMSS_Reg,0.1222525256974856,200
TKRR,1.8544489332659395,300
CDAR,5.361283207216771,300
DARC,34.50609765013266,300
VNCD_MDD,0.1343329728371181,300
M3SDA_Reg,0.121198271621107,300
CMSS_Reg,0.1186133970145238,300
TKRR,1.8214256108614195,500
CDAR,5.38783081832779,500
DARC,34.28046343971401,500
VNCD_MDD,0.1276704185059947,500
M3SDA_Reg,0.1157120112632091,500
CMSS_Reg,0.1087470874799431,500
XGBoost_Target_Only,0.1234602600361916,100
KRR_Target_Only,30.070308756843342,100
NN_Target_Only,22.49775334957687,100
XGBoost_Pool,0.1027619921624284,100
KRR_Pool,1.6260993608275236,100
NN_Pool,5.295306960346072,100
XGBoost_TLCQM,0.1040522429014726,100
KRR_TLCQM,1.7212812055540685,100
NN_TLCQM,0.1037568628230173,100
XGBoost_Target_Only,0.1126816471225734,200
KRR_Target_Only,18.953643674218927,200
NN_Target_Only,21.925675336100284,200
XGBoost_Pool,0.1001784042265615,200
KRR_Pool,1.5689851349066215,200
NN_Pool,3.5249307776461465,200
XGBoost_TLCQM,0.1061955955446734,200
KRR_TLCQM,1.6659041271275388,200
NN_TLCQM,0.1073515426326104,200
XGBoost_Target_Only,0.1110189474774105,300
KRR_Target_Only,14.46017432873275,300
NN_Target_Only,1.2305583852981947,300
XGBoost_Pool,0.0991681911087996,300
KRR_Pool,1.5128496797209074,300
NN_Pool,6.028339221817949,300
XGBoost_TLCQM,0.1044071476278803,300
KRR_TLCQM,1.60170524882934,300
NN_TLCQM,0.5638542267949656,300
XGBoost_Target_Only,0.0975933896263936,500
KRR_Target_Only,8.858165614846659,500
NN_Target_Only,2.407789198154582,500
XGBoost_Pool,0.0971970597685693,500
KRR_Pool,1.4163366793198005,500
NN_Pool,3.539097612632208,500
XGBoost_TLCQM,0.1003672257354578,500
KRR_TLCQM,1.513329885588132,500
NN_TLCQM,0.1367188835500237,500
TKRR,1.8918599624772523,100
CDAR,5.812867790531792,100
DARC,40.21146293059866,100
VNCD_MDD,0.1464315060459136,100
M3SDA_Reg,0.1169696623417061,100
CMSS_Reg,0.1219075266940042,100
TKRR,1.880728488669352,200
CDAR,5.829132330598311,200
DARC,32.67327211487575,200
VNCD_MDD,0.1579811347459852,200
M3SDA_Reg,0.1133353098942198,200
CMSS_Reg,0.1169818440210774,200
TKRR,1.90060144996539,300
CDAR,5.846441188123493,300
DARC,34.32955667119441,300
VNCD_MDD,0.1581038621589404,300
M3SDA_Reg,0.1176540474112565,300
CMSS_Reg,0.1190136057932303,300
TKRR,1.8906267850076848,500
CDAR,5.775338305533862,500
DARC,34.10101153212885,500
VNCD_MDD,0.1363094714347221,500
M3SDA_Reg,0.1191904365223575,500
CMSS_Reg,0.1101389285107523,500
XGBoost_Target_Only,0.1224998988232303,100
KRR_Target_Only,28.67499826712587,100
NN_Target_Only,20.05760232228132,100
XGBoost_Pool,0.1039401310805694,100
KRR_Pool,1.642926763685738,100
NN_Pool,3.387812863688245,100
XGBoost_TLCQM,0.1035651233658648,100
KRR_TLCQM,1.7594579475804015,100
NN_TLCQM,0.1201671102353773,100
XGBoost_Target_Only,0.1059654396859165,200
KRR_Target_Only,18.363808470725072,200
NN_Target_Only,20.726321982227383,200
XGBoost_Pool,0.1021177637518558,200
KRR_Pool,1.6280000717144345,200
NN_Pool,3.4127658668762364,200
XGBoost_TLCQM,0.1029006451886668,200
KRR_TLCQM,1.7356162682882073,200
NN_TLCQM,0.2400913864670578,200
XGBoost_Target_Only,0.1014957644112299,300
KRR_Target_Only,14.317480192921456,300
NN_Target_Only,0.2718087975394446,300
XGBoost_Pool,0.1025351276223949,300
KRR_Pool,1.5641727348372756,300
NN_Pool,2.7339326096382424,300
XGBoost_TLCQM,0.1018740436600282,300
KRR_TLCQM,1.6550788523760471,300
NN_TLCQM,5.4891636218032565,300
XGBoost_Target_Only,0.0945396839798473,500
KRR_Target_Only,8.986766516512974,500
NN_Target_Only,0.2141548666588473,500
XGBoost_Pool,0.097811068446413,500
KRR_Pool,1.457870295081237,500
NN_Pool,3.576388272969371,500
XGBoost_TLCQM,0.1054402219212863,500
KRR_TLCQM,1.530853513467456,500
NN_TLCQM,0.1198835565644112,500
TKRR,1.8991568243801984,100
CDAR,5.883734487465286,100
DARC,24.841588164262383,100
VNCD_MDD,0.1598973817514316,100
M3SDA_Reg,0.1214954370981134,100
CMSS_Reg,0.1228646137340163,100
TKRR,1.918686741090767,200
CDAR,5.481838720816197,200
DARC,26.604563155834214,200
VNCD_MDD,0.1530584614489185,200
M3SDA_Reg,0.1235577058166516,200
CMSS_Reg,0.1160347226388781,200
TKRR,1.8829175239471123,300
CDAR,5.529621744799971,300
DARC,26.511297963512614,300
VNCD_MDD,0.1487766854716591,300
M3SDA_Reg,0.1160435485700355,300
CMSS_Reg,0.1118805716923878,300
TKRR,1.8456143201213149,500
CDAR,5.401121939279553,500
DARC,26.914047212291003,500
VNCD_MDD,0.1421836788672787,500
M3SDA_Reg,0.1182769495683694,500
CMSS_Reg,0.1070859311944457,500
XGBoost_Target_Only,0.1058333794318788,100
KRR_Target_Only,28.387538370664807,100
NN_Target_Only,18.299416037274497,100
XGBoost_Pool,0.1007965616102389,100
KRR_Pool,1.5885064519847478,100
NN_Pool,5.6822739480283975,100
XGBoost_TLCQM,0.1102431547808602,100
KRR_TLCQM,1.6983817557058072,100
NN_TLCQM,0.1226555278721432,100
XGBoost_Target_Only,0.1080509246654359,200
KRR_Target_Only,19.743118180022197,200
NN_Target_Only,21.243946782532653,200
XGBoost_Pool,0.096570224009893,200
KRR_Pool,1.5282214705553303,200
NN_Pool,4.6158191248629725,200
XGBoost_TLCQM,0.1094617326208408,200
KRR_TLCQM,1.6088779425603073,200
NN_TLCQM,0.1152988722295827,200
XGBoost_Target_Only,0.0997121995046258,300
KRR_Target_Only,13.247031755756394,300
NN_Target_Only,6.396321839785451,300
XGBoost_Pool,0.096024688594339,300
KRR_Pool,1.53560751182195,300
NN_Pool,5.547896269943833,300
XGBoost_TLCQM,0.1079584044314607,300
KRR_TLCQM,1.6149819063825963,300
NN_TLCQM,0.1156755862602271,300
XGBoost_Target_Only,0.0938198210048099,500
KRR_Target_Only,8.70443482950724,500
NN_Target_Only,2.059677835586873,500
XGBoost_Pool,0.0936987533607092,500
KRR_Pool,1.4560936364388075,500
NN_Pool,3.799384640434992,500
XGBoost_TLCQM,0.099712623887148,500
KRR_TLCQM,1.5285947986229629,500
NN_TLCQM,0.1039296264235639,500
TKRR,1.8873995561040056,100
CDAR,6.246045839035065,100
DARC,33.03059267087865,100
VNCD_MDD,0.1703459761398595,100
M3SDA_Reg,0.1152939298987874,100
CMSS_Reg,0.1182413536258881,100
TKRR,1.9035725067863436,200
CDAR,5.271338355094884,200
DARC,38.19612740429071,200
VNCD_MDD,0.1421028517421609,200
M3SDA_Reg,0.1085166737792611,200
CMSS_Reg,0.1118071835396562,200
TKRR,1.870876496828059,300
CDAR,5.334742071766574,300
DARC,40.551905205724594,300
VNCD_MDD,0.1381554621327244,300
M3SDA_Reg,0.1094579917486208,300
CMSS_Reg,0.1065308735961685,300
TKRR,1.7447230772539155,500
CDAR,5.208410216825044,500
DARC,38.919247395750325,500
VNCD_MDD,0.1240592381535371,500
M3SDA_Reg,0.1174569851959179,500
CMSS_Reg,0.1041800659538632,500
XGBoost_Target_Only,0.1250813903841781,100
KRR_Target_Only,29.797829143915678,100
NN_Target_Only,17.628856957851287,100
XGBoost_Pool,0.1010254269395317,100
KRR_Pool,1.64286911255445,100
NN_Pool,5.223928825686091,100
XGBoost_TLCQM,0.1261735973571529,100
KRR_TLCQM,1.8243954215067977,100
NN_TLCQM,0.1190493216166194,100
XGBoost_Target_Only,0.1104729578252542,200
KRR_Target_Only,19.47690022012549,200
NN_Target_Only,20.47748736758862,200
XGBoost_Pool,0.0985295494224173,200
KRR_Pool,1.60352851326234,200
NN_Pool,3.6567954847336575,200
XGBoost_TLCQM,0.105860527015146,200
KRR_TLCQM,1.7336491047727187,200
NN_TLCQM,0.1262748546012484,200
XGBoost_Target_Only,0.1058882967040121,300
KRR_Target_Only,14.452856607521165,300
NN_Target_Only,7.130024309550173,300
XGBoost_Pool,0.0970005586260796,300
KRR_Pool,1.6065726428557452,300
NN_Pool,2.753740844705044,300
XGBoost_TLCQM,0.1042792991709486,300
KRR_TLCQM,1.7264180744928923,300
NN_TLCQM,0.114627004321293,300
XGBoost_Target_Only,0.0958220685936363,500
KRR_Target_Only,9.78085960988639,500
NN_Target_Only,0.169644072979669,500
XGBoost_Pool,0.0975719012620797,500
KRR_Pool,1.554930386813452,500
NN_Pool,3.649741013385156,500
XGBoost_TLCQM,0.1000969076443281,500
KRR_TLCQM,1.6599691946115689,500
NN_TLCQM,0.263527828042825,500
TKRR,1.927331517727434,100
CDAR,6.070474675262325,100
DARC,27.393878891156746,100
VNCD_MDD,0.1843389507716896,100
M3SDA_Reg,0.1179062632421545,100
CMSS_Reg,0.1219367772539898,100
TKRR,1.859173009966821,200
CDAR,6.202991102285686,200
DARC,28.112202591310005,200
VNCD_MDD,0.1546756148690226,200
M3SDA_Reg,0.119399953854124,200
CMSS_Reg,0.1186875351383572,200
TKRR,1.8819710461311168,300
CDAR,6.274768184922202,300
DARC,29.43022594093044,300
VNCD_MDD,0.1416555895280934,300
M3SDA_Reg,0.1195497930697315,300
CMSS_Reg,0.1115485655972257,300
TKRR,1.8735074197165305,500
CDAR,6.411210153465429,500
DARC,28.77048736206324,500
VNCD_MDD,0.1306135983187062,500
M3SDA_Reg,0.1244698695844063,500
CMSS_Reg,0.1089232519780334,500
XGBoost_Target_Only,0.1081758586340216,100
KRR_Target_Only,31.451713784530394,100
NN_Target_Only,20.91733129615093,100
XGBoost_Pool,0.1035517977607029,100
KRR_Pool,1.64529347496061,100
NN_Pool,5.450409862012402,100
XGBoost_TLCQM,0.1039851388673755,100
KRR_TLCQM,1.765768845106857,100
NN_TLCQM,0.1524450718405808,100
XGBoost_Target_Only,0.1096978066373674,200
KRR_Target_Only,20.30964469224037,200
NN_Target_Only,22.273725034080915,200
XGBoost_Pool,0.0981156148455013,200
KRR_Pool,1.5904012328656525,200
NN_Pool,3.502572501637164,200
XGBoost_TLCQM,0.1098022359127149,200
KRR_TLCQM,1.704308488556401,200
NN_TLCQM,0.1251422672163905,200
XGBoost_Target_Only,0.1040038947975217,300
KRR_Target_Only,14.246103100142546,300
NN_Target_Only,6.204411562142951,300
XGBoost_Pool,0.0996320242237043,300
KRR_Pool,1.5220758026578491,300
NN_Pool,2.799276535419424,300
XGBoost_TLCQM,0.1008713992321327,300
KRR_TLCQM,1.6089996796421795,300
NN_TLCQM,0.1384036396497367,300
XGBoost_Target_Only,0.1007251313316134,500
KRR_Target_Only,8.63555068394263,500
NN_Target_Only,6.147776787645365,500
XGBoost_Pool,0.0948996782260383,500
KRR_Pool,1.4401584953191735,500
NN_Pool,3.119592989827669,500
XGBoost_TLCQM,0.104062012182433,500
KRR_TLCQM,1.515207035169295,500
NN_TLCQM,0.1096995227058186,500
TKRR,2.076308868075391,100
CDAR,5.262903865782513,100
DARC,28.073105992991756,100
VNCD_MDD,0.1703538104354165,100
M3SDA_Reg,0.1145132523190621,100
CMSS_Reg,0.1200151196192298,100
TKRR,1.909818832524382,200
CDAR,6.231274558049303,200
DARC,32.960739328694736,200
VNCD_MDD,0.1595530808973896,200
M3SDA_Reg,0.1171451210678654,200
CMSS_Reg,0.1182621948888815,200
TKRR,1.871687274072039,300
CDAR,6.214982595688347,300
DARC,31.897064144671813,300
VNCD_MDD,0.1410719251224352,300
M3SDA_Reg,0.1173882673630496,300
CMSS_Reg,0.1125721425146925,300
TKRR,1.807000598047772,500
CDAR,6.186515089297366,500
DARC,31.112068142262626,500
VNCD_MDD,0.1344745896393448,500
M3SDA_Reg,0.1148665572432067,500
CMSS_Reg,0.1045211429175137,500
XGBoost_Target_Only,0.1396623960056048,100
KRR_Target_Only,30.43838436644428,100
NN_Target_Only,20.684346059421976,100
XGBoost_Pool,0.0984732470686907,100
KRR_Pool,1.602577401213406,100
NN_Pool,3.304156223049238,100
XGBoost_TLCQM,0.1217916415584297,100
KRR_TLCQM,1.694155556378386,100
NN_TLCQM,0.1153469021686246,100
XGBoost_Target_Only,0.1161911082676345,200
KRR_Target_Only,19.953764635756432,200
NN_Target_Only,17.93093270151587,200
XGBoost_Pool,0.0979051348005771,200
KRR_Pool,1.605504129752337,200
NN_Pool,3.2901581581240835,200
XGBoost_TLCQM,0.112447902860173,200
KRR_TLCQM,1.6837136467799951,200
NN_TLCQM,0.1497537744155705,200
XGBoost_Target_Only,0.1040817384236745,300
KRR_Target_Only,13.66823193136626,300
NN_Target_Only,1.9359189781196595,300
XGBoost_Pool,0.0978050609063731,300
KRR_Pool,1.5815976219296073,300
NN_Pool,3.297947965413738,300
XGBoost_TLCQM,0.1080666858035548,300
KRR_TLCQM,1.6680624706631155,300
NN_TLCQM,0.1102411478387028,300
XGBoost_Target_Only,0.1025522244292333,500
KRR_Target_Only,8.760099537171271,500
NN_Target_Only,0.3485383310538857,500
XGBoost_Pool,0.0944068445633857,500
KRR_Pool,1.5261397543140196,500
NN_Pool,2.5676735083823874,500
XGBoost_TLCQM,0.106279594140942,500
KRR_TLCQM,1.611400736208485,500
NN_TLCQM,0.1106749387274422,500
TKRR,2.0382682865552173,100
CDAR,5.629115044695264,100
DARC,37.353081788757166,100
VNCD_MDD,0.1561285939881564,100
M3SDA_Reg,0.111581411778588,100
CMSS_Reg,0.1153173972581747,100
TKRR,1.901364495418463,200
CDAR,6.020060759697162,200
DARC,34.44618931489467,200
VNCD_MDD,0.1467024074558689,200
M3SDA_Reg,0.1114211658044064,200
CMSS_Reg,0.1129524319285873,200
TKRR,1.8657311340800036,300
CDAR,5.829600621872959,300
DARC,34.73671539043541,300
VNCD_MDD,0.1346965059675145,300
M3SDA_Reg,0.1160553506542052,300
CMSS_Reg,0.1098837899779617,300
TKRR,1.853821429231248,500
CDAR,5.779082656035143,500
DARC,34.64987064027213,500
VNCD_MDD,0.1227563269847336,500
M3SDA_Reg,0.115956524901741,500
CMSS_Reg,0.108776559176619,500
XGBoost_Target_Only,0.1037170815602687,100
KRR_Target_Only,29.352093583309102,100
NN_Target_Only,19.96340311423089,100
XGBoost_Pool,0.1001776724699761,100
KRR_Pool,1.6178226452816922,100
NN_Pool,5.741217735082306,100
XGBoost_TLCQM,0.102462147379797,100
KRR_TLCQM,1.7255279929377962,100
NN_TLCQM,0.1086230401066126,100
XGBoost_Target_Only,0.100239292566865,200
KRR_Target_Only,19.61273062564336,200
NN_Target_Only,21.121214895836285,200
XGBoost_Pool,0.1000576598190613,200
KRR_Pool,1.6130148098367885,200
NN_Pool,3.677784295531664,200
XGBoost_TLCQM,0.1040541898755349,200
KRR_TLCQM,1.7192392425047989,200
NN_TLCQM,0.1071931245870346,200
XGBoost_Target_Only,0.0967610806272286,300
KRR_Target_Only,14.290737381512104,300
NN_Target_Only,6.811757920106525,300
XGBoost_Pool,0.0988939824864593,300
KRR_Pool,1.44163277549795,300
NN_Pool,6.089024304093753,300
XGBoost_TLCQM,0.1032734767967986,300
KRR_TLCQM,1.5264721906066432,300
NN_TLCQM,0.1141405195158262,300
XGBoost_Target_Only,0.0980689835508671,500
KRR_Target_Only,8.795344100800587,500
NN_Target_Only,0.179831745165279,500
XGBoost_Pool,0.0991953637384036,500
KRR_Pool,1.3918266530924843,500
NN_Pool,3.027174823209464,500
XGBoost_TLCQM,0.1015280025112132,500
KRR_TLCQM,1.4825400771060142,500
NN_TLCQM,0.1167479351765308,500
TKRR,2.1310975951493054,100
CDAR,6.331983378570405,100
DARC,43.28005386021321,100
VNCD_MDD,0.1602284861986996,100
M3SDA_Reg,0.1182057444499905,100
CMSS_Reg,0.1106824244109868,100
TKRR,2.1571092178529465,200
CDAR,5.984246306422263,200
DARC,33.64079168528276,200
VNCD_MDD,0.164273528730269,200
M3SDA_Reg,0.1158300076967542,200
CMSS_Reg,0.1090815345372776,200
TKRR,1.7792226617450917,300
CDAR,5.915800339699008,300
DARC,34.19496912548856,300
VNCD_MDD,0.1537169356962991,300
M3SDA_Reg,0.1205587145747247,300
CMSS_Reg,0.105582920496531,300
TKRR,1.724589202294176,500
CDAR,5.932151324552376,500
DARC,29.188123110127883,500
VNCD_MDD,0.1243975249722517,500
M3SDA_Reg,0.1326219454912845,500
CMSS_Reg,0.1032499948421386,500
XGBoost_Target_Only,0.1200933215024926,100
KRR_Target_Only,30.384867617973168,100
NN_Target_Only,17.34501001547737,100
XGBoost_Pool,0.1002852209742986,100
KRR_Pool,1.6474444023551038,100
NN_Pool,5.766509661481785,100
XGBoost_TLCQM,0.1003081220412604,100
KRR_TLCQM,1.7614254027984553,100
NN_TLCQM,0.1014148834311775,100
XGBoost_Target_Only,0.1157842042855447,200
KRR_Target_Only,19.58408458949359,200
NN_Target_Only,18.43597480539705,200
XGBoost_Pool,0.0983802078504619,200
KRR_Pool,1.6062883629719151,200
NN_Pool,3.645512696380076,200
XGBoost_TLCQM,0.0989575350107649,200
KRR_TLCQM,1.7038245253219304,200
NN_TLCQM,0.1062183885095195,200
XGBoost_Target_Only,0.1076502336862575,300
KRR_Target_Only,14.970313214954736,300
NN_Target_Only,0.3558936061193483,300
XGBoost_Pool,0.0979980757535552,300
KRR_Pool,1.529886646651865,300
NN_Pool,3.1540298804752345,300
XGBoost_TLCQM,0.0991103006825992,300
KRR_TLCQM,1.62407086744022,300
NN_TLCQM,0.1020477717066981,300
XGBoost_Target_Only,0.0961765994999502,500
KRR_Target_Only,9.086220332517794,500
NN_Target_Only,0.2634060693467197,500
XGBoost_Pool,0.0971571028683369,500
KRR_Pool,1.495447410400048,500
NN_Pool,3.5500679819997374,500
XGBoost_TLCQM,0.0992693985975253,500
KRR_TLCQM,1.5773508496592932,500
NN_TLCQM,0.1081417170683501,500
TKRR,2.108622982515965,100
CDAR,5.514368486327248,100
DARC,29.078060060230243,100
VNCD_MDD,0.1682002712253864,100
M3SDA_Reg,0.1249851786240134,100
CMSS_Reg,0.1313738634155875,100
TKRR,1.896765545118272,200
CDAR,5.836266735036458,200
DARC,45.23473799029109,200
VNCD_MDD,0.1379412159027687,200
M3SDA_Reg,0.1206361808512793,200
CMSS_Reg,0.118638598864251,200
TKRR,1.928044580955812,300
CDAR,5.562762633634269,300
DARC,44.66083210318298,300
VNCD_MDD,0.1337901764106554,300
M3SDA_Reg,0.1173652538660067,300
CMSS_Reg,0.1131086250742101,300
TKRR,1.8089432211303025,500
CDAR,5.558509818741161,500
DARC,44.92152685418304,500
VNCD_MDD,0.1433871634978,500
M3SDA_Reg,0.1211499298572316,500
CMSS_Reg,0.1064157977044859,500
XGBoost_Target_Only,0.1231769255621144,100
KRR_Target_Only,29.7719335559237,100
NN_Target_Only,17.312788195696843,100
XGBoost_Pool,0.1010099207357559,100
KRR_Pool,1.64543509276529,100
NN_Pool,5.582212075374732,100
XGBoost_TLCQM,0.1071899390595242,100
KRR_TLCQM,1.7486747302497587,100
NN_TLCQM,0.1464921758956401,100
XGBoost_Target_Only,0.1080646746105796,200
KRR_Target_Only,18.72592094961168,200
NN_Target_Only,18.06183657780553,200
XGBoost_Pool,0.0973373347513232,200
KRR_Pool,1.640394186070354,200
NN_Pool,3.338658119679565,200
XGBoost_TLCQM,0.1103710348490758,200
KRR_TLCQM,1.783430090666411,200
NN_TLCQM,0.1129004405935102,200
XGBoost_Target_Only,0.0991857066417918,300
KRR_Target_Only,13.179701740714156,300
NN_Target_Only,0.5010603641134003,300
XGBoost_Pool,0.0961023880784777,300
KRR_Pool,1.6187388222872734,300
NN_Pool,3.373974788238234,300
XGBoost_TLCQM,0.1017879549902814,300
KRR_TLCQM,1.7162811566257616,300
NN_TLCQM,0.1017977562263795,300
XGBoost_Target_Only,0.101656141019548,500
KRR_Target_Only,8.615353069348965,500
NN_Target_Only,0.8096780022252837,500
XGBoost_Pool,0.0949884777477111,500
KRR_Pool,1.6261257617131322,500
NN_Pool,3.495524937168373,500
XGBoost_TLCQM,0.1066511766537262,500
KRR_TLCQM,1.7295694407006863,500
NN_TLCQM,0.1096904427523239,500
TKRR,2.0557775054691003,100
CDAR,6.235447232287901,100
DARC,19.000074803477503,100
VNCD_MDD,0.1711540686493592,100
M3SDA_Reg,0.111583730176174,100
CMSS_Reg,0.1107665475192596,100
TKRR,2.086899265312385,200
CDAR,6.608660330369013,200
DARC,26.25164718788146,200
VNCD_MDD,0.1808809052735641,200
M3SDA_Reg,0.1131453251584376,200
CMSS_Reg,0.1081886157954097,200
TKRR,1.948834072158856,300
CDAR,6.420363420437899,300
DARC,26.233185995118586,300
VNCD_MDD,0.1856891591825458,300
M3SDA_Reg,0.1106543833308527,300
CMSS_Reg,0.1092700347822545,300
TKRR,1.901027405253672,500
CDAR,6.353120435142819,500
DARC,26.3566776298753,500
VNCD_MDD,0.1349940401599832,500
M3SDA_Reg,0.1149324856399989,500
CMSS_Reg,0.1052879393214165,500
XGBoost_Target_Only,0.1097123310656456,100
KRR_Target_Only,30.430370610816237,100
NN_Target_Only,31.04809364632153,100
XGBoost_Pool,0.1017558888625484,100
KRR_Pool,1.5858505559068563,100
NN_Pool,3.717734620781989,100
XGBoost_TLCQM,0.1107176122220261,100
KRR_TLCQM,1.706128220612923,100
NN_TLCQM,0.1651191470031625,100
XGBoost_Target_Only,0.1037514445564793,200
KRR_Target_Only,21.69246609135219,200
NN_Target_Only,27.14574260191496,200
XGBoost_Pool,0.0972786711000333,200
KRR_Pool,1.5749712679952033,200
NN_Pool,4.814378965537977,200
XGBoost_TLCQM,0.1031604947390608,200
KRR_TLCQM,1.6972733558398412,200
NN_TLCQM,0.1183017135170555,200
XGBoost_Target_Only,0.0981007839375101,300
KRR_Target_Only,14.900913510709564,300
NN_Target_Only,9.773950055734211,300
XGBoost_Pool,0.0970500253101836,300
KRR_Pool,1.5477950065183124,300
NN_Pool,5.67314823541297,300
XGBoost_TLCQM,0.1010730348015843,300
KRR_TLCQM,1.6579344838436925,300
NN_TLCQM,0.1041110310213518,300
XGBoost_Target_Only,0.0915856226010187,500
KRR_Target_Only,9.251487854699432,500
NN_Target_Only,0.2435712940114759,500
XGBoost_Pool,0.0947161436276359,500
KRR_Pool,1.5040155201439886,500
NN_Pool,2.9719116136995085,500
XGBoost_TLCQM,0.1077282687901529,500
KRR_TLCQM,1.6111263737791237,500
NN_TLCQM,0.1146187858889658,500
TKRR,1.8940933779384053,100
CDAR,6.701302556945932,100
DARC,30.961588387185643,100
VNCD_MDD,0.1707328564925897,100
M3SDA_Reg,0.1145246858268494,100
CMSS_Reg,0.115403794638478,100
TKRR,1.897934432940081,200
CDAR,5.924963542179727,200
DARC,31.929044343651736,200
VNCD_MDD,0.1473749914488483,200
M3SDA_Reg,0.1236137053259031,200
CMSS_Reg,0.1092277646184004,200
TKRR,1.8740438335174296,300
CDAR,5.682537145386732,300
DARC,31.899001525635697,300
VNCD_MDD,0.1315684275324926,300
M3SDA_Reg,0.1270107621888908,300
CMSS_Reg,0.1062141079879122,300
TKRR,1.7975985128702088,500
CDAR,5.4664872445284,500
DARC,31.888460822729755,500
VNCD_MDD,0.1267505771439378,500
M3SDA_Reg,0.1229620002271872,500
CMSS_Reg,0.1024814348392874,500
XGBoost_Target_Only,0.1079590591924554,100
KRR_Target_Only,28.25799519691113,100
NN_Target_Only,15.257935983116488,100
XGBoost_Pool,0.1019344946700173,100
KRR_Pool,1.6299421522999815,100
NN_Pool,5.447467092025836,100
XGBoost_TLCQM,0.1028409534321855,100
KRR_TLCQM,1.734484385907756,100
NN_TLCQM,0.1046859062450817,100
XGBoost_Target_Only,0.1088633512643668,200
KRR_Target_Only,18.79077278668,200
NN_Target_Only,16.077842275438563,200
XGBoost_Pool,0.1000635073985862,200
KRR_Pool,1.6370459374111412,200
NN_Pool,3.3453340428299407,200
XGBoost_TLCQM,0.1003288769911906,200
KRR_TLCQM,1.7467870073587757,200
NN_TLCQM,0.1293604245631417,200
XGBoost_Target_Only,0.1113553373473395,300
KRR_Target_Only,13.474291390686384,300
NN_Target_Only,6.841393479599948,300
XGBoost_Pool,0.099807764224641,300
KRR_Pool,1.585468631954827,300
NN_Pool,2.7071038113590733,300
XGBoost_TLCQM,0.1098809016157539,300
KRR_TLCQM,1.6857871632128243,300
NN_TLCQM,0.1081711451779899,300
XGBoost_Target_Only,0.0982090314336287,500
KRR_Target_Only,9.31107468055683,500
NN_Target_Only,0.3123628877566063,500
XGBoost_Pool,0.0978461906557911,500
KRR_Pool,1.5263285467198766,500
NN_Pool,4.413995245389108,500
XGBoost_TLCQM,0.1010330433273331,500
KRR_TLCQM,1.616411944743468,500
NN_TLCQM,0.1045577739024287,500
TKRR,2.3765016069616336,100
CDAR,6.094513337439246,100
DARC,31.540198483184696,100
VNCD_MDD,0.1764347028677268,100
M3SDA_Reg,0.1150753424987333,100
CMSS_Reg,0.1361658897288933,100
TKRR,1.911459232652832,200
CDAR,6.761538664088247,200
DARC,14.6774152851467,200
VNCD_MDD,0.1752035900897953,200
M3SDA_Reg,0.117866729932775,200
CMSS_Reg,0.1269911598154005,200
TKRR,1.840036020069428,300
CDAR,6.357939067844403,300
DARC,32.336352514344235,300
VNCD_MDD,0.1822105396824405,300
M3SDA_Reg,0.1195188537440481,300
CMSS_Reg,0.1214798931704164,300
TKRR,1.8469904048450936,500
CDAR,6.01290739796193,500
DARC,30.649261219512784,500
VNCD_MDD,0.1743607492961906,500
M3SDA_Reg,0.1226085489418173,500
CMSS_Reg,0.110532687172471,500
XGBoost_Target_Only,0.1099315116115578,100
KRR_Target_Only,30.586899459961533,100
NN_Target_Only,20.297798924306008,100
XGBoost_Pool,0.1004441811750071,100
KRR_Pool,1.6494077619298375,100
NN_Pool,3.444355200220026,100
XGBoost_TLCQM,0.104523177981062,100
KRR_TLCQM,1.7788295404249337,100
NN_TLCQM,0.1022284866169551,100
XGBoost_Target_Only,0.0967867319630736,200
KRR_Target_Only,19.29594379998472,200
NN_Target_Only,18.652399132595257,200
XGBoost_Pool,0.1001444513487774,200
KRR_Pool,1.6266973309631167,200
NN_Pool,3.219011040737114,200
XGBoost_TLCQM,0.0992955629685482,200
KRR_TLCQM,1.7372185149653612,200
NN_TLCQM,0.1159868259697564,200
XGBoost_Target_Only,0.1012470715871228,300
KRR_Target_Only,13.930554912079527,300
NN_Target_Only,7.35662352340389,300
XGBoost_Pool,0.0986725657568016,300
KRR_Pool,1.604984246291157,300
NN_Pool,3.391024744486214,300
XGBoost_TLCQM,0.0985879505728528,300
KRR_TLCQM,1.722615494452283,300
NN_TLCQM,0.1087843015660892,300
XGBoost_Target_Only,0.0948986640580712,500
KRR_Target_Only,8.871022171458955,500
NN_Target_Only,0.1239557535559671,500
XGBoost_Pool,0.0982385422208768,500
KRR_Pool,1.4891022577068296,500
NN_Pool,3.5144637188561307,500
XGBoost_TLCQM,0.1010469138958979,500
KRR_TLCQM,1.577479355225965,500
NN_TLCQM,0.1460680670133757,500
TKRR,1.9108042977644877,100
CDAR,5.211616633542003,100
DARC,31.214809521205407,100
VNCD_MDD,0.1709715581771818,100
M3SDA_Reg,0.1125127921222817,100
CMSS_Reg,0.1109451497718284,100
TKRR,1.8910420366427187,200
CDAR,6.763496442214134,200
DARC,25.4677002334178,200
VNCD_MDD,0.1295976056390866,200
M3SDA_Reg,0.1135732316921151,200
CMSS_Reg,0.1062241260113845,200
TKRR,1.8831501463369535,300
CDAR,6.875234556816348,300
DARC,25.76945729991052,300
VNCD_MDD,0.1359532599321161,300
M3SDA_Reg,0.113324925775744,300
CMSS_Reg,0.1029540241619641,300
TKRR,1.771712603490351,500
CDAR,6.580018030069113,500
DARC,26.24382783510962,500
VNCD_MDD,0.123128790449675,500
M3SDA_Reg,0.125710580996977,500
CMSS_Reg,0.1009946079509543,500
XGBoost_Target_Only,0.1195613428220066,100
KRR_Target_Only,30.05074938482525,100
NN_Target_Only,20.124988124324425,100
XGBoost_Pool,0.0988766489594352,100
KRR_Pool,1.558991881093326,100
NN_Pool,5.830405273596706,100
XGBoost_TLCQM,0.1459160691605059,100
KRR_TLCQM,1.761197450283408,100
NN_TLCQM,0.1448576715989877,100
XGBoost_Target_Only,0.102739603920529,200
KRR_Target_Only,18.863571169432618,200
NN_Target_Only,18.89588041003144,200
XGBoost_Pool,0.0994082880483103,200
KRR_Pool,1.5388293827884263,200
NN_Pool,3.645293953375063,200
XGBoost_TLCQM,0.1135000101492344,200
KRR_TLCQM,1.6722334057886206,200
NN_TLCQM,0.1119708513580995,200
XGBoost_Target_Only,0.1014379307415287,300
KRR_Target_Only,14.918605832676723,300
NN_Target_Only,0.3136813446351036,300
XGBoost_Pool,0.0990451789600831,300
KRR_Pool,1.5126118133411792,300
NN_Pool,3.42339062469175,300
XGBoost_TLCQM,0.1098630632775347,300
KRR_TLCQM,1.5913653189061705,300
NN_TLCQM,0.1259520409970453,300
XGBoost_Target_Only,0.0952884951104374,500
KRR_Target_Only,8.898863271596637,500
NN_Target_Only,0.2098787381603394,500
XGBoost_Pool,0.0963204499743817,500
KRR_Pool,1.4831887562491892,500
NN_Pool,3.2244962800950923,500
XGBoost_TLCQM,0.0995251771755657,500
KRR_TLCQM,1.5655844445194242,500
NN_TLCQM,0.1174769527150902,500
TKRR,1.8828142637192389,100
CDAR,5.521511595037846,100
DARC,19.63077930676622,100
VNCD_MDD,0.1600895267547072,100
M3SDA_Reg,0.1108575996859003,100
CMSS_Reg,0.123135519257408,100
TKRR,1.8856779647535795,200
CDAR,6.341002735814434,200
DARC,32.76428817862709,200
VNCD_MDD,0.1542351449852451,200
M3SDA_Reg,0.1106291292077881,200
CMSS_Reg,0.1112308546173302,200
TKRR,1.832840429687325,300
CDAR,6.256146693848061,300
DARC,33.13980690890447,300
VNCD_MDD,0.1540372422617253,300
M3SDA_Reg,0.1152291511208652,300
CMSS_Reg,0.1098204015663085,300
TKRR,1.858053703508208,500
CDAR,6.349733868730729,500
DARC,33.21334696011971,500
VNCD_MDD,0.1349766154959402,500
M3SDA_Reg,0.114466334266937,500
CMSS_Reg,0.1063701120128334,500
XGBoost_Target_Only,0.1145823123600515,100
KRR_Target_Only,29.5931493967064,100
NN_Target_Only,20.31919859374169,100
XGBoost_Pool,0.0986963189536756,100
KRR_Pool,1.6159525290685477,100
NN_Pool,5.57795008701458,100
XGBoost_TLCQM,0.1197225398447825,100
KRR_TLCQM,1.7495624591173342,100
NN_TLCQM,0.1223665774648224,100
XGBoost_Target_Only,0.1049837968480066,200
KRR_Target_Only,21.16916655038898,200
NN_Target_Only,22.92550817580689,200
XGBoost_Pool,0.0996347389528578,200
KRR_Pool,1.5609676678907602,200
NN_Pool,3.137313344492297,200
XGBoost_TLCQM,0.1090291973212546,200
KRR_TLCQM,1.6593879502655235,200
NN_TLCQM,0.2307989567579516,200
XGBoost_Target_Only,0.0988679803399132,300
KRR_Target_Only,15.613709049971268,300
NN_Target_Only,6.841587211274862,300
XGBoost_Pool,0.0971382694714586,300
KRR_Pool,1.5622129069747557,300
NN_Pool,3.475601494958815,300
XGBoost_TLCQM,0.1094226720319282,300
KRR_TLCQM,1.6591154738396083,300
NN_TLCQM,0.1568389890577271,300
XGBoost_Target_Only,0.0941813274999708,500
KRR_Target_Only,9.218543673683408,500
NN_Target_Only,0.520018097549377,500
XGBoost_Pool,0.0942312056705501,500
KRR_Pool,1.501246979060932,500
NN_Pool,3.668657216592896,500
XGBoost_TLCQM,0.1079885545004412,500
KRR_TLCQM,1.5699904686647397,500
NN_TLCQM,0.1189215814888831,500
TKRR,1.8719083216006576,100
CDAR,5.828922590150972,100
DARC,27.879516850974213,100
VNCD_MDD,0.184091747984904,100
M3SDA_Reg,0.11504104078455,100
CMSS_Reg,0.1141603165913461,100
TKRR,1.8325944716136184,200
CDAR,5.547985641953408,200
DARC,30.194236918715045,200
VNCD_MDD,0.1789058904992388,200
M3SDA_Reg,0.1175465459204876,200
CMSS_Reg,0.1147691706633345,200
TKRR,1.8640192472421464,300
CDAR,5.548448754036626,300
DARC,30.15164741040988,300
VNCD_MDD,0.1738133801006484,300
M3SDA_Reg,0.1150408498104978,300
CMSS_Reg,0.104210653914072,300
TKRR,1.8092911186398497,500
CDAR,5.546852260630608,500
DARC,30.026483328336944,500
VNCD_MDD,0.146157550197326,500
M3SDA_Reg,0.1092179194046397,500
CMSS_Reg,0.1026912524288022,500
XGBoost_Target_Only,0.124283097521269,100
KRR_Target_Only,29.568420586227894,100
NN_Target_Only,20.539882784458136,100
XGBoost_Pool,0.0988928471390644,100
KRR_Pool,1.6030501059613451,100
NN_Pool,5.292476232637617,100
XGBoost_TLCQM,0.1165264397305177,100
KRR_TLCQM,1.6877133120669356,100
NN_TLCQM,0.1199900850663632,100
XGBoost_Target_Only,0.1127476741821983,200
KRR_Target_Only,19.14842094366932,200
NN_Target_Only,20.893899341899186,200
XGBoost_Pool,0.0998313842991746,200
KRR_Pool,1.5706651501245423,200
NN_Pool,3.4507154036011545,200
XGBoost_TLCQM,0.1028458628114753,200
KRR_TLCQM,1.6436289616595816,200
NN_TLCQM,0.1029618766597114,200
XGBoost_Target_Only,0.1104556397888972,300
KRR_Target_Only,13.627103254111876,300
NN_Target_Only,6.336031200573881,300
XGBoost_Pool,0.0979479381633052,300
KRR_Pool,1.5414838446229306,300
NN_Pool,5.428390126558095,300
XGBoost_TLCQM,0.106384868400387,300
KRR_TLCQM,1.6058372167886463,300
NN_TLCQM,0.1074712528839867,300
XGBoost_Target_Only,0.0985770215131073,500
KRR_Target_Only,8.513873792462991,500
NN_Target_Only,0.5469833161859292,500
XGBoost_Pool,0.0936771538753158,500
KRR_Pool,1.5595664804816487,500
NN_Pool,3.4701244143977727,500
XGBoost_TLCQM,0.1006538227858814,500
KRR_TLCQM,1.6278336527934043,500
NN_TLCQM,0.1089854781464645,500
TKRR,1.880726094971913,100
CDAR,54.93267487175779,100
DARC,36.00292477153713,100
VNCD_MDD,0.1652653733346127,100
M3SDA_Reg,0.1180768952989626,100
CMSS_Reg,0.1228300428006232,100
TKRR,1.876633377174668,200
CDAR,6.109087469913873,200
DARC,35.83721343973565,200
VNCD_MDD,0.1416982493494404,200
M3SDA_Reg,0.1181780496594099,200
CMSS_Reg,0.1161654806544112,200
TKRR,1.886344097232679,300
CDAR,6.102551342784683,300
DARC,35.89282072692479,300
VNCD_MDD,0.1286886311492443,300
M3SDA_Reg,0.1164204651596624,300
CMSS_Reg,0.1140375171038175,300
TKRR,1.920408964460428,500
CDAR,6.18491496192705,500
DARC,35.93090027354925,500
VNCD_MDD,0.1283931934664432,500
M3SDA_Reg,0.121986127859129,500
CMSS_Reg,0.1064510250856906,500
XGBoost_Target_Only,0.1364144182843001,100
KRR_Target_Only,28.883481379201164,100
NN_Target_Only,21.650274360611785,100
XGBoost_Pool,0.1013017345788492,100
KRR_Pool,1.5883967875425395,100
NN_Pool,5.725690475025431,100
XGBoost_TLCQM,0.1128899192401817,100
KRR_TLCQM,1.6913035121544489,100
NN_TLCQM,0.1114884969633573,100
XGBoost_Target_Only,0.1097319094042211,200
KRR_Target_Only,19.06150600326386,200
NN_Target_Only,21.04887908925359,200
XGBoost_Pool,0.099679317003653,200
KRR_Pool,1.5932841088938172,200
NN_Pool,6.797721872214628,200
XGBoost_TLCQM,0.1089981838124636,200
KRR_TLCQM,1.681674017977742,200
NN_TLCQM,0.1590418186885594,200
XGBoost_Target_Only,0.1038717843527842,300
KRR_Target_Only,13.808538558623203,300
NN_Target_Only,1.193533784294181,300
XGBoost_Pool,0.0971931156873686,300
KRR_Pool,1.559172847758143,300
NN_Pool,3.46851959351392,300
XGBoost_TLCQM,0.1056280596747539,300
KRR_TLCQM,1.6475095397271515,300
NN_TLCQM,0.1094868256904094,300
XGBoost_Target_Only,0.101949774433085,500
KRR_Target_Only,8.955733980445276,500
NN_Target_Only,0.3763954562312124,500
XGBoost_Pool,0.0971864512855045,500
KRR_Pool,1.46432949858092,500
NN_Pool,3.172514625551838,500
XGBoost_TLCQM,0.1052345740785125,500
KRR_TLCQM,1.564629035519743,500
NN_TLCQM,0.1180153652919572,500
TKRR,1.847894013135912,100
CDAR,5.798862939200414,100
DARC,23.34109893803045,100
VNCD_MDD,0.1724598410858312,100
M3SDA_Reg,0.1183563869739739,100
CMSS_Reg,0.1108467123003461,100
TKRR,1.874942357015007,200
CDAR,52.55628551405603,200
DARC,32.31752862021255,200
VNCD_MDD,0.1338572476778336,200
M3SDA_Reg,0.1209050899988698,200
CMSS_Reg,0.1121428948205423,200
TKRR,1.8341828787110837,300
CDAR,52.558048544124894,300
DARC,34.84128661232561,300
VNCD_MDD,0.1364640720600769,300
M3SDA_Reg,0.1237009252571705,300
CMSS_Reg,0.1123113046465051,300
TKRR,1.9723765287454789,500
CDAR,52.56593372727207,500
DARC,35.84124653851723,500
VNCD_MDD,0.1189773207041048,500
M3SDA_Reg,0.1205358434283491,500
CMSS_Reg,0.1041706052411394,500
XGBoost_Target_Only,0.1186056336463827,100
KRR_Target_Only,29.769733063683454,100
NN_Target_Only,17.503487002791157,100
XGBoost_Pool,0.1003393041697045,100
KRR_Pool,1.6662270150804543,100
NN_Pool,5.297503457383955,100
XGBoost_TLCQM,0.104205199363078,100
KRR_TLCQM,1.8154860807264168,100
NN_TLCQM,0.1063254716834047,100
XGBoost_Target_Only,0.1055114341453289,200
KRR_Target_Only,19.17181520692059,200
NN_Target_Only,20.675061519406885,200
XGBoost_Pool,0.0999493765477356,200
KRR_Pool,1.648420310821378,200
NN_Pool,3.66592121161098,200
XGBoost_TLCQM,0.1005538813107552,200
KRR_TLCQM,1.772564752610465,200
NN_TLCQM,0.1062188666493898,200
XGBoost_Target_Only,0.1158097224217698,300
KRR_Target_Only,13.85288669384872,300
NN_Target_Only,0.3413314980986577,300
XGBoost_Pool,0.0982368696688045,300
KRR_Pool,1.5928662988829818,300
NN_Pool,3.2401229573599077,300
XGBoost_TLCQM,0.1023274807050406,300
KRR_TLCQM,1.7192129318834646,300
NN_TLCQM,0.1243247334350961,300
XGBoost_Target_Only,0.0932481194059049,500
KRR_Target_Only,8.761519687998279,500
NN_Target_Only,6.839991176236726,500
XGBoost_Pool,0.0964671597965941,500
KRR_Pool,1.4535432427117725,500
NN_Pool,4.319845959082426,500
XGBoost_TLCQM,0.1006445921322556,500
KRR_TLCQM,1.5713387228510582,500
NN_TLCQM,0.1089904388473797,500
TKRR,1.923429007512813,100
CDAR,5.807028072181054,100
DARC,4.52233235401893,100
VNCD_MDD,0.1994448391218343,100
M3SDA_Reg,0.1119958860442416,100
CMSS_Reg,0.1236082979818611,100
TKRR,1.9017353152712,200
CDAR,6.373167917533468,200
DARC,35.42623015692553,200
VNCD_MDD,0.1488028378016618,200
M3SDA_Reg,0.1137841994495881,200
CMSS_Reg,0.1156602368797165,200
TKRR,1.8561050170444409,300
CDAR,6.389039188470288,300
DARC,35.1590043664238,300
VNCD_MDD,0.1454349139977112,300
M3SDA_Reg,0.1169780974735254,300
CMSS_Reg,0.1093469160736247,300
TKRR,1.767971321800016,500
CDAR,6.3089505748263575,500
DARC,35.31906135673901,500
VNCD_MDD,0.1252452434957209,500
M3SDA_Reg,0.1225398591878915,500
CMSS_Reg,0.1031711158943478,500
XGBoost_Target_Only,0.1191522390266387,100
KRR_Target_Only,28.50998354724797,100
NN_Target_Only,21.75446914269667,100
XGBoost_Pool,0.1035492445767739,100
KRR_Pool,1.6420618950555583,100
NN_Pool,3.4738568900660862,100
XGBoost_TLCQM,0.1160227501894648,100
KRR_TLCQM,1.738777998224614,100
NN_TLCQM,0.2461994169313759,100
XGBoost_Target_Only,0.1009539649306619,200
KRR_Target_Only,18.532984973799824,200
NN_Target_Only,20.98209773255765,200
XGBoost_Pool,0.1007118125516723,200
KRR_Pool,1.622860695006166,200
NN_Pool,3.384366719211472,200
XGBoost_TLCQM,0.1103303479309081,200
KRR_TLCQM,1.713588142613426,200
NN_TLCQM,0.4612395042388716,200
XGBoost_Target_Only,0.0986983782544956,300
KRR_Target_Only,12.7238905963442,300
NN_Target_Only,13.767936751027378,300
XGBoost_Pool,0.0974233354101186,300
KRR_Pool,1.5295287061895064,300
NN_Pool,3.2017643379226164,300
XGBoost_TLCQM,0.103842678356162,300
KRR_TLCQM,1.6313241034622803,300
NN_TLCQM,0.3513587470304069,300
XGBoost_Target_Only,0.0938377885800376,500
KRR_Target_Only,7.881057407835026,500
NN_Target_Only,1.3320577683381143,500
XGBoost_Pool,0.0950276502428222,500
KRR_Pool,1.4002614770479134,500
NN_Pool,3.120391004894496,500
XGBoost_TLCQM,0.1031472300849391,500
KRR_TLCQM,1.4943054246408995,500
NN_TLCQM,0.1188956814503236,500
TKRR,1.9552743075509085,100
CDAR,52.88784963389515,100
DARC,28.957689976090155,100
VNCD_MDD,0.1622885656158458,100
M3SDA_Reg,0.1106535613619962,100
CMSS_Reg,0.1092778122240353,100
TKRR,1.9131003361995051,200
CDAR,5.351918952581059,200
DARC,30.25792484737892,200
VNCD_MDD,0.1509441736847106,200
M3SDA_Reg,0.1106833195238403,200
CMSS_Reg,0.1075034893672353,200
TKRR,1.903430955473186,300
CDAR,5.3031346347139845,300
DARC,28.97536500487255,300
VNCD_MDD,0.1523210125137163,300
M3SDA_Reg,0.1149682507985627,300
CMSS_Reg,0.1021993764768804,300
TKRR,1.788279544173994,500
CDAR,5.302526546686908,500
DARC,29.369399298148423,500
VNCD_MDD,0.1294832324221142,500
M3SDA_Reg,0.1170394345809402,500
CMSS_Reg,0.1027787456565873,500
XGBoost_Target_Only,0.1150667602169376,100
KRR_Target_Only,30.048057764282014,100
NN_Target_Only,23.515410057393968,100
XGBoost_Pool,0.0991222629473643,100
KRR_Pool,1.6108577448271264,100
NN_Pool,3.300573895420785,100
XGBoost_TLCQM,0.1042669189726643,100
KRR_TLCQM,1.7651690470582595,100
NN_TLCQM,0.1050558858045293,100
XGBoost_Target_Only,0.1165313520360985,200
KRR_Target_Only,19.56835256292037,200
NN_Target_Only,23.40009725004098,200
XGBoost_Pool,0.0997274299026291,200
KRR_Pool,1.5753268622100045,200
NN_Pool,3.79344579965894,200
XGBoost_TLCQM,0.1029940564751386,200
KRR_TLCQM,1.7321366757795509,200
NN_TLCQM,0.104595756615024,200
XGBoost_Target_Only,0.1056009426284202,300
KRR_Target_Only,14.605221846331077,300
NN_Target_Only,6.668513970679687,300
XGBoost_Pool,0.1009957571407107,300
KRR_Pool,1.529475306093959,300
NN_Pool,4.293882654570693,300
XGBoost_TLCQM,0.1042874879794338,300
KRR_TLCQM,1.669623238041811,300
NN_TLCQM,0.10500853729709,300
XGBoost_Target_Only,0.1041471320973467,500
KRR_Target_Only,9.140888779537365,500
NN_Target_Only,0.8234365574862377,500
XGBoost_Pool,0.0990012565462114,500
KRR_Pool,1.5272323888504475,500
NN_Pool,3.4413039672983645,500
XGBoost_TLCQM,0.1011767427208259,500
KRR_TLCQM,1.6417945320606733,500
NN_TLCQM,0.1091306761857835,500
TKRR,2.843210583559403,100
CDAR,5.932855049780734,100
DARC,36.010945408181136,100
VNCD_MDD,0.152806520643243,100
M3SDA_Reg,0.1237925786722949,100
CMSS_Reg,0.1219413218806422,100
TKRR,1.8573220435606743,200
CDAR,5.670735683620767,200
DARC,35.29897861338716,200
VNCD_MDD,0.1587484376170174,200
M3SDA_Reg,0.1212570826981554,200
CMSS_Reg,0.1144728362022698,200
TKRR,1.8181843826116932,300
CDAR,5.80217521888028,300
DARC,34.5218907880746,300
VNCD_MDD,0.1342747899409179,300
M3SDA_Reg,0.1236654891181211,300
CMSS_Reg,0.1128966219454857,300
TKRR,1.817691044518678,500
CDAR,5.565892054814159,500
DARC,34.415710293249326,500
VNCD_MDD,0.1293455175142122,500
M3SDA_Reg,0.1219534747895634,500
CMSS_Reg,0.1111636090972517,500
XGBoost_Target_Only,0.123463218150567,100
KRR_Target_Only,30.24314704100803,100
NN_Target_Only,21.7864028701592,100
XGBoost_Pool,0.1008045888268188,100
KRR_Pool,1.5685715885988571,100
NN_Pool,5.535085059464405,100
XGBoost_TLCQM,0.0981975016280957,100
KRR_TLCQM,1.6846187179732772,100
NN_TLCQM,0.1228983423300405,100
XGBoost_Target_Only,0.1034340276009505,200
KRR_Target_Only,20.438188412062072,200
NN_Target_Only,23.09972215384603,200
XGBoost_Pool,0.1002062861425014,200
KRR_Pool,1.506085655731727,200
NN_Pool,4.799534331616916,200
XGBoost_TLCQM,0.1001193865120239,200
KRR_TLCQM,1.6092596518659126,200
NN_TLCQM,0.1058564983955726,200
XGBoost_Target_Only,0.1036902828174139,300
KRR_Target_Only,14.470219068150191,300
NN_Target_Only,0.4162717422171734,300
XGBoost_Pool,0.0980251298504694,300
KRR_Pool,1.4997615641522164,300
NN_Pool,3.285150148350908,300
XGBoost_TLCQM,0.1001074465947854,300
KRR_TLCQM,1.6063589438011872,300
NN_TLCQM,0.1141056904494444,300
XGBoost_Target_Only,0.0989549682423287,500
KRR_Target_Only,8.632632874298626,500
NN_Target_Only,0.2494807187239054,500
XGBoost_Pool,0.0985868810170148,500
KRR_Pool,1.4794593439162078,500
NN_Pool,3.0406238930281084,500
XGBoost_TLCQM,0.1006142903130479,500
KRR_TLCQM,1.5824000504001712,500
NN_TLCQM,0.1464442214998657,500
TKRR,1.8709662640867624,100
CDAR,6.186701499855341,100
DARC,28.057224941906902,100
VNCD_MDD,0.1719606267949437,100
M3SDA_Reg,0.1215687140976385,100
CMSS_Reg,0.1131618490531999,100
TKRR,1.8274682403732567,200
CDAR,5.776563647026058,200
DARC,30.11918717003732,200
VNCD_MDD,0.1434760383551897,200
M3SDA_Reg,0.1257771846856589,200
CMSS_Reg,0.1118101072097496,200
TKRR,1.7760640851433245,300
CDAR,5.784383899009002,300
DARC,30.11704982360772,300
VNCD_MDD,0.1553875552515329,300
M3SDA_Reg,0.1209348360037005,300
CMSS_Reg,0.1105357568718313,300
TKRR,1.767458721328025,500
CDAR,5.747683294014086,500
DARC,29.93408152982269,500
VNCD_MDD,0.1321870746019376,500
M3SDA_Reg,0.1237316433344338,500
CMSS_Reg,0.1043202783565197,500
XGBoost_Target_Only,0.1066703301154239,100
KRR_Target_Only,28.58530197107992,100
NN_Target_Only,24.69138154404614,100
XGBoost_Pool,0.1015391865541875,100
KRR_Pool,1.5861471774481035,100
NN_Pool,5.623368940067825,100
XGBoost_TLCQM,0.1064189643435507,100
KRR_TLCQM,1.6881121386851432,100
NN_TLCQM,0.1369301208572146,100
XGBoost_Target_Only,0.1018975252370112,200
KRR_Target_Only,20.251086114185977,200
NN_Target_Only,21.3723992053286,200
XGBoost_Pool,0.1007471101306639,200
KRR_Pool,1.5621100689904768,200
NN_Pool,3.594427757508891,200
XGBoost_TLCQM,0.1039888597725521,200
KRR_TLCQM,1.677203367914192,200
NN_TLCQM,0.107878099789838,200
XGBoost_Target_Only,0.1016574283120264,300
KRR_Target_Only,15.21124776394696,300
NN_Target_Only,0.3288301041139386,300
XGBoost_Pool,0.1001610198862,300
KRR_Pool,1.5251278872559233,300
NN_Pool,3.5044939219990727,300
XGBoost_TLCQM,0.1020401149763112,300
KRR_TLCQM,1.636177434216474,300
NN_TLCQM,0.1064532717076735,300
XGBoost_Target_Only,0.0972073340596542,500
KRR_Target_Only,9.311234500870956,500
NN_Target_Only,0.9383741875886754,500
XGBoost_Pool,0.0971994011875525,500
KRR_Pool,1.484752244474688,500
NN_Pool,3.2402290942250205,500
XGBoost_TLCQM,0.0987634482447679,500
KRR_TLCQM,1.5922757512980803,500
NN_TLCQM,0.1050179864183461,500
TKRR,1.8931543203652503,100
CDAR,5.287379694706845,100
DARC,19.68202218209575,100
VNCD_MDD,0.1960063482352162,100
M3SDA_Reg,0.1221751931293031,100
CMSS_Reg,0.107448393640084,100
TKRR,1.8743051088576648,200
CDAR,6.345931806971065,200
DARC,32.02784494979645,200
VNCD_MDD,0.1457362876263945,200
M3SDA_Reg,0.1194731819468142,200
CMSS_Reg,0.1050855213103225,200
TKRR,1.8667683575991212,300
CDAR,6.361505935373084,300
DARC,32.35138558180472,300
VNCD_MDD,0.1464812863346286,300
M3SDA_Reg,0.117859100043376,300
CMSS_Reg,0.1052780851409093,300
TKRR,1.828733830388536,500
CDAR,6.247756206570102,500
DARC,34.24023128503095,500
VNCD_MDD,0.1427937424832751,500
M3SDA_Reg,0.1220482608120164,500
CMSS_Reg,0.1016249785645938,500
XGBoost_Target_Only,0.1235966260830693,100
KRR_Target_Only,30.56543166593985,100
NN_Target_Only,19.547241839953557,100
XGBoost_Pool,0.1013842189971007,100
KRR_Pool,1.6156792152788626,100
NN_Pool,3.4172823873622376,100
XGBoost_TLCQM,0.1014582849731211,100
KRR_TLCQM,1.7446418955955008,100
NN_TLCQM,0.6499339616816641,100
XGBoost_Target_Only,0.1101922185742181,200
KRR_Target_Only,18.81188918195092,200
NN_Target_Only,18.99866944339937,200
XGBoost_Pool,0.1006087426960727,200
KRR_Pool,1.6144329256550451,200
NN_Pool,7.115919678333159,200
XGBoost_TLCQM,0.1058404625729518,200
KRR_TLCQM,1.7407754112704688,200
NN_TLCQM,0.1891957842135168,200
XGBoost_Target_Only,0.1009588240455673,300
KRR_Target_Only,13.07596050210329,300
NN_Target_Only,0.4566993067101709,300
XGBoost_Pool,0.0975123013969957,300
KRR_Pool,1.5470880407828198,300
NN_Pool,3.343115824278022,300
XGBoost_TLCQM,0.1060291012042403,300
KRR_TLCQM,1.685186990885991,300
NN_TLCQM,0.21002601490365,300
XGBoost_Target_Only,0.0954709884387544,500
KRR_Target_Only,8.528892458790903,500
NN_Target_Only,6.737863603662901,500
XGBoost_Pool,0.0966592605926887,500
KRR_Pool,1.5351606683660628,500
NN_Pool,4.430519238619691,500
XGBoost_TLCQM,0.098907313179033,500
KRR_TLCQM,1.6329266300232568,500
NN_TLCQM,0.1252250524456076,500
TKRR,1.888117205076004,100
CDAR,6.113183428133817,100
DARC,28.413655662151967,100
VNCD_MDD,0.153020628508241,100
M3SDA_Reg,0.1078855102486664,100
CMSS_Reg,0.1194768663423304,100
TKRR,1.883432562232191,200
CDAR,6.12413171671008,200
DARC,24.38912474010418,200
VNCD_MDD,0.1442834304887946,200
M3SDA_Reg,0.1099725108550087,200
CMSS_Reg,0.1139067631828918,200
TKRR,1.865884864616753,300
CDAR,6.135146113246639,300
DARC,24.909593647061115,300
VNCD_MDD,0.1390949057169708,300
M3SDA_Reg,0.1118482630408337,300
CMSS_Reg,0.1090856028962256,300
TKRR,1.7941984920985268,500
CDAR,5.985943175527426,500
DARC,24.407764651159795,500
VNCD_MDD,0.1236553737902983,500
M3SDA_Reg,0.1212242392657666,500
CMSS_Reg,0.1061170520861601,500
XGBoost_Target_Only,0.109568254723869,100
KRR_Target_Only,29.047817337060422,100
NN_Target_Only,22.89975064767331,100
XGBoost_Pool,0.0971913868980104,100
KRR_Pool,1.6199344555600936,100
NN_Pool,5.263563613534132,100
XGBoost_TLCQM,0.109153995000193,100
KRR_TLCQM,1.7283355078961964,100
NN_TLCQM,0.1303418608893713,100
XGBoost_Target_Only,0.108167631818831,200
KRR_Target_Only,19.408948510900643,200
NN_Target_Only,21.27301720277271,200
XGBoost_Pool,0.0971251109079708,200
KRR_Pool,1.6118574003218735,200
NN_Pool,3.411016494198194,200
XGBoost_TLCQM,0.1069686848739774,200
KRR_TLCQM,1.7177293825703486,200
NN_TLCQM,0.1098657208748946,200
XGBoost_Target_Only,0.099533060080573,300
KRR_Target_Only,13.018869350659829,300
NN_Target_Only,14.503526991554937,300
XGBoost_Pool,0.0983613236300459,300
KRR_Pool,1.575733912352395,300
NN_Pool,3.3404508337640646,300
XGBoost_TLCQM,0.106044242929368,300
KRR_TLCQM,1.674331311313078,300
NN_TLCQM,0.1172181335720803,300
XGBoost_Target_Only,0.0988635579784255,500
KRR_Target_Only,8.311558769432871,500
NN_Target_Only,0.1581916789677692,500
XGBoost_Pool,0.0957433423647451,500
KRR_Pool,1.551797473733138,500
NN_Pool,3.654825373145969,500
XGBoost_TLCQM,0.1083217473871812,500
KRR_TLCQM,1.64706319533029,500
NN_TLCQM,0.1141807260439818,500
TKRR,1.8900283683210084,100
CDAR,5.238045455171761,100
DARC,31.20269716005824,100
VNCD_MDD,0.1599143355904068,100
M3SDA_Reg,0.1105061002146025,100
CMSS_Reg,0.1125574282985511,100
TKRR,1.881644038393334,200
CDAR,5.11526535981468,200
DARC,25.15599793286282,200
VNCD_MDD,0.1238485014874447,200
M3SDA_Reg,0.1127781668859233,200
CMSS_Reg,0.1042848622085965,200
TKRR,1.879562334537273,300
CDAR,5.105841736982563,300
DARC,25.237892015048164,300
VNCD_MDD,0.1340246087290098,300
M3SDA_Reg,0.1194232656717273,300
CMSS_Reg,0.1036117706284373,300
TKRR,1.902973722041464,500
CDAR,5.1662628642394175,500
DARC,25.80933904742133,500
VNCD_MDD,0.1258610525254067,500
M3SDA_Reg,0.1165216470692043,500
CMSS_Reg,0.1034085691879818,500
XGBoost_Target_Only,0.1103446640131606,100
KRR_Target_Only,28.769044043829552,100
NN_Target_Only,20.44069974459325,100
XGBoost_Pool,0.0991113766618566,100
KRR_Pool,1.5991072163056212,100
NN_Pool,5.717577129973913,100
XGBoost_TLCQM,0.1113506352316377,100
KRR_TLCQM,1.7016883909215246,100
NN_TLCQM,0.1138980128818449,100
XGBoost_Target_Only,0.1053081770358973,200
KRR_Target_Only,19.965109240230856,200
NN_Target_Only,21.52324786366988,200
XGBoost_Pool,0.0990956058916747,200
KRR_Pool,1.5826427678652428,200
NN_Pool,3.3284766896578843,200
XGBoost_TLCQM,0.1107499697877272,200
KRR_TLCQM,1.6733381773273013,200
NN_TLCQM,0.1514027694453022,200
XGBoost_Target_Only,0.1061203692006479,300
KRR_Target_Only,14.029166307853826,300
NN_Target_Only,7.253405395283605,300
XGBoost_Pool,0.0956714258453972,300
KRR_Pool,1.5725911463054223,300
NN_Pool,2.407251262622513,300
XGBoost_TLCQM,0.1063293471129976,300
KRR_TLCQM,1.653097206705054,300
NN_TLCQM,0.1227218978806415,300
XGBoost_Target_Only,0.0948209424835861,500
KRR_Target_Only,9.03324094640002,500
NN_Target_Only,7.363765156378147,500
XGBoost_Pool,0.0938658117799433,500
KRR_Pool,1.5244609895075472,500
NN_Pool,3.0642054539641337,500
XGBoost_TLCQM,0.1055405855049222,500
KRR_TLCQM,1.613765774857344,500
NN_TLCQM,0.1190709975258451,500
TKRR,1.871874269169523,100
CDAR,5.416294357631826,100
DARC,28.66936343144029,100
VNCD_MDD,0.1680532072935386,100
M3SDA_Reg,0.1110760223068211,100
CMSS_Reg,0.1195214225150987,100
TKRR,1.8479519136156817,200
CDAR,5.979528399708226,200
DARC,32.811420212424395,200
VNCD_MDD,0.1602774460939446,200
M3SDA_Reg,0.1120616561733087,200
CMSS_Reg,0.1162061265536789,200
TKRR,1.85190345585304,300
CDAR,6.085015384298353,300
DARC,32.85766438560355,300
VNCD_MDD,0.1457895074509193,300
M3SDA_Reg,0.1131361431367856,300
CMSS_Reg,0.1082670375378526,300
TKRR,1.7718625409854576,500
CDAR,6.09691021375136,500
DARC,32.80878656703127,500
VNCD_MDD,0.1376735070286155,500
M3SDA_Reg,0.1097147982151983,500
CMSS_Reg,0.100391829854568,500
XGBoost_Target_Only,0.1109098936383793,100
KRR_Target_Only,30.51997072249061,100
NN_Target_Only,25.979345860184907,100
XGBoost_Pool,0.0990772701301884,100
KRR_Pool,1.5940912275544272,100
NN_Pool,5.707248845693688,100
XGBoost_TLCQM,0.1013239030539805,100
KRR_TLCQM,1.7065243692561294,100
NN_TLCQM,0.1017323000738148,100
XGBoost_Target_Only,0.1067944987718094,200
KRR_Target_Only,21.52588620032037,200
NN_Target_Only,23.64226788527729,200
XGBoost_Pool,0.0996569049693072,200
KRR_Pool,1.589379261531005,200
NN_Pool,3.529760725372036,200
XGBoost_TLCQM,0.1015317867716102,200
KRR_TLCQM,1.7081874862748203,200
NN_TLCQM,0.4287109049608189,200
XGBoost_Target_Only,0.1113579078600036,300
KRR_Target_Only,14.245405647686349,300
NN_Target_Only,0.2343139742732032,300
XGBoost_Pool,0.0979417241893415,300
KRR_Pool,1.5856734108486352,300
NN_Pool,3.216070085658856,300
XGBoost_TLCQM,0.1029464605238817,300
KRR_TLCQM,1.7072584077626851,300
NN_TLCQM,0.1085130301828544,300
XGBoost_Target_Only,0.0936571815312991,500
KRR_Target_Only,9.513685687744434,500
NN_Target_Only,0.1502784162302667,500
XGBoost_Pool,0.0971727092219624,500
KRR_Pool,1.561251890007616,500
NN_Pool,3.081384180936088,500
XGBoost_TLCQM,0.1002330125046522,500
KRR_TLCQM,1.6731229901865885,500
NN_TLCQM,0.1354675781313797,500
TKRR,1.9328270885630872,100
CDAR,5.503505761890222,100
DARC,26.93831992517523,100
VNCD_MDD,0.1682909562000656,100
M3SDA_Reg,0.1160622865768849,100
CMSS_Reg,0.1113833505415523,100
TKRR,1.8694038081493016,200
CDAR,5.687659684393584,200
DARC,24.927375517391567,200
VNCD_MDD,0.1510779709822186,200
M3SDA_Reg,0.1155711812644165,200
CMSS_Reg,0.1110071829350126,200
TKRR,1.9494323032033505,300
CDAR,5.721615309363972,300
DARC,25.164231693983,300
VNCD_MDD,0.1435649864166668,300
M3SDA_Reg,0.1181920026310713,300
CMSS_Reg,0.111614162727217,300
TKRR,1.8904780730272697,500
CDAR,5.788620712302111,500
DARC,25.27625260744868,500
VNCD_MDD,0.1363268847866542,500
M3SDA_Reg,0.1182891194871845,500
CMSS_Reg,0.1056570131216861,500
XGBoost_Target_Only,0.1315262577906998,100
KRR_Target_Only,29.48200126348012,100
NN_Target_Only,18.33867355486155,100
XGBoost_Pool,0.1029630958258651,100
KRR_Pool,1.6206046540415089,100
NN_Pool,5.777535679764744,100
XGBoost_TLCQM,0.1056953604347657,100
KRR_TLCQM,1.7350542908446789,100
NN_TLCQM,0.175902719764936,100
XGBoost_Target_Only,0.1165907319058784,200
KRR_Target_Only,19.651034229747022,200
NN_Target_Only,19.821725380606672,200
XGBoost_Pool,0.1009825274163092,200
KRR_Pool,1.6064015302478516,200
NN_Pool,3.498148098693317,200
XGBoost_TLCQM,0.0989881086859436,200
KRR_TLCQM,1.723855061761413,200
NN_TLCQM,1.0949022181635133,200
XGBoost_Target_Only,0.1065150927361478,300
KRR_Target_Only,14.337586086518828,300
NN_Target_Only,7.523570149968672,300
XGBoost_Pool,0.0999800255441545,300
KRR_Pool,1.55638898287313,300
NN_Pool,6.034803541812966,300
XGBoost_TLCQM,0.0990999616986418,300
KRR_TLCQM,1.6554586372648945,300
NN_TLCQM,0.1199530563261986,300
XGBoost_Target_Only,0.1021432846527402,500
KRR_Target_Only,9.55698772094556,500
NN_Target_Only,7.0632412894520265,500
XGBoost_Pool,0.098434889410947,500
KRR_Pool,1.5357079405867342,500
NN_Pool,3.193829812986517,500
XGBoost_TLCQM,0.106286272208505,500
KRR_TLCQM,1.633134590441511,500
NN_TLCQM,0.1636619847471212,500
TKRR,1.8883137723532184,100
CDAR,6.461327711467429,100
DARC,21.12340443331333,100
VNCD_MDD,0.2398395507367896,100
M3SDA_Reg,0.1215295740177396,100
CMSS_Reg,0.1195065755613137,100
TKRR,1.892932117821291,200
CDAR,5.579792098331105,200
DARC,25.77557695324289,200
VNCD_MDD,0.1717761957386733,200
M3SDA_Reg,0.1212579025347458,200
CMSS_Reg,0.114756208834437,200
TKRR,1.8777672181414475,300
CDAR,5.595818320307201,300
DARC,25.856935251260907,300
VNCD_MDD,0.1433698798672794,300
M3SDA_Reg,0.1222834327480392,300
CMSS_Reg,0.1085301136393807,300
TKRR,1.8072099017962704,500
CDAR,5.716024788119268,500
DARC,25.766501716908905,500
VNCD_MDD,0.1353122017831631,500
M3SDA_Reg,0.1275594391527828,500
CMSS_Reg,0.1042236065720889,500
XGBoost_Target_Only,0.1172049284101614,100
KRR_Target_Only,30.2412094669269,100
NN_Target_Only,22.529448768420256,100
XGBoost_Pool,0.0972592099349243,100
KRR_Pool,1.598180918283268,100
NN_Pool,5.191793175421604,100
XGBoost_TLCQM,0.1085946537043172,100
KRR_TLCQM,1.728275777662827,100
NN_TLCQM,0.1449677400455947,100
XGBoost_Target_Only,0.1000401660073899,200
KRR_Target_Only,18.914095203522237,200
NN_Target_Only,21.39916542293358,200
XGBoost_Pool,0.0961875626186473,200
KRR_Pool,1.6026842532743724,200
NN_Pool,3.8905520825658906,200
XGBoost_TLCQM,0.10029073927538,200
KRR_TLCQM,1.7180869123940787,200
NN_TLCQM,0.1111682188351619,200
XGBoost_Target_Only,0.0964107398202196,300
KRR_Target_Only,14.194429560850812,300
NN_Target_Only,6.813473451179323,300
XGBoost_Pool,0.098548165372791,300
KRR_Pool,1.5805641890620958,300
NN_Pool,3.1024563850409685,300
XGBoost_TLCQM,0.0999218051259905,300
KRR_TLCQM,1.684519475140455,300
NN_TLCQM,0.1041992723136831,300
XGBoost_Target_Only,0.0972904220713391,500
KRR_Target_Only,9.00763119238094,500
NN_Target_Only,0.1609090957501567,500
XGBoost_Pool,0.096201302085582,500
KRR_Pool,1.5511156235964376,500
NN_Pool,3.679741599229838,500
XGBoost_TLCQM,0.0989020697632491,500
KRR_TLCQM,1.63961258196133,500
NN_TLCQM,0.1023629079050746,500
TKRR,1.9373161200303528,100
CDAR,6.149637253055298,100
DARC,43.2931177657236,100
VNCD_MDD,0.1526950262791916,100
M3SDA_Reg,0.1112876662522947,100
CMSS_Reg,0.1113339024604169,100
TKRR,1.9998300093399133,200
CDAR,5.301125040467288,200
DARC,31.84583585579077,200
VNCD_MDD,0.1466410627295073,200
M3SDA_Reg,0.1191752604244456,200
CMSS_Reg,0.1130909110102082,200
TKRR,1.8698911653725396,300
CDAR,5.381719734874914,300
DARC,31.92904862332404,300
VNCD_MDD,0.1459745304667788,300
M3SDA_Reg,0.1185910484663175,300
CMSS_Reg,0.1113475519129612,300
TKRR,1.8754009027213108,500
CDAR,5.440846430550325,500
DARC,32.00438476181703,500
VNCD_MDD,0.1324711207769631,500
M3SDA_Reg,0.1143822219296608,500
CMSS_Reg,0.1080924301746485,500
XGBoost_Target_Only,0.1264275803105616,100
KRR_Target_Only,29.287376509989965,100
NN_Target_Only,22.472064480127127,100
XGBoost_Pool,0.1007676320621433,100
KRR_Pool,1.5441160529498643,100
NN_Pool,3.494652772546431,100
XGBoost_TLCQM,0.1210215376620212,100
KRR_TLCQM,1.6356925574056964,100
NN_TLCQM,0.1650528590241013,100
XGBoost_Target_Only,0.108746555246581,200
KRR_Target_Only,19.22117317198217,200
NN_Target_Only,23.347294499879723,200
XGBoost_Pool,0.1001343612869747,200
KRR_Pool,1.5260105776034814,200
NN_Pool,3.417310158882881,200
XGBoost_TLCQM,0.1107329811633569,200
KRR_TLCQM,1.62001155398267,200
NN_TLCQM,0.1221459314353952,200
XGBoost_Target_Only,0.1069745407601025,300
KRR_Target_Only,15.176628448720049,300
NN_Target_Only,1.1564472523709763,300
XGBoost_Pool,0.0989881317220017,300
KRR_Pool,1.5210805185868457,300
NN_Pool,3.204317640939076,300
XGBoost_TLCQM,0.1022700921276525,300
KRR_TLCQM,1.604609314053189,300
NN_TLCQM,0.104775175786497,300
XGBoost_Target_Only,0.0987632964846746,500
KRR_Target_Only,9.300252207415951,500
NN_Target_Only,0.3408512715843123,500
XGBoost_Pool,0.095294342210047,500
KRR_Pool,1.4517816872498257,500
NN_Pool,2.9230268114857005,500
XGBoost_TLCQM,0.100173162849661,500
KRR_TLCQM,1.52490389935383,500
NN_TLCQM,0.1160726181142043,500
TKRR,1.834867834370061,100
CDAR,6.264724077751069,100
DARC,26.27837587126852,100
VNCD_MDD,0.1742600855547754,100
M3SDA_Reg,0.1168355884739713,100
CMSS_Reg,0.1204505420805839,100
TKRR,1.8193678203514407,200
CDAR,5.075122968909456,200
DARC,37.81326702377221,200
VNCD_MDD,0.1579279647963704,200
M3SDA_Reg,0.1170537325859842,200
CMSS_Reg,0.1133402838241486,200
TKRR,1.7521051619927843,300
CDAR,5.016031760098727,300
DARC,38.47339290768027,300
VNCD_MDD,0.1465892318740611,300
M3SDA_Reg,0.1158364052443643,300
CMSS_Reg,0.1110908723944016,300
TKRR,1.687443537356232,500
CDAR,5.044125927470868,500
DARC,38.80708563021447,500
VNCD_MDD,0.1203659963973144,500
M3SDA_Reg,0.1262510331309771,500
CMSS_Reg,0.101135775879738,500
XGBoost_Target_Only,0.1069372710836647,100
KRR_Target_Only,29.183349428502133,100
NN_Target_Only,21.87441784983389,100
XGBoost_Pool,0.0982567711313861,100
KRR_Pool,1.5634692849277232,100
NN_Pool,3.161864108547149,100
XGBoost_TLCQM,0.1099057861258439,100
KRR_TLCQM,1.654307779205384,100
NN_TLCQM,0.1101971656911875,100
XGBoost_Target_Only,0.1028868876797932,200
KRR_Target_Only,18.989501491417432,200
NN_Target_Only,24.92850350835253,200
XGBoost_Pool,0.0989065998947786,200
KRR_Pool,1.472169432946808,200
NN_Pool,3.238488742993549,200
XGBoost_TLCQM,0.1038207644479309,200
KRR_TLCQM,1.5455775872471116,200
NN_TLCQM,0.3594959613283442,200
XGBoost_Target_Only,0.097287132581801,300
KRR_Target_Only,13.993493289187676,300
NN_Target_Only,3.0053271505017114,300
XGBoost_Pool,0.0969984820647911,300
KRR_Pool,1.4792690039539815,300
NN_Pool,2.700413723344798,300
XGBoost_TLCQM,0.1095147152830673,300
KRR_TLCQM,1.551761310871585,300
NN_TLCQM,0.1235245872181062,300
XGBoost_Target_Only,0.0954156037914558,500
KRR_Target_Only,8.514788884741593,500
NN_Target_Only,0.2669242645967314,500
XGBoost_Pool,0.0938249314853108,500
KRR_Pool,1.383824795616087,500
NN_Pool,3.5159932271758514,500
XGBoost_TLCQM,0.1025037939981583,500
KRR_TLCQM,1.4583926077531404,500
NN_TLCQM,0.1095047146282501,500
TKRR,1.8584102243350744,100
CDAR,5.440915833580372,100
DARC,35.21197248053634,100
VNCD_MDD,0.1597594179058893,100
M3SDA_Reg,0.1186509331936011,100
CMSS_Reg,0.1155251138797691,100
TKRR,1.7569157869125556,200
CDAR,5.810838376039107,200
DARC,20.594544779720287,200
VNCD_MDD,0.1385867103077587,200
M3SDA_Reg,0.1225116414765902,200
CMSS_Reg,0.1130810381609461,200
TKRR,1.8143241464125612,300
CDAR,5.720800407255019,300
DARC,21.610974229933763,300
VNCD_MDD,0.1278553735376961,300
M3SDA_Reg,0.126864257940536,300
CMSS_Reg,0.1084042477908244,300
TKRR,1.732647894910668,500
CDAR,5.772705092891144,500
DARC,21.09245801275348,500
VNCD_MDD,0.1266313882562809,500
M3SDA_Reg,0.1324868446134446,500
CMSS_Reg,0.1072693477852202,500
XGBoost_Target_Only,0.1091488022928978,100
KRR_Target_Only,30.239632869226902,100
NN_Target_Only,24.7927506301782,100
XGBoost_Pool,0.0997782416495198,100
KRR_Pool,1.596651625575697,100
NN_Pool,5.796519162739649,100
XGBoost_TLCQM,0.1162634947422502,100
KRR_TLCQM,1.7019563043130668,100
NN_TLCQM,0.1220719388250807,100
XGBoost_Target_Only,0.1046026911634369,200
KRR_Target_Only,18.828510678453785,200
NN_Target_Only,22.90001579848192,200
XGBoost_Pool,0.0983401167870997,200
KRR_Pool,1.5867270918636165,200
NN_Pool,3.707231025836968,200
XGBoost_TLCQM,0.1049700605476109,200
KRR_TLCQM,1.695174705522858,200
NN_TLCQM,0.1145641784971702,200
XGBoost_Target_Only,0.0991076123635193,300
KRR_Target_Only,13.678846899270727,300
NN_Target_Only,2.31830783546241,300
XGBoost_Pool,0.0970794283486629,300
KRR_Pool,1.5719178705300607,300
NN_Pool,6.044818704365421,300
XGBoost_TLCQM,0.1062321201733734,300
KRR_TLCQM,1.6644759439709438,300
NN_TLCQM,0.1214868267572818,300
XGBoost_Target_Only,0.0921970191260861,500
KRR_Target_Only,8.983206051095632,500
NN_Target_Only,0.2922828758088787,500
XGBoost_Pool,0.0941627512372206,500
KRR_Pool,1.4632490038570816,500
NN_Pool,3.4718172770286206,500
XGBoost_TLCQM,0.1030235478776688,500
KRR_TLCQM,1.5546061916585527,500
NN_TLCQM,0.1081219405994632,500
TKRR,1.8944007861581351,100
CDAR,5.758962755056415,100
DARC,33.82469387382207,100
VNCD_MDD,0.1575065442677545,100
M3SDA_Reg,0.1248416645792383,100
CMSS_Reg,0.1127075991255966,100
TKRR,1.8848783894240535,200
CDAR,5.647753759030656,200
DARC,21.27239627313691,200
VNCD_MDD,0.1445307553864677,200
M3SDA_Reg,0.1261526103364173,200
CMSS_Reg,0.1089346168612707,200
TKRR,1.8666917768061173,300
CDAR,5.671366652007975,300
DARC,21.186095836990216,300
VNCD_MDD,0.1348075909682347,300
M3SDA_Reg,0.1268582647690785,300
CMSS_Reg,0.1066733021215328,300
TKRR,1.7476290295134922,500
CDAR,5.615532403339882,500
DARC,22.42545149152248,500
VNCD_MDD,0.1431734326305411,500
M3SDA_Reg,0.1281606648159202,500
CMSS_Reg,0.1045740093265848,500
XGBoost_Target_Only,0.1216183194260764,100
KRR_Target_Only,28.32801778530807,100
NN_Target_Only,18.85002446651868,100
XGBoost_Pool,0.1035146391330223,100
KRR_Pool,1.5737189867386772,100
NN_Pool,5.355165706914309,100
XGBoost_TLCQM,0.1018841417664731,100
KRR_TLCQM,1.667660133571666,100
NN_TLCQM,0.108854773063533,100
XGBoost_Target_Only,0.1011696216401884,200
KRR_Target_Only,18.50831044406748,200
NN_Target_Only,19.577182731477336,200
XGBoost_Pool,0.1000974448762707,200
KRR_Pool,1.5449253609431104,200
NN_Pool,4.893119237918182,200
XGBoost_TLCQM,0.1037245947269568,200
KRR_TLCQM,1.6168424823768517,200
NN_TLCQM,0.1295455458416886,200
XGBoost_Target_Only,0.1004259788206855,300
KRR_Target_Only,13.98010838584868,300
NN_Target_Only,11.47991219477352,300
XGBoost_Pool,0.0978207239196383,300
KRR_Pool,1.4906229152832031,300
NN_Pool,3.2953474000976635,300
XGBoost_TLCQM,0.1047640204520339,300
KRR_TLCQM,1.5683314584717574,300
NN_TLCQM,0.1640795597874852,300
XGBoost_Target_Only,0.0968080229043369,500
KRR_Target_Only,10.042493107568738,500
NN_Target_Only,0.1878456808645051,500
XGBoost_Pool,0.0960284948915498,500
KRR_Pool,1.4690235523877824,500
NN_Pool,2.7076976084780644,500
XGBoost_TLCQM,0.1074439405452747,500
KRR_TLCQM,1.5546500635978575,500
NN_TLCQM,0.1434436226850708,500
TKRR,1.907074720171918,100
CDAR,5.217016384734619,100
DARC,24.278579144209097,100
VNCD_MDD,0.1469435037771537,100
M3SDA_Reg,0.1212994311617874,100
CMSS_Reg,0.1213212956854303,100
TKRR,1.891998729562782,200
CDAR,6.019040243110116,200
DARC,37.57625377017651,200
VNCD_MDD,0.1422215019404689,200
M3SDA_Reg,0.1167502926987076,200
CMSS_Reg,0.1194630440692173,200
TKRR,1.932337088825464,300
CDAR,5.919526669089641,300
DARC,36.63809628613623,300
VNCD_MDD,0.1477360494689517,300
M3SDA_Reg,0.1184426256323264,300
CMSS_Reg,0.1174841213252148,300
TKRR,1.764809604136679,500
CDAR,5.959227616832516,500
DARC,37.61343982298436,500
VNCD_MDD,0.1264527210112885,500
M3SDA_Reg,0.1188689753323889,500
CMSS_Reg,0.1074597486510398,500
XGBoost_Target_Only,0.1049757057914158,100
KRR_Target_Only,29.39600611299382,100
NN_Target_Only,21.32784510271709,100
XGBoost_Pool,0.1003075250932806,100
KRR_Pool,1.570842898783713,100
NN_Pool,5.241428868307619,100
XGBoost_TLCQM,0.1051002536311004,100
KRR_TLCQM,1.665287041538808,100
NN_TLCQM,0.1094554336245979,100
XGBoost_Target_Only,0.1003131143798214,200
KRR_Target_Only,20.46564815186232,200
NN_Target_Only,21.459834759862375,200
XGBoost_Pool,0.0993117506586063,200
KRR_Pool,1.5711128427700525,200
NN_Pool,3.3662157397597765,200
XGBoost_TLCQM,0.1061644529573152,200
KRR_TLCQM,1.6716350784989484,200
NN_TLCQM,0.5805694215900573,200
XGBoost_Target_Only,0.0999733647547714,300
KRR_Target_Only,13.6683264543505,300
NN_Target_Only,0.2497289576142265,300
XGBoost_Pool,0.0982683766554975,300
KRR_Pool,1.544095155290099,300
NN_Pool,2.9532842150568688,300
XGBoost_TLCQM,0.0990409126046613,300
KRR_TLCQM,1.639408721635216,300
NN_TLCQM,0.1042415763712544,300
XGBoost_Target_Only,0.0986505455584662,500
KRR_Target_Only,8.088019930200087,500
NN_Target_Only,0.2618160417285491,500
XGBoost_Pool,0.095609790495299,500
KRR_Pool,1.5350202695335622,500
NN_Pool,3.690681083756376,500
XGBoost_TLCQM,0.1006159813008793,500
KRR_TLCQM,1.6193684808078408,500
NN_TLCQM,0.1051929681963626,500
TKRR,1.878747832794351,100
CDAR,5.963085696533584,100
DARC,35.5366031385713,100
VNCD_MDD,0.1510725817094322,100
M3SDA_Reg,0.1194388294454158,100
CMSS_Reg,0.112427673883344,100
TKRR,1.8331291939494745,200
CDAR,6.228623826556987,200
DARC,46.76360809216119,200
VNCD_MDD,0.1308408632354493,200
M3SDA_Reg,0.1264763158135353,200
CMSS_Reg,0.1099322778088867,200
TKRR,1.8021239804255635,300
CDAR,6.246817500399279,300
DARC,47.05286565749341,300
VNCD_MDD,0.1277699260027539,300
M3SDA_Reg,0.1179089459904372,300
CMSS_Reg,0.1080964380930936,300
TKRR,1.802983479593328,500
CDAR,6.265778691831562,500
DARC,47.60073979372266,500
VNCD_MDD,0.1281292004612978,500
M3SDA_Reg,0.1182165778771984,500
CMSS_Reg,0.106498629862813,500
XGBoost_Target_Only,0.1171832072301973,100
KRR_Target_Only,28.91794623275099,100
NN_Target_Only,22.74414821182641,100
XGBoost_Pool,0.0999186828738372,100
KRR_Pool,1.6544434953016791,100
NN_Pool,5.817718363126466,100
XGBoost_TLCQM,0.1032446994153819,100
KRR_TLCQM,1.7874542513167917,100
NN_TLCQM,0.1326261095686903,100
XGBoost_Target_Only,0.1167544662615386,200
KRR_Target_Only,20.118453205442695,200
NN_Target_Only,22.84961117016176,200
XGBoost_Pool,0.0992752629609853,200
KRR_Pool,1.6291027262376665,200
NN_Pool,3.891781063681312,200
XGBoost_TLCQM,0.106934039054933,200
KRR_TLCQM,1.7435386291775965,200
NN_TLCQM,0.1088341898616776,200
XGBoost_Target_Only,0.1167540655552536,300
KRR_Target_Only,14.187290385127652,300
NN_Target_Only,0.233318511729213,300
XGBoost_Pool,0.0978494818616676,300
KRR_Pool,1.5784466815431752,300
NN_Pool,3.895216991111965,300
XGBoost_TLCQM,0.1046927367593753,300
KRR_TLCQM,1.6764905408781965,300
NN_TLCQM,0.1127531288177338,300
XGBoost_Target_Only,0.0951025141585088,500
KRR_Target_Only,8.953687057340472,500
NN_Target_Only,0.3317578435667186,500
XGBoost_Pool,0.0971916866398806,500
KRR_Pool,1.5785595243015538,500
NN_Pool,3.2361769250707155,500
XGBoost_TLCQM,0.1080248319786066,500
KRR_TLCQM,1.677571746995706,500
NN_TLCQM,0.1178873276141122,500
TKRR,1.9194549001787409,100
CDAR,5.613153596281086,100
DARC,26.96468079588622,100
VNCD_MDD,0.1589388061567982,100
M3SDA_Reg,0.1198202152403151,100
CMSS_Reg,0.1203727356436977,100
TKRR,1.9055759247790744,200
CDAR,5.6352594112103,200
DARC,34.322448868674826,200
VNCD_MDD,0.1726111006238616,200
M3SDA_Reg,0.1222256205968436,200
CMSS_Reg,0.111479368605577,200
TKRR,1.842514809435791,300
CDAR,5.6541608448834975,300
DARC,33.182868006852225,300
VNCD_MDD,0.1495846760388049,300
M3SDA_Reg,0.1210294567695304,300
CMSS_Reg,0.1045609554036243,300
TKRR,1.8609116885092385,500
CDAR,5.682051050604293,500
DARC,33.3313362775986,500
VNCD_MDD,0.1507676946821969,500
M3SDA_Reg,0.1166610483544002,500
CMSS_Reg,0.0994940066752281,500
XGBoost_Target_Only,0.1217175756540925,100
KRR_Target_Only,29.17118781505765,100
NN_Target_Only,23.38548812355927,100
XGBoost_Pool,0.1026142424151949,100
KRR_Pool,1.6319249654951646,100
NN_Pool,5.481108829538555,100
XGBoost_TLCQM,0.1097321412493796,100
KRR_TLCQM,1.7759681251968966,100
NN_TLCQM,0.1119381632047066,100
XGBoost_Target_Only,0.100934707926365,200
KRR_Target_Only,19.175379091960306,200
NN_Target_Only,25.73027018076236,200
XGBoost_Pool,0.0991443966817484,200
KRR_Pool,1.5778272627061505,200
NN_Pool,4.99370445539875,200
XGBoost_TLCQM,0.1164910546725791,200
KRR_TLCQM,1.6760488227928236,200
NN_TLCQM,0.1146942368582084,200
XGBoost_Target_Only,0.0974553250565143,300
KRR_Target_Only,14.21604153181261,300
NN_Target_Only,0.509327650671047,300
XGBoost_Pool,0.0984036666511215,300
KRR_Pool,1.4841207533627798,300
NN_Pool,5.81666977975567,300
XGBoost_TLCQM,0.1114789584642084,300
KRR_TLCQM,1.5616033581568884,300
NN_TLCQM,0.1632473852378317,300
XGBoost_Target_Only,0.0933654840508875,500
KRR_Target_Only,9.776239816269864,500
NN_Target_Only,6.295959132487188,500
XGBoost_Pool,0.0950751469096248,500
KRR_Pool,1.42854275167463,500
NN_Pool,3.332909778843975,500
XGBoost_TLCQM,0.1061381298534511,500
KRR_TLCQM,1.509379293352477,500
NN_TLCQM,0.2680309685200058,500
TKRR,1.8884719568756057,100
CDAR,5.435134375316682,100
DARC,27.042352652469464,100
VNCD_MDD,0.1745230745202573,100
M3SDA_Reg,0.1238241244755425,100
CMSS_Reg,0.1199995274751783,100
TKRR,1.9259487903300132,200
CDAR,5.547488601119353,200
DARC,34.02706110342905,200
VNCD_MDD,0.1415124750669399,200
M3SDA_Reg,0.1201922192590511,200
CMSS_Reg,0.1116022076688286,200
TKRR,1.7531156689280192,300
CDAR,5.490782281914234,300
DARC,32.52143740311529,300
VNCD_MDD,0.141453352695046,300
M3SDA_Reg,0.1210904447888011,300
CMSS_Reg,0.1086397107289388,300
TKRR,1.745440119300223,500
CDAR,5.373443297163585,500
DARC,34.27216331356746,500
VNCD_MDD,0.1316008647924156,500
M3SDA_Reg,0.1227181963433993,500
CMSS_Reg,0.1005576438494001,500
XGBoost_Target_Only,0.1091576849031675,100
KRR_Target_Only,29.305576168770912,100
NN_Target_Only,25.01401644590115,100
XGBoost_Pool,0.1040989023301707,100
KRR_Pool,1.5522538196837994,100
NN_Pool,5.60742340310102,100
XGBoost_TLCQM,0.1025336422419041,100
KRR_TLCQM,1.6386961150066546,100
NN_TLCQM,0.1194274150255952,100
XGBoost_Target_Only,0.1041201909392739,200
KRR_Target_Only,18.71931980215984,200
NN_Target_Only,22.819103954178672,200
XGBoost_Pool,0.1006112999004266,200
KRR_Pool,1.5214380893362691,200
NN_Pool,3.3395183294315376,200
XGBoost_TLCQM,0.1007318081670891,200
KRR_TLCQM,1.6019414424592189,200
NN_TLCQM,0.2953244971611415,200
XGBoost_Target_Only,0.1023643165949589,300
KRR_Target_Only,12.91942598918285,300
NN_Target_Only,0.2588867197444631,300
XGBoost_Pool,0.1004484948294515,300
KRR_Pool,1.5321427209672245,300
NN_Pool,3.369367681228121,300
XGBoost_TLCQM,0.1029564634486228,300
KRR_TLCQM,1.622033823305313,300
NN_TLCQM,0.2569208247323998,300
XGBoost_Target_Only,0.0975202636908544,500
KRR_Target_Only,7.884610997942091,500
NN_Target_Only,1.0444193187443562,500
XGBoost_Pool,0.0934497565421942,500
KRR_Pool,1.46621932131913,500
NN_Pool,3.499380913856376,500
XGBoost_TLCQM,0.103195286213666,500
KRR_TLCQM,1.5366306592389491,500
NN_TLCQM,0.1070554671308504,500
TKRR,1.8195838735615455,100
CDAR,5.659870000139215,100
DARC,23.903386102986868,100
VNCD_MDD,0.1666749839340218,100
M3SDA_Reg,0.1246306959432839,100
CMSS_Reg,0.1204212976291661,100
TKRR,1.792618652021196,200
CDAR,5.846317024333376,200
DARC,37.27980262335215,200
VNCD_MDD,0.1629270778742993,200
M3SDA_Reg,0.1182676261564535,200
CMSS_Reg,0.1097775813088295,200
TKRR,1.827115519858144,300
CDAR,5.90061197889052,300
DARC,37.39229546165352,300
VNCD_MDD,0.1673970795147974,300
M3SDA_Reg,0.1191671952505163,300
CMSS_Reg,0.1075403150760085,300
TKRR,1.7578649513455735,500
CDAR,5.896727270122547,500
DARC,37.23880273281651,500
VNCD_MDD,0.1378233405140647,500
M3SDA_Reg,0.1207093019424094,500
CMSS_Reg,0.1025660965009495,500
XGBoost_Target_Only,0.1159476806900486,100
KRR_Target_Only,29.600714993442367,100
NN_Target_Only,29.12317108679508,100
XGBoost_Pool,0.1013543387187395,100
KRR_Pool,1.6168631186052005,100
NN_Pool,5.506725937521376,100
XGBoost_TLCQM,0.1038913071029941,100
KRR_TLCQM,1.749896689687332,100
NN_TLCQM,0.5207150096310301,100
XGBoost_Target_Only,0.1016040267667901,200
KRR_Target_Only,18.50897976532932,200
NN_Target_Only,25.713737240683976,200
XGBoost_Pool,0.1000901924250855,200
KRR_Pool,1.5964023435432462,200
NN_Pool,3.456206900780354,200
XGBoost_TLCQM,0.1079274435939594,200
KRR_TLCQM,1.734068323794542,200
NN_TLCQM,0.1214886362234804,200
XGBoost_Target_Only,0.0982116771073697,300
KRR_Target_Only,13.519361009627463,300
NN_Target_Only,0.5051790168402455,300
XGBoost_Pool,0.099602074703812,300
KRR_Pool,1.5179285022650169,300
NN_Pool,3.019475350781269,300
XGBoost_TLCQM,0.1009878592933304,300
KRR_TLCQM,1.6470842335164566,300
NN_TLCQM,0.1016459035785746,300
XGBoost_Target_Only,0.0962343006090789,500
KRR_Target_Only,8.729531924531083,500
NN_Target_Only,0.3733813330728383,500
XGBoost_Pool,0.0974235569978801,500
KRR_Pool,1.4293275766649882,500
NN_Pool,3.059532326130997,500
XGBoost_TLCQM,0.1006434517655647,500
KRR_TLCQM,1.527330677035562,500
NN_TLCQM,0.1037655220243413,500
TKRR,1.928637817587036,100
CDAR,6.219770039188284,100
DARC,37.41667327109251,100
VNCD_MDD,0.1639090170384672,100
M3SDA_Reg,0.1161117635121578,100
CMSS_Reg,0.1162592611056395,100
TKRR,1.8612505101128731,200
CDAR,47.56386144183544,200
DARC,30.145186687146605,200
VNCD_MDD,0.1591516667669589,200
M3SDA_Reg,0.1266671968598721,200
CMSS_Reg,0.1125319743445992,200
TKRR,1.829902123553251,300
CDAR,47.55960059408699,300
DARC,30.38968087351694,300
VNCD_MDD,0.1687724847642169,300
M3SDA_Reg,0.123913881209782,300
CMSS_Reg,0.1092414218201111,300
TKRR,1.7750461406146978,500
CDAR,47.54381968593651,500
DARC,31.58273631550661,500
VNCD_MDD,0.1267439425215815,500
M3SDA_Reg,0.1175450693081766,500
CMSS_Reg,0.1039440387381688,500
XGBoost_Target_Only,0.1190897098316287,100
KRR_Target_Only,29.58325270518315,100
NN_Target_Only,18.39199757805411,100
XGBoost_Pool,0.1004593854823178,100
KRR_Pool,1.6605537057914448,100
NN_Pool,5.8306069789105175,100
XGBoost_TLCQM,0.1010108435719015,100
KRR_TLCQM,1.7665371583477871,100
NN_TLCQM,0.1177822251390535,100
XGBoost_Target_Only,0.105290677963724,200
KRR_Target_Only,19.23750029230363,200
NN_Target_Only,21.4976663473928,200
XGBoost_Pool,0.0993990858423289,200
KRR_Pool,1.6083757869506792,200
NN_Pool,3.172379721597446,200
XGBoost_TLCQM,0.1011745859530425,200
KRR_TLCQM,1.7389626248825474,200
NN_TLCQM,0.125888896132275,200
XGBoost_Target_Only,0.0998626549295449,300
KRR_Target_Only,13.765671207343708,300
NN_Target_Only,0.3838105306150199,300
XGBoost_Pool,0.0997361917997956,300
KRR_Pool,1.5320710786790326,300
NN_Pool,3.9136647861421454,300
XGBoost_TLCQM,0.1063730892403807,300
KRR_TLCQM,1.6427672499155253,300
NN_TLCQM,0.1358715569311432,300
XGBoost_Target_Only,0.0996395389495868,500
KRR_Target_Only,9.103801727123097,500
NN_Target_Only,0.2506198499191228,500
XGBoost_Pool,0.0957872989691031,500
KRR_Pool,1.4560437902803394,500
NN_Pool,3.014027220404269,500
XGBoost_TLCQM,0.0972983997278972,500
KRR_TLCQM,1.544482412964883,500
NN_TLCQM,0.1038795433037219,500
TKRR,1.9508628514705035,100
CDAR,6.484418146164433,100
DARC,38.855704885737374,100
VNCD_MDD,0.184234974278907,100
M3SDA_Reg,0.1134562626081311,100
CMSS_Reg,0.1191816387453168,100
TKRR,1.9451503157619527,200
CDAR,5.635332653050681,200
DARC,26.78922331351316,200
VNCD_MDD,0.1394281993402819,200
M3SDA_Reg,0.1121594094029499,200
CMSS_Reg,0.1157954290750771,200
TKRR,1.8789708017652016,300
CDAR,5.636388919717181,300
DARC,26.721096151975654,300
VNCD_MDD,0.1174374450966586,300
M3SDA_Reg,0.1111640276897288,300
CMSS_Reg,0.1077088333824801,300
TKRR,1.8484444550125847,500
CDAR,5.592764739312219,500
DARC,26.36098872070584,500
VNCD_MDD,0.1270706553915184,500
M3SDA_Reg,0.1164674875778261,500
CMSS_Reg,0.1047348135059996,500
XGBoost_Target_Only,0.114896935478057,100
KRR_Target_Only,30.36096505301215,100
NN_Target_Only,23.07214609599804,100
XGBoost_Pool,0.1002509592643615,100
KRR_Pool,1.64096624458997,100
NN_Pool,5.3089946591278006,100
XGBoost_TLCQM,0.1054533575480758,100
KRR_TLCQM,1.7616883766919833,100
NN_TLCQM,0.1060283780008161,100
XGBoost_Target_Only,0.1000783464215234,200
KRR_Target_Only,20.880151983562147,200
NN_Target_Only,20.89526369484936,200
XGBoost_Pool,0.0993842992131826,200
KRR_Pool,1.6536841052458429,200
NN_Pool,3.315426047596159,200
XGBoost_TLCQM,0.1005135493618847,200
KRR_TLCQM,1.768571956468198,200
NN_TLCQM,0.2264451519466782,200
XGBoost_Target_Only,0.1016860077768507,300
KRR_Target_Only,15.28778040499269,300
NN_Target_Only,7.699891551215366,300
XGBoost_Pool,0.0977183717448886,300
KRR_Pool,1.6018101136855465,300
NN_Pool,6.1921518050215925,300
XGBoost_TLCQM,0.1020116438082974,300
KRR_TLCQM,1.7054546421324093,300
NN_TLCQM,0.1373441010740666,300
XGBoost_Target_Only,0.0926381852409124,500
KRR_Target_Only,10.279323528923818,500
NN_Target_Only,1.247342435774331,500
XGBoost_Pool,0.0970274167540945,500
KRR_Pool,1.463640449262785,500
NN_Pool,3.698342152911663,500
XGBoost_TLCQM,0.1048364224161912,500
KRR_TLCQM,1.5600272894310232,500
NN_TLCQM,0.1820388092742082,500
TKRR,1.9015597118694136,100
CDAR,6.261890523381924,100
DARC,36.77760374635744,100
VNCD_MDD,0.1728206001805783,100
M3SDA_Reg,0.1183346745308737,100
CMSS_Reg,0.1162677036010914,100
TKRR,1.9641549047358315,200
CDAR,6.132791468694472,200
DARC,28.073699144047943,200
VNCD_MDD,0.1732992959836605,200
M3SDA_Reg,0.1152180562342661,200
CMSS_Reg,0.1176726869803295,200
TKRR,1.9132975749330836,300
CDAR,6.126396127426034,300
DARC,27.97477011836308,300
VNCD_MDD,0.1644731518161195,300
M3SDA_Reg,0.1116396226868811,300
CMSS_Reg,0.1071350836559774,300
TKRR,1.8236657598653336,500
CDAR,6.095083756545417,500
DARC,28.23245113076317,500
VNCD_MDD,0.1529044480550073,500
M3SDA_Reg,0.1152510045219602,500
CMSS_Reg,0.1040872456061789,500
XGBoost_Target_Only,0.1112304428067734,100
KRR_Target_Only,30.50877629587653,100
NN_Target_Only,24.60527944421074,100
XGBoost_Pool,0.0993330503164634,100
KRR_Pool,1.577958958643413,100
NN_Pool,5.425231423597919,100
XGBoost_TLCQM,0.1017719388799115,100
KRR_TLCQM,1.6865988875421922,100
NN_TLCQM,0.1105795155272088,100
XGBoost_Target_Only,0.1131253576440343,200
KRR_Target_Only,19.39277622578883,200
NN_Target_Only,23.39528430812001,200
XGBoost_Pool,0.1007840604747446,200
KRR_Pool,1.535970104043052,200
NN_Pool,3.350629768275402,200
XGBoost_TLCQM,0.1006796429133063,200
KRR_TLCQM,1.6440980859794532,200
NN_TLCQM,0.1592926439840904,200
XGBoost_Target_Only,0.1083011757672119,300
KRR_Target_Only,14.27169324244524,300
NN_Target_Only,8.510145173270251,300
XGBoost_Pool,0.0995737392952249,300
KRR_Pool,1.500753420427155,300
NN_Pool,3.350150310701948,300
XGBoost_TLCQM,0.1023133482858674,300
KRR_TLCQM,1.605524977779717,300
NN_TLCQM,0.1142433201571858,300
XGBoost_Target_Only,0.0977020184881247,500
KRR_Target_Only,8.565751278490906,500
NN_Target_Only,0.2432933174069879,500
XGBoost_Pool,0.0968593899298946,500
KRR_Pool,1.481819874502129,500
NN_Pool,3.421554694572769,500
XGBoost_TLCQM,0.0996279792872825,500
KRR_TLCQM,1.5895947958878134,500
NN_TLCQM,0.1490641464287655,500
TKRR,2.151571642949087,100
CDAR,6.81041340396708,100
DARC,20.4931385038531,100
VNCD_MDD,0.1634267492910485,100
M3SDA_Reg,0.1144446124369463,100
CMSS_Reg,0.1186308403127279,100
TKRR,1.8382282130352443,200
CDAR,5.647094466069101,200
DARC,34.22057983022566,200
VNCD_MDD,0.1433910200385738,200
M3SDA_Reg,0.1171709532266889,200
CMSS_Reg,0.1164341997692172,200
TKRR,1.7625878463182758,300
CDAR,5.627290910460551,300
DARC,34.15482193855689,300
VNCD_MDD,0.1393371190670096,300
M3SDA_Reg,0.1184852372446246,300
CMSS_Reg,0.1082447885264159,300
TKRR,1.7636372045535698,500
CDAR,5.563869923472434,500
DARC,34.12588434684895,500
VNCD_MDD,0.1374350209156233,500
M3SDA_Reg,0.1163946142163774,500
CMSS_Reg,0.1031066865887623,500
XGBoost_Target_Only,0.1065605796806941,100
KRR_Target_Only,30.265743609079028,100
NN_Target_Only,21.177827760475385,100
XGBoost_Pool,0.1003745797125066,100
KRR_Pool,1.616275135255596,100
NN_Pool,5.649816774593755,100
XGBoost_TLCQM,0.1120559899062046,100
KRR_TLCQM,1.71413326183218,100
NN_TLCQM,0.1184515383568151,100
XGBoost_Target_Only,0.1059767825612759,200
KRR_Target_Only,20.17131703797012,200
NN_Target_Only,21.48209154501502,200
XGBoost_Pool,0.0983518031047379,200
KRR_Pool,1.5763985734844996,200
NN_Pool,3.4024027757033832,200
XGBoost_TLCQM,0.113016280020428,200
KRR_TLCQM,1.6666895231569814,200
NN_TLCQM,0.1167526017103571,200
XGBoost_Target_Only,0.103920675222492,300
KRR_Target_Only,14.93280021523579,300
NN_Target_Only,0.815756590498798,300
XGBoost_Pool,0.0973228308813817,300
KRR_Pool,1.574646854800892,300
NN_Pool,6.124852097663577,300
XGBoost_TLCQM,0.1102012512602768,300
KRR_TLCQM,1.67299318420424,300
NN_TLCQM,0.110006831483569,300
XGBoost_Target_Only,0.0967613092840878,500
KRR_Target_Only,8.340716792788703,500
NN_Target_Only,0.3780349451665774,500
XGBoost_Pool,0.0957767287031484,500
KRR_Pool,1.4691615989505151,500
NN_Pool,3.476343555520709,500
XGBoost_TLCQM,0.1036938688998872,500
KRR_TLCQM,1.5462952652418984,500
NN_TLCQM,0.125826967792024,500
TKRR,1.9102833482957928,100
CDAR,5.499577459565211,100
DARC,27.65576560248921,100
VNCD_MDD,0.151179173628337,100
M3SDA_Reg,0.1084650280812063,100
CMSS_Reg,0.1151695119334409,100
TKRR,1.8689742085440904,200
CDAR,5.225189655565188,200
DARC,32.47663492746548,200
VNCD_MDD,0.1496223758316954,200
M3SDA_Reg,0.1094815733851305,200
CMSS_Reg,0.1145136535832457,200
TKRR,1.874909244539393,300
CDAR,5.282652524760602,300
DARC,32.78878569230148,300
VNCD_MDD,0.1307915676818874,300
M3SDA_Reg,0.1114833988686803,300
CMSS_Reg,0.1105230270010524,300
TKRR,1.7802148959421742,500
CDAR,5.321362404521708,500
DARC,32.71807077629996,500
VNCD_MDD,0.1192041441038449,500
M3SDA_Reg,0.1151179179513059,500
CMSS_Reg,0.1070846948557502,500
XGBoost_Target_Only,0.110561940906041,100
KRR_Target_Only,31.367885239793207,100
NN_Target_Only,22.116053841266236,100
XGBoost_Pool,0.0993951679905867,100
KRR_Pool,1.6268560419594755,100
NN_Pool,5.72940701330965,100
XGBoost_TLCQM,0.1111180279570749,100
KRR_TLCQM,1.7335711255791406,100
NN_TLCQM,0.1478030080560803,100
XGBoost_Target_Only,0.1114777084871204,200
KRR_Target_Only,19.29873396914524,200
NN_Target_Only,22.851928962989923,200
XGBoost_Pool,0.0985758244059189,200
KRR_Pool,1.548565368950379,200
NN_Pool,4.343230991184749,200
XGBoost_TLCQM,0.0987458324182727,200
KRR_TLCQM,1.6509359893510411,200
NN_TLCQM,0.0992729042529392,200
XGBoost_Target_Only,0.1007321695348491,300
KRR_Target_Only,13.257887448525976,300
NN_Target_Only,6.87683860781098,300
XGBoost_Pool,0.0979741169628548,300
KRR_Pool,1.533864828798615,300
NN_Pool,3.400424342906401,300
XGBoost_TLCQM,0.1077240468116131,300
KRR_TLCQM,1.6425285825418885,300
NN_TLCQM,0.1142788295708349,300
XGBoost_Target_Only,0.097753912399336,500
KRR_Target_Only,8.221933653191282,500
NN_Target_Only,0.2008090240196074,500
XGBoost_Pool,0.0971162721625049,500
KRR_Pool,1.4643100100327784,500
NN_Pool,3.3958817072701626,500
XGBoost_TLCQM,0.1048058607493275,500
KRR_TLCQM,1.5540489946286848,500
NN_TLCQM,0.1089122903177072,500
TKRR,1.880044379341048,100
CDAR,4.967165508463864,100
DARC,22.75961318380561,100
VNCD_MDD,0.158106810482837,100
M3SDA_Reg,0.1109699007968509,100
CMSS_Reg,0.1137661313225928,100
TKRR,1.8032032025886533,200
CDAR,5.159246941720118,200
DARC,28.22415558686538,200
VNCD_MDD,0.1412470253102271,200
M3SDA_Reg,0.118642327159952,200
CMSS_Reg,0.1138905013034549,200
TKRR,1.7963937597335882,300
CDAR,5.152048429050389,300
DARC,28.312684317407676,300
VNCD_MDD,0.1499098706100012,300
M3SDA_Reg,0.1162691467868318,300
CMSS_Reg,0.107391856354311,300
TKRR,1.7587920276282365,500
CDAR,5.206135970707551,500
DARC,28.174373328983226,500
VNCD_MDD,0.14895621120648,500
M3SDA_Reg,0.1161484710514569,500
CMSS_Reg,0.1047156436007776,500
XGBoost_Target_Only,0.1197996024277261,100
KRR_Target_Only,30.01501592445429,100
NN_Target_Only,23.74315217328255,100
XGBoost_Pool,0.1052889465016617,100
KRR_Pool,1.614923547262175,100
NN_Pool,5.534573597979441,100
XGBoost_TLCQM,0.1179398133006434,100
KRR_TLCQM,1.7134884827331327,100
NN_TLCQM,0.1258041726636095,100
XGBoost_Target_Only,0.1090934103888267,200
KRR_Target_Only,19.55125200291625,200
NN_Target_Only,28.18863748538536,200
XGBoost_Pool,0.0956482413442177,200
KRR_Pool,1.5663839562782789,200
NN_Pool,3.783324855816861,200
XGBoost_TLCQM,0.1078002142540679,200
KRR_TLCQM,1.6762995660523297,200
NN_TLCQM,0.129535581862612,200
XGBoost_Target_Only,0.0973087974011273,300
KRR_Target_Only,13.446305283430892,300
NN_Target_Only,6.598527875113964,300
XGBoost_Pool,0.0977335348369847,300
KRR_Pool,1.5451472315005403,300
NN_Pool,2.737007731495832,300
XGBoost_TLCQM,0.104777193604117,300
KRR_TLCQM,1.6476593545322265,300
NN_TLCQM,0.1170570188795378,300
XGBoost_Target_Only,0.0938917726143494,500
KRR_Target_Only,9.329091192282052,500
NN_Target_Only,0.3222971924327625,500
XGBoost_Pool,0.0942975622290583,500
KRR_Pool,1.4219179991532311,500
NN_Pool,3.185384611564998,500
XGBoost_TLCQM,0.100805207089632,500
KRR_TLCQM,1.514338923110882,500
NN_TLCQM,0.1257742955783894,500
TKRR,2.0454253571924053,100
CDAR,5.964475159961243,100
DARC,39.93690550299782,100
VNCD_MDD,0.1770448311478106,100
M3SDA_Reg,0.1157522442053576,100
CMSS_Reg,0.1225697578124983,100
TKRR,1.8388796704896389,200
CDAR,6.692402964142311,200
DARC,33.2116105569963,200
VNCD_MDD,0.1520943564733231,200
M3SDA_Reg,0.1215242002730246,200
CMSS_Reg,0.1081420196445821,200
TKRR,1.815990604944722,300
CDAR,6.284243956999938,300
DARC,35.406667566374765,300
VNCD_MDD,0.1332759593219719,300
M3SDA_Reg,0.1185166515330324,300
CMSS_Reg,0.1033468995835057,300
TKRR,1.772972825374706,500
CDAR,6.156992992937732,500
DARC,33.68981069175594,500
VNCD_MDD,0.1215332527354632,500
M3SDA_Reg,0.1190853536039921,500
CMSS_Reg,0.0970985554237526,500
XGBoost_Target_Only,0.1111463962957628,100
KRR_Target_Only,29.57333599326825,100
NN_Target_Only,24.36673077854225,100
XGBoost_Pool,0.103546631389536,100
KRR_Pool,1.6037908275089892,100
NN_Pool,4.138724509748432,100
XGBoost_TLCQM,0.1050705623833588,100
KRR_TLCQM,1.7197660201830551,100
NN_TLCQM,0.1058914911285815,100
XGBoost_Target_Only,0.1037407001345455,200
KRR_Target_Only,20.593197346594536,200
NN_Target_Only,22.362528248762043,200
XGBoost_Pool,0.0997292291220561,200
KRR_Pool,1.5883891117988838,200
NN_Pool,3.911839802037945,200
XGBoost_TLCQM,0.1014785224754109,200
KRR_TLCQM,1.70221633354611,200
NN_TLCQM,0.1095143696429872,200
XGBoost_Target_Only,0.1013297390970671,300
KRR_Target_Only,15.62479781501677,300
NN_Target_Only,0.4407665560612264,300
XGBoost_Pool,0.1005544937615209,300
KRR_Pool,1.5942101188234594,300
NN_Pool,5.849024944751136,300
XGBoost_TLCQM,0.0999361127443839,300
KRR_TLCQM,1.689670283176764,300
NN_TLCQM,0.2666626574709224,300
XGBoost_Target_Only,0.0984408693165807,500
KRR_Target_Only,9.486496953358024,500
NN_Target_Only,0.192414444499641,500
XGBoost_Pool,0.099841837399312,500
KRR_Pool,1.5261040487281727,500
NN_Pool,2.831049686779078,500
XGBoost_TLCQM,0.0987184861803953,500
KRR_TLCQM,1.6156200465940571,500
NN_TLCQM,0.1023995071554718,500
TKRR,2.065203852008401,100
CDAR,5.95132058468965,100
DARC,31.916408081151417,100
VNCD_MDD,0.1646068205535349,100
M3SDA_Reg,0.1136231736274656,100
CMSS_Reg,0.1107931011579951,100
TKRR,1.9490694787310956,200
CDAR,5.285777905214906,200
DARC,37.80189069548908,200
VNCD_MDD,0.146373748903651,200
M3SDA_Reg,0.1136542920229108,200
CMSS_Reg,0.1145102458228711,200
TKRR,1.857015633495475,300
CDAR,5.3208348451457805,300
DARC,29.57170547435976,300
VNCD_MDD,0.1485536622876819,300
M3SDA_Reg,0.1155210798404631,300
CMSS_Reg,0.113815534147596,300
TKRR,1.8546002448347385,500
CDAR,5.384550275614599,500
DARC,26.91964214338453,500
VNCD_MDD,0.1271387535667713,500
M3SDA_Reg,0.1150848494181332,500
CMSS_Reg,0.1066857495847321,500
XGBoost_Target_Only,0.1190496297400892,100
KRR_Target_Only,28.793802186375636,100
NN_Target_Only,22.56247511223866,100
XGBoost_Pool,0.1001532186086677,100
KRR_Pool,1.612454287034513,100
NN_Pool,3.360977649818045,100
XGBoost_TLCQM,0.1533562527351046,100
KRR_TLCQM,1.818800164615828,100
NN_TLCQM,0.1563533701467642,100
XGBoost_Target_Only,0.1089824963569967,200
KRR_Target_Only,19.89643329901257,200
NN_Target_Only,21.256584285309422,200
XGBoost_Pool,0.1005208659639334,200
KRR_Pool,1.602529704910841,200
NN_Pool,3.5439790353052945,200
XGBoost_TLCQM,0.1052047900424168,200
KRR_TLCQM,1.7068522061219096,200
NN_TLCQM,0.1145452694099055,200
XGBoost_Target_Only,0.0984693483915587,300
KRR_Target_Only,15.160176085837392,300
NN_Target_Only,6.767181172968091,300
XGBoost_Pool,0.0982341442669233,300
KRR_Pool,1.6134666369186244,300
NN_Pool,4.548574636906263,300
XGBoost_TLCQM,0.105645903923142,300
KRR_TLCQM,1.727253262270194,300
NN_TLCQM,0.1108200498583915,300
XGBoost_Target_Only,0.0946749850166967,500
KRR_Target_Only,9.53798831831559,500
NN_Target_Only,0.3164739490033145,500
XGBoost_Pool,0.0948902765035611,500
KRR_Pool,1.5872311598910849,500
NN_Pool,2.884625255091412,500
XGBoost_TLCQM,0.1019712743140191,500
KRR_TLCQM,1.6890498209043838,500
NN_TLCQM,0.1112862571563178,500
TKRR,1.871271180369926,100
CDAR,5.241254129339769,100
DARC,25.069161585443418,100
VNCD_MDD,0.1516663719634138,100
M3SDA_Reg,0.1223951441776355,100
CMSS_Reg,0.1201180088507099,100
TKRR,1.8765710199099168,200
CDAR,5.494389634154798,200
DARC,26.494996211914117,200
VNCD_MDD,0.1305013757141866,200
M3SDA_Reg,0.120016827584347,200
CMSS_Reg,0.1113660999535977,200
TKRR,1.9468632189552535,300
CDAR,5.531708558908891,300
DARC,26.64976989559937,300
VNCD_MDD,0.123619502621496,300
M3SDA_Reg,0.1189817367715047,300
CMSS_Reg,0.1119448068684122,300
TKRR,1.88613021936156,500
CDAR,5.503903123694055,500
DARC,27.20397335650902,500
VNCD_MDD,0.1183807578900468,500
M3SDA_Reg,0.1229409205599214,500
CMSS_Reg,0.1035003944060655,500
XGBoost_Target_Only,0.1121304051886343,100
KRR_Target_Only,30.55104806682201,100
NN_Target_Only,17.329449342007827,100
XGBoost_Pool,0.0987063655257082,100
KRR_Pool,1.6475142219011958,100
NN_Pool,5.647875915814232,100
XGBoost_TLCQM,0.1251108057273084,100
KRR_TLCQM,1.7335243328498902,100
NN_TLCQM,0.2854927270487976,100
XGBoost_Target_Only,0.1074455851730587,200
KRR_Target_Only,19.666247037961742,200
NN_Target_Only,23.51949097661561,200
XGBoost_Pool,0.0988057001680826,200
KRR_Pool,1.611480468620781,200
NN_Pool,3.652381960283918,200
XGBoost_TLCQM,0.1082707462077226,200
KRR_TLCQM,1.71282616317081,200
NN_TLCQM,0.1206770529408123,200
XGBoost_Target_Only,0.1011824204514094,300
KRR_Target_Only,14.603380138751094,300
NN_Target_Only,0.3914822446796173,300
XGBoost_Pool,0.0961458677628418,300
KRR_Pool,1.5771041668173298,300
NN_Pool,3.31511096148955,300
XGBoost_TLCQM,0.1077741272823015,300
KRR_TLCQM,1.6772183441316229,300
NN_TLCQM,0.1417699631592242,300
XGBoost_Target_Only,0.0984374301982481,500
KRR_Target_Only,8.993400850830684,500
NN_Target_Only,0.2126014045139719,500
XGBoost_Pool,0.094294551571552,500
KRR_Pool,1.5867947918090313,500
NN_Pool,5.327170732844941,500
XGBoost_TLCQM,0.1053378374702094,500
KRR_TLCQM,1.6795433015013588,500
NN_TLCQM,0.1100321065417957,500
TKRR,2.3149347190847487,100
CDAR,6.427843798115396,100
DARC,38.68874950706557,100
VNCD_MDD,0.1969217886222823,100
M3SDA_Reg,0.1090118165103432,100
CMSS_Reg,0.1266468549929278,100
TKRR,1.9756398855833848,200
CDAR,5.335269619299512,200
DARC,41.01646048260649,200
VNCD_MDD,0.166649265785318,200
M3SDA_Reg,0.1177789285693271,200
CMSS_Reg,0.1141837063131571,200
TKRR,1.9733380685739383,300
CDAR,5.320591275795263,300
DARC,33.886006356646,300
VNCD_MDD,0.1510140209614821,300
M3SDA_Reg,0.1154350869000135,300
CMSS_Reg,0.115625938854616,300
TKRR,1.915943812031848,500
CDAR,5.380084764537608,500
DARC,13.454420366343973,500
VNCD_MDD,0.1261832085655229,500
M3SDA_Reg,0.1176980761271799,500
CMSS_Reg,0.1023342984100414,500
XGBoost_Target_Only,0.1102774169065429,100
KRR_Target_Only,29.919426920737195,100
NN_Target_Only,21.91213360278685,100
XGBoost_Pool,0.1003071983601265,100
KRR_Pool,1.6221977801145038,100
NN_Pool,5.172927926042568,100
XGBoost_TLCQM,0.1177211911995367,100
KRR_TLCQM,1.7151190106704313,100
NN_TLCQM,0.1280188024236828,100
XGBoost_Target_Only,0.1011642668594479,200
KRR_Target_Only,18.447230820172823,200
NN_Target_Only,22.152346092328163,200
XGBoost_Pool,0.0981004340997005,200
KRR_Pool,1.5676164406195163,200
NN_Pool,4.35401196322844,200
XGBoost_TLCQM,0.109266412236857,200
KRR_TLCQM,1.6716036362498896,200
NN_TLCQM,0.1215249799916703,200
XGBoost_Target_Only,0.0959739429426161,300
KRR_Target_Only,13.51048984579654,300
NN_Target_Only,0.2064119194368236,300
XGBoost_Pool,0.0952056067897335,300
KRR_Pool,1.574658484422959,300
NN_Pool,3.3800920172186726,300
XGBoost_TLCQM,0.1079372009676045,300
KRR_TLCQM,1.6776202930893998,300
NN_TLCQM,0.1152739987652598,300
XGBoost_Target_Only,0.0941764904667749,500
KRR_Target_Only,8.550254480217268,500
NN_Target_Only,0.1903917729564305,500
XGBoost_Pool,0.0941436721182878,500
KRR_Pool,1.5523897096411898,500
NN_Pool,3.347528772312748,500
XGBoost_TLCQM,0.1097435894064152,500
KRR_TLCQM,1.6560094168834945,500
NN_TLCQM,0.2111370195016006,500
TKRR,1.8881257945461305,100
CDAR,5.627732056773479,100
DARC,36.2730298347321,100
VNCD_MDD,0.1714002763845363,100
M3SDA_Reg,0.1189819854180802,100
CMSS_Reg,0.1171091160302774,100
TKRR,1.904924246693051,200
CDAR,5.738194520088347,200
DARC,21.83990858841916,200
VNCD_MDD,0.172757377971839,200
M3SDA_Reg,0.1211051217968963,200
CMSS_Reg,0.1150839121230438,200
TKRR,1.87982992464879,300
CDAR,5.761345081114875,300
DARC,25.581708047744048,300
VNCD_MDD,0.1442231715008148,300
M3SDA_Reg,0.1167134590834825,300
CMSS_Reg,0.1138374302993651,300
TKRR,1.913674083627939,500
CDAR,5.894766583390143,500
DARC,23.70279205819223,500
VNCD_MDD,0.1489456521492757,500
M3SDA_Reg,0.1111571131718139,500
CMSS_Reg,0.1024919802590799,500
XGBoost_Target_Only,0.1073762722378845,100
KRR_Target_Only,31.14727229589707,100
NN_Target_Only,22.04414201772872,100
XGBoost_Pool,0.100571351280538,100
KRR_Pool,1.581447981534109,100
NN_Pool,5.876081679241387,100
XGBoost_TLCQM,0.1200139458786173,100
KRR_TLCQM,1.6995424227575566,100
NN_TLCQM,0.1182848309438013,100
XGBoost_Target_Only,0.1073041318264395,200
KRR_Target_Only,20.61386114488559,200
NN_Target_Only,20.83123926203228,200
XGBoost_Pool,0.099541127256501,200
KRR_Pool,1.5653481508962428,200
NN_Pool,3.8013182784331856,200
XGBoost_TLCQM,0.1014217934661097,200
KRR_TLCQM,1.6634695352346838,200
NN_TLCQM,0.1024392418326104,200
XGBoost_Target_Only,0.0985889103938296,300
KRR_Target_Only,13.704258449794253,300
NN_Target_Only,0.5449890079151954,300
XGBoost_Pool,0.0966266373975443,300
KRR_Pool,1.538579926760647,300
NN_Pool,3.170634609527452,300
XGBoost_TLCQM,0.1024145127171919,300
KRR_TLCQM,1.6229368186887896,300
NN_TLCQM,0.108085511301444,300
XGBoost_Target_Only,0.0930557960842044,500
KRR_Target_Only,8.371821805236506,500
NN_Target_Only,0.5395711499342258,500
XGBoost_Pool,0.0943233210308978,500
KRR_Pool,1.4842143797839882,500
NN_Pool,2.835017378010047,500
XGBoost_TLCQM,0.1077143197482533,500
KRR_TLCQM,1.5605113125033792,500
NN_TLCQM,0.6214561276442995,500
TKRR,1.850146246192468,100
CDAR,5.921292961107044,100
DARC,29.78745960513404,100
VNCD_MDD,0.1524790246938656,100
M3SDA_Reg,0.1122707570562009,100
CMSS_Reg,0.1204901076874413,100
TKRR,1.876355032756136,200
CDAR,5.7360537294824345,200
DARC,29.458463377018024,200
VNCD_MDD,0.1598099802947302,200
M3SDA_Reg,0.1151909190518006,200
CMSS_Reg,0.1173151494833306,200
TKRR,1.8316306370300164,300
CDAR,5.659245560024966,300
DARC,30.38233688891917,300
VNCD_MDD,0.1438702246350215,300
M3SDA_Reg,0.1146069785417933,300
CMSS_Reg,0.1116749621179118,300
TKRR,1.7588192138033434,500
CDAR,5.675563536694782,500
DARC,29.60314529637787,500
VNCD_MDD,0.1182263380157317,500
M3SDA_Reg,0.113401888932861,500
CMSS_Reg,0.1056446604689737,500
XGBoost_Target_Only,0.1081152424095893,100
KRR_Target_Only,29.370671471944423,100
NN_Target_Only,22.08366593671123,100
XGBoost_Pool,0.1015631907120761,100
KRR_Pool,1.5902031201519184,100
NN_Pool,5.686946432304945,100
XGBoost_TLCQM,0.1039583853647756,100
KRR_TLCQM,1.7077166758963245,100
NN_TLCQM,0.1709776905471708,100
XGBoost_Target_Only,0.0993304665885271,200
KRR_Target_Only,19.207018910972128,200
NN_Target_Only,21.27451679554566,200
XGBoost_Pool,0.0991821744104357,200
KRR_Pool,1.5885496957233272,200
NN_Pool,3.626228328419829,200
XGBoost_TLCQM,0.1028678954298429,200
KRR_TLCQM,1.686658789191508,200
NN_TLCQM,0.1077543807104641,200
XGBoost_Target_Only,0.0997588973934492,300
KRR_Target_Only,14.039267082920777,300
NN_Target_Only,6.7659562096115335,300
XGBoost_Pool,0.09775332348892,300
KRR_Pool,1.5783075963651514,300
NN_Pool,3.261178197587013,300
XGBoost_TLCQM,0.1007780164869757,300
KRR_TLCQM,1.6727447889246427,300
NN_TLCQM,0.1046162165971476,300
XGBoost_Target_Only,0.0954502210766422,500
KRR_Target_Only,8.647677419160763,500
NN_Target_Only,0.2961587982047628,500
XGBoost_Pool,0.0947668666573217,500
KRR_Pool,1.5086687365031288,500
NN_Pool,3.5141016990626754,500
XGBoost_TLCQM,0.1051975947577008,500
KRR_TLCQM,1.5940813965702347,500
NN_TLCQM,0.1080981778246161,500
TKRR,1.8607981978536736,100
CDAR,5.610264414590884,100
DARC,25.475521350370308,100
VNCD_MDD,0.1585742729439066,100
M3SDA_Reg,0.1149678509871972,100
CMSS_Reg,0.1163517631595322,100
TKRR,1.8497019377599293,200
CDAR,6.135614554645327,200
DARC,42.47872600851658,200
VNCD_MDD,0.1422731038699657,200
M3SDA_Reg,0.115674118636688,200
CMSS_Reg,0.1104865858952475,200
TKRR,1.8492012684874135,300
CDAR,6.2341943301352005,300
DARC,44.237237005565234,300
VNCD_MDD,0.1381793845524233,300
M3SDA_Reg,0.1162265605441039,300
CMSS_Reg,0.1091137393205377,300
TKRR,1.7668721557225755,500
CDAR,6.079277819092222,500
DARC,44.88830443966657,500
VNCD_MDD,0.1312706728431538,500
M3SDA_Reg,0.1166422978104891,500
CMSS_Reg,0.1019194877081968,500
XGBoost_Target_Only,0.1484269439793428,100
KRR_Target_Only,30.0434366253987,100
NN_Target_Only,23.47804198074914,100
XGBoost_Pool,0.1028167319744318,100
KRR_Pool,1.629341351933262,100
NN_Pool,5.59804712732114,100
XGBoost_TLCQM,0.1058999885616296,100
KRR_TLCQM,1.715465334465982,100
NN_TLCQM,0.1199777161897278,100
XGBoost_Target_Only,0.1056214828497199,200
KRR_Target_Only,19.995648691477392,200
NN_Target_Only,21.621155760544237,200
XGBoost_Pool,0.0961239501651084,200
KRR_Pool,1.59518310488266,200
NN_Pool,3.584940451105423,200
XGBoost_TLCQM,0.1076630742979281,200
KRR_TLCQM,1.695412850942631,200
NN_TLCQM,0.109987580266423,200
XGBoost_Target_Only,0.0967709139301886,300
KRR_Target_Only,15.356052723566924,300
NN_Target_Only,6.24853938068036,300
XGBoost_Pool,0.0983303097278686,300
KRR_Pool,1.5019744866152451,300
NN_Pool,2.8922684368981693,300
XGBoost_TLCQM,0.1011196533714483,300
KRR_TLCQM,1.5871701593979102,300
NN_TLCQM,0.1076543119505778,300
XGBoost_Target_Only,0.0983383131865587,500
KRR_Target_Only,8.93729165558876,500
NN_Target_Only,6.601439694503544,500
XGBoost_Pool,0.0948191522541867,500
KRR_Pool,1.4434172137310757,500
NN_Pool,3.6694544573515815,500
XGBoost_TLCQM,0.1021900079956528,500
KRR_TLCQM,1.5175456094373867,500
NN_TLCQM,0.1419001071087364,500
TKRR,1.940321170216568,100
CDAR,5.354921546017454,100
DARC,28.85928800277801,100
VNCD_MDD,0.1759526952751896,100
M3SDA_Reg,0.1195788841519148,100
CMSS_Reg,0.1221318219627153,100
TKRR,1.869689653832029,200
CDAR,5.455746981425983,200
DARC,21.51293978428311,200
VNCD_MDD,0.1775292682195967,200
M3SDA_Reg,0.1132067095783368,200
CMSS_Reg,0.119730045494668,200
TKRR,1.8353542352255288,300
CDAR,5.431757105418122,300
DARC,21.64482319125713,300
VNCD_MDD,0.1499373385632573,300
M3SDA_Reg,0.1167685059090527,300
CMSS_Reg,0.1119523495553498,300
TKRR,1.722125974128631,500
CDAR,5.395808549495593,500
DARC,21.56204750870155,500
VNCD_MDD,0.1192147041721636,500
M3SDA_Reg,0.1229996389685832,500
CMSS_Reg,0.1103023824961134,500
XGBoost_Target_Only,0.1088747147333798,100
KRR_Target_Only,30.937679003281364,100
NN_Target_Only,28.79755972662717,100
XGBoost_Pool,0.1019453165565963,100
KRR_Pool,1.64458687791666,100
NN_Pool,3.235978274122976,100
XGBoost_TLCQM,0.1050192074329139,100
KRR_TLCQM,1.785675447329074,100
NN_TLCQM,0.114555150894856,100
XGBoost_Target_Only,0.1106439353623502,200
KRR_Target_Only,19.412800388908355,200
NN_Target_Only,23.00355766499492,200
XGBoost_Pool,0.101865319001994,200
KRR_Pool,1.6410037984237895,200
NN_Pool,5.182612319835753,200
XGBoost_TLCQM,0.0994151944615829,200
KRR_TLCQM,1.7757973234025772,200
NN_TLCQM,0.2032209640846692,200
XGBoost_Target_Only,0.1008307118656496,300
KRR_Target_Only,14.65604740413223,300
NN_Target_Only,14.86933601362978,300
XGBoost_Pool,0.0995266244770414,300
KRR_Pool,1.6157483968801472,300
NN_Pool,5.921720442865786,300
XGBoost_TLCQM,0.1033471364994511,300
KRR_TLCQM,1.7551409394991482,300
NN_TLCQM,0.1300655445935647,300
XGBoost_Target_Only,0.0938392699966086,500
KRR_Target_Only,8.659824175482665,500
NN_Target_Only,0.9431000904038758,500
XGBoost_Pool,0.0972071513491471,500
KRR_Pool,1.520466643989611,500
NN_Pool,3.227971137546648,500
XGBoost_TLCQM,0.097962213153047,500
KRR_TLCQM,1.619545743535039,500
NN_TLCQM,0.2424290368506505,500
TKRR,1.9457180418841864,100
CDAR,6.680891818025112,100
DARC,30.05228134965284,100
VNCD_MDD,0.1753604690295855,100
M3SDA_Reg,0.1210021596796027,100
CMSS_Reg,0.1208202127645484,100
TKRR,1.9800273333356035,200
CDAR,5.842584243238266,200
DARC,24.893876966572,200
VNCD_MDD,0.1681729081515602,200
M3SDA_Reg,0.1218094102674097,200
CMSS_Reg,0.1173414820029384,200
TKRR,1.9263703727250383,300
CDAR,5.870947495961832,300
DARC,24.9125076326898,300
VNCD_MDD,0.1671239617422558,300
M3SDA_Reg,0.1180003514529541,300
CMSS_Reg,0.111895167271226,300
TKRR,1.8463787275775307,500
CDAR,5.926556244090616,500
DARC,24.849562088526028,500
VNCD_MDD,0.1389253136680196,500
M3SDA_Reg,0.1190998739195551,500
CMSS_Reg,0.1060980643713997,500
XGBoost_Target_Only,0.1101122898163426,100
KRR_Target_Only,30.24311878966581,100
NN_Target_Only,18.0561023130008,100
XGBoost_Pool,0.0983570088728398,100
KRR_Pool,1.6386925320321537,100
NN_Pool,5.520590142162585,100
XGBoost_TLCQM,0.1075138316483762,100
KRR_TLCQM,1.7725933102969165,100
NN_TLCQM,0.109037028547303,100
XGBoost_Target_Only,0.1094698655284317,200
KRR_Target_Only,20.057755450593053,200
NN_Target_Only,22.771940602300983,200
XGBoost_Pool,0.0970963573326998,200
KRR_Pool,1.604883468424903,200
NN_Pool,3.2509068566292365,200
XGBoost_TLCQM,0.1026814782334909,200
KRR_TLCQM,1.7250916434574284,200
NN_TLCQM,0.1486631656945893,200
XGBoost_Target_Only,0.0962820921680837,300
KRR_Target_Only,14.26378603290107,300
NN_Target_Only,14.06712949378787,300
XGBoost_Pool,0.0978234236857191,300
KRR_Pool,1.6167676523129484,300
NN_Pool,3.9329175254177455,300
XGBoost_TLCQM,0.1038610378991534,300
KRR_TLCQM,1.7157464178451438,300
NN_TLCQM,0.2370564862116352,300
XGBoost_Target_Only,0.0946977994876519,500
KRR_Target_Only,8.689159645098368,500
NN_Target_Only,1.5202284227212053,500
XGBoost_Pool,0.0965121328048416,500
KRR_Pool,1.5159132017389687,500
NN_Pool,3.680084435878295,500
XGBoost_TLCQM,0.1024140231165236,500
KRR_TLCQM,1.6266243926970123,500
NN_TLCQM,0.1608079094601594,500
TKRR,1.976540295898298,100
CDAR,6.332118931486518,100
DARC,45.350072304036686,100
VNCD_MDD,0.2189793608950613,100
M3SDA_Reg,0.107311142444542,100
CMSS_Reg,0.1142526093609996,100
TKRR,1.865027791682788,200
CDAR,5.459940466629102,200
DARC,36.105524929842254,200
VNCD_MDD,0.1577954197672576,200
M3SDA_Reg,0.1127314249719127,200
CMSS_Reg,0.1109881681514171,200
TKRR,1.8724925675090216,300
CDAR,5.483157517564859,300
DARC,36.02807250708655,300
VNCD_MDD,0.1451868785593457,300
M3SDA_Reg,0.1136411782001887,300
CMSS_Reg,0.1066121227576944,300
TKRR,1.8786849946464532,500
CDAR,5.431332774242206,500
DARC,36.2920844995169,500
VNCD_MDD,0.1278769560057354,500
M3SDA_Reg,0.1120514999482053,500
CMSS_Reg,0.1045446604022303,500
XGBoost_Target_Only,0.1210705002937888,100
KRR_Target_Only,29.900626472532828,100
NN_Target_Only,21.229790002417975,100
XGBoost_Pool,0.1001113674521996,100
KRR_Pool,1.6233271191291443,100
NN_Pool,5.614914006354329,100
XGBoost_TLCQM,0.1097773287627488,100
KRR_TLCQM,1.775494938070075,100
NN_TLCQM,0.1624865076929188,100
XGBoost_Target_Only,0.1064443435832007,200
KRR_Target_Only,21.72367606134914,200
NN_Target_Only,20.20006060876675,200
XGBoost_Pool,0.0970441381631376,200
KRR_Pool,1.619738066015493,200
NN_Pool,3.228097961868571,200
XGBoost_TLCQM,0.1086716745069979,200
KRR_TLCQM,1.7474364351680205,200
NN_TLCQM,0.1176114396271394,200
XGBoost_Target_Only,0.1003962807873383,300
KRR_Target_Only,15.927124723728912,300
NN_Target_Only,7.0006424464821775,300
XGBoost_Pool,0.0962005534296533,300
KRR_Pool,1.5999329476548951,300
NN_Pool,3.395863648336221,300
XGBoost_TLCQM,0.0979635285365548,300
KRR_TLCQM,1.7185714012171769,300
NN_TLCQM,0.0994208825121286,300
XGBoost_Target_Only,0.0943867339461067,500
KRR_Target_Only,9.033844785654564,500
NN_Target_Only,6.698406793483582,500
XGBoost_Pool,0.0938757002945818,500
KRR_Pool,1.4698841442598274,500
NN_Pool,3.528668398101262,500
XGBoost_TLCQM,0.0970719982148847,500
KRR_TLCQM,1.5541096099206753,500
NN_TLCQM,0.1058756890420595,500
TKRR,1.8939821614949488,100
CDAR,5.833431250824969,100
DARC,31.35069323074112,100
VNCD_MDD,0.1597717988597033,100
M3SDA_Reg,0.1161459908287473,100
CMSS_Reg,0.1127743873099362,100
TKRR,1.958988991878293,200
CDAR,6.177752959173248,200
DARC,30.99149643453393,200
VNCD_MDD,0.1361089796547585,200
M3SDA_Reg,0.1169036132870963,200
CMSS_Reg,0.1122858135440743,200
TKRR,1.8794738232156492,300
CDAR,6.02883763477928,300
DARC,31.166522011152946,300
VNCD_MDD,0.1341088066084772,300
M3SDA_Reg,0.1100516911833161,300
CMSS_Reg,0.1112710190183441,300
TKRR,1.850711607176024,500
CDAR,5.965834066746694,500
DARC,31.273718386134817,500
VNCD_MDD,0.1300503037255048,500
M3SDA_Reg,0.1183305126538292,500
CMSS_Reg,0.1010748065573614,500
XGBoost_Target_Only,0.118404908165925,100
KRR_Target_Only,29.19807245926389,100
NN_Target_Only,17.44790384004038,100
XGBoost_Pool,0.1012926223506252,100
KRR_Pool,1.6642908333963518,100
NN_Pool,5.615352634856833,100
XGBoost_TLCQM,0.1469098504924819,100
KRR_TLCQM,1.8706309821691705,100
NN_TLCQM,0.1486766871361268,100
XGBoost_Target_Only,0.1104228191342449,200
KRR_Target_Only,19.423028727033312,200
NN_Target_Only,18.23533036849507,200
XGBoost_Pool,0.0998417408191858,200
KRR_Pool,1.671587906523792,200
NN_Pool,3.337075422241716,200
XGBoost_TLCQM,0.1143010305584135,200
KRR_TLCQM,1.8143277436972776,200
NN_TLCQM,0.1186674284931584,200
XGBoost_Target_Only,0.1167891260605128,300
KRR_Target_Only,14.038713712844585,300
NN_Target_Only,0.2105661037930708,300
XGBoost_Pool,0.0983155138765464,300
KRR_Pool,1.6800038517312677,300
NN_Pool,4.2398778517448585,300
XGBoost_TLCQM,0.099284683261165,300
KRR_TLCQM,1.8080268757747748,300
NN_TLCQM,0.5769140302515142,300
XGBoost_Target_Only,0.1048462835984837,500
KRR_Target_Only,9.139701919529696,500
NN_Target_Only,0.2484327298685783,500
XGBoost_Pool,0.0995469186947206,500
KRR_Pool,1.675414415975902,500
NN_Pool,3.3598392976180715,500
XGBoost_TLCQM,0.1051373232779629,500
KRR_TLCQM,1.789008484406677,500
NN_TLCQM,0.2932392975393225,500
TKRR,2.1294940710758947,100
CDAR,5.994311820377321,100
DARC,27.97380228237972,100
VNCD_MDD,0.1563212788935989,100
M3SDA_Reg,0.1151217745122306,100
CMSS_Reg,0.1148716719015198,100
TKRR,1.9688469182046624,200
CDAR,6.121314283816326,200
DARC,29.87436030372989,200
VNCD_MDD,0.1611931512364559,200
M3SDA_Reg,0.1131630517478534,200
CMSS_Reg,0.1175991878387046,200
TKRR,2.0285173668647176,300
CDAR,6.088323220407889,300
DARC,30.39161168789188,300
VNCD_MDD,0.1473593644544348,300
M3SDA_Reg,0.1094119954886518,300
CMSS_Reg,0.1099989957845222,300
TKRR,2.0677675792368952,500
CDAR,6.243102669528374,500
DARC,30.11606895790792,500
VNCD_MDD,0.1334082874328129,500
M3SDA_Reg,0.1137471846964782,500
CMSS_Reg,0.1093015926128961,500
XGBoost_Target_Only,0.1215307581811058,100
KRR_Target_Only,28.933616855914607,100
NN_Target_Only,22.21266965435639,100
XGBoost_Pool,0.1006258998136908,100
KRR_Pool,1.6036518205208965,100
NN_Pool,5.4261111919609455,100
XGBoost_TLCQM,0.1042332834421614,100
KRR_TLCQM,1.7153103936221872,100
NN_TLCQM,0.1089041943291349,100
XGBoost_Target_Only,0.1108509333039543,200
KRR_Target_Only,20.0306698184973,200
NN_Target_Only,23.20303832625857,200
XGBoost_Pool,0.1005893923604175,200
KRR_Pool,1.530159418619123,200
NN_Pool,3.584776189430114,200
XGBoost_TLCQM,0.1064691156003393,200
KRR_TLCQM,1.6243945921962604,200
NN_TLCQM,0.1184409977237176,200
XGBoost_Target_Only,0.1043122083054087,300
KRR_Target_Only,13.391909700606464,300
NN_Target_Only,0.4317537317930806,300
XGBoost_Pool,0.0980823011192498,300
KRR_Pool,1.4540750981409412,300
NN_Pool,6.08309926216371,300
XGBoost_TLCQM,0.1015567332181503,300
KRR_TLCQM,1.5441749381461352,300
NN_TLCQM,1.4508278806689083,300
XGBoost_Target_Only,0.0999892879150633,500
KRR_Target_Only,9.374190011382016,500
NN_Target_Only,0.3936391137867601,500
XGBoost_Pool,0.0977806297686887,500
KRR_Pool,1.3903836666229836,500
NN_Pool,3.5784038475382367,500
XGBoost_TLCQM,0.1020972185517858,500
KRR_TLCQM,1.4907102761499949,500
NN_TLCQM,0.1125498180969231,500
TKRR,1.875588985652524,100
CDAR,5.791461103951325,100
DARC,35.71048755190336,100
VNCD_MDD,0.1596086073532135,100
M3SDA_Reg,0.1231216072981297,100
CMSS_Reg,0.1160173768305169,100
TKRR,1.8740718293306369,200
CDAR,5.092070601639507,200
DARC,42.098964886123966,200
VNCD_MDD,0.1530554064984941,200
M3SDA_Reg,0.1170715859729947,200
CMSS_Reg,0.1155963463702735,200
TKRR,1.8319072934992464,300
CDAR,5.117739446171214,300
DARC,41.86406723488065,300
VNCD_MDD,0.1318663948421336,300
M3SDA_Reg,0.1154393995194624,300
CMSS_Reg,0.1076557253022725,300
TKRR,1.7622570115193072,500
CDAR,4.763106052801319,500
DARC,41.755794312078,500
VNCD_MDD,0.1287325530255505,500
M3SDA_Reg,0.1174993595549419,500
CMSS_Reg,0.1031864282108022,500
XGBoost_Target_Only,0.12099440175231,100
KRR_Target_Only,30.69374854872025,100
NN_Target_Only,18.909669959235483,100
XGBoost_Pool,0.1024238085271856,100
KRR_Pool,1.6446894051594,100
NN_Pool,5.457942349615316,100
XGBoost_TLCQM,0.1260933088903421,100
KRR_TLCQM,1.822210933688394,100
NN_TLCQM,0.2103979657557437,100
XGBoost_Target_Only,0.1172286086712952,200
KRR_Target_Only,18.476783863223712,200
NN_Target_Only,18.06158973840149,200
XGBoost_Pool,0.0978365652759455,200
KRR_Pool,1.6282791377061407,200
NN_Pool,3.3005106721479,200
XGBoost_TLCQM,0.1100321746111954,200
KRR_TLCQM,1.782257810488867,200
NN_TLCQM,0.1297742710672254,200
XGBoost_Target_Only,0.1051153784017406,300
KRR_Target_Only,14.641913520270206,300
NN_Target_Only,0.9951496569026076,300
XGBoost_Pool,0.0979522563005913,300
KRR_Pool,1.5498094276442875,300
NN_Pool,3.8825533190012727,300
XGBoost_TLCQM,0.0978174235166151,300
KRR_TLCQM,1.657569570725441,300
NN_TLCQM,0.1009499551535939,300
XGBoost_Target_Only,0.0917254945633249,500
KRR_Target_Only,9.660872239519993,500
NN_Target_Only,0.302726986192789,500
XGBoost_Pool,0.0932406841226465,500
KRR_Pool,1.472228543039794,500
NN_Pool,3.5134392988774685,500
XGBoost_TLCQM,0.1003434969951894,500
KRR_TLCQM,1.570222469257134,500
NN_TLCQM,0.1145868949595511,500
TKRR,1.901600040938816,100
CDAR,5.85622032669534,100
DARC,29.52834724451764,100
VNCD_MDD,0.1367835850181596,100
M3SDA_Reg,0.111657739720316,100
CMSS_Reg,0.1113347012528866,100
TKRR,2.023558007763388,200
CDAR,6.132050335745237,200
DARC,26.56752192492616,200
VNCD_MDD,0.1367436435918626,200
M3SDA_Reg,0.1149297891713909,200
CMSS_Reg,0.1135607423752003,200
TKRR,1.9042730806979604,300
CDAR,5.934416586689753,300
DARC,26.636469683454663,300
VNCD_MDD,0.1407755970961315,300
M3SDA_Reg,0.1089751736036322,300
CMSS_Reg,0.107300450218388,300
TKRR,1.7967723904984625,500
CDAR,5.861073927246723,500
DARC,26.46924210922197,500
VNCD_MDD,0.122620359047842,500
M3SDA_Reg,0.1115498377094429,500
CMSS_Reg,0.1036802019143375,500
XGBoost_Target_Only,0.1224831901597147,100
KRR_Target_Only,31.216890282500547,100
NN_Target_Only,18.52066603796386,100
XGBoost_Pool,0.101847444911858,100
KRR_Pool,1.6343983857728708,100
NN_Pool,5.658936467594405,100
XGBoost_TLCQM,0.1064839477108168,100
KRR_TLCQM,1.7755305076032215,100
NN_TLCQM,0.1099511819579509,100
XGBoost_Target_Only,0.1036480052233794,200
KRR_Target_Only,21.18677511497101,200
NN_Target_Only,21.790692780624905,200
XGBoost_Pool,0.0993839482828197,200
KRR_Pool,1.5711349866899342,200
NN_Pool,3.660370931407504,200
XGBoost_TLCQM,0.1052387109710446,200
KRR_TLCQM,1.6787241239426367,200
NN_TLCQM,0.1082463435204708,200
XGBoost_Target_Only,0.0997268273122163,300
KRR_Target_Only,14.634794585142016,300
NN_Target_Only,6.730461363780916,300
XGBoost_Pool,0.098623960104817,300
KRR_Pool,1.5382961913226263,300
NN_Pool,3.190897066367257,300
XGBoost_TLCQM,0.1040765171599377,300
KRR_TLCQM,1.605209373659967,300
NN_TLCQM,0.1125540115780654,300
XGBoost_Target_Only,0.0961904093237493,500
KRR_Target_Only,8.467001822093911,500
NN_Target_Only,0.4946733075846863,500
XGBoost_Pool,0.0957836020885291,500
KRR_Pool,1.5295943352196109,500
NN_Pool,3.347221263248432,500
XGBoost_TLCQM,0.1032572595552947,500
KRR_TLCQM,1.5974620560509687,500
NN_TLCQM,0.1145299084607655,500
TKRR,1.884452930666512,100
CDAR,5.8878782183497815,100
DARC,24.15057225424489,100
VNCD_MDD,0.1777190845969099,100
M3SDA_Reg,0.1181619387456804,100
CMSS_Reg,0.1169562716619673,100
TKRR,1.859128143991419,200
CDAR,5.578220123992624,200
DARC,38.51552695941861,200
VNCD_MDD,0.1484209229258743,200
M3SDA_Reg,0.1153676418700815,200
CMSS_Reg,0.1080697140933318,200
TKRR,1.8064641299928563,300
CDAR,5.592353790150596,300
DARC,38.373351502654025,300
VNCD_MDD,0.1431862763905866,300
M3SDA_Reg,0.1165503186554133,300
CMSS_Reg,0.1065854243522658,300
TKRR,1.906309986761001,500
CDAR,5.670030711900601,500
DARC,36.25901191608488,500
VNCD_MDD,0.1410283459833744,500
M3SDA_Reg,0.1164246822510307,500
CMSS_Reg,0.1044126718147574,500
XGBoost_Target_Only,0.1073666746690018,100
KRR_Target_Only,30.450388480529828,100
NN_Target_Only,21.620230707831368,100
XGBoost_Pool,0.0986379964720256,100
KRR_Pool,1.610428208851142,100
NN_Pool,5.379229076912968,100
XGBoost_TLCQM,0.1078443165549843,100
KRR_TLCQM,1.7306232949454567,100
NN_TLCQM,0.1105946370971625,100
XGBoost_Target_Only,0.0991595496373342,200
KRR_Target_Only,20.06363563327246,200
NN_Target_Only,19.83554055969088,200
XGBoost_Pool,0.0987266293267633,200
KRR_Pool,1.5786631014763703,200
NN_Pool,3.323618505590196,200
XGBoost_TLCQM,0.1004681401390555,200
KRR_TLCQM,1.6892394960296655,200
NN_TLCQM,0.1189346837149991,200
XGBoost_Target_Only,0.1005410164133848,300
KRR_Target_Only,14.359304914711805,300
NN_Target_Only,11.114405358158526,300
XGBoost_Pool,0.0956821218019617,300
KRR_Pool,1.5534038435323845,300
NN_Pool,3.0866199217472947,300
XGBoost_TLCQM,0.1070007240491841,300
KRR_TLCQM,1.6626380146782225,300
NN_TLCQM,0.1732441276128015,300
XGBoost_Target_Only,0.0948781857048906,500
KRR_Target_Only,8.856038349358416,500
NN_Target_Only,0.2093326761555298,500
XGBoost_Pool,0.0953267457590826,500
KRR_Pool,1.5089785959469222,500
NN_Pool,3.4970393786327856,500
XGBoost_TLCQM,0.0995973166633,500
KRR_TLCQM,1.6224376221207673,500
NN_TLCQM,0.1107437868042384,500
TKRR,2.1359388671220016,100
CDAR,5.887366141226546,100
DARC,26.96069079516263,100
VNCD_MDD,0.1748891444343223,100
M3SDA_Reg,0.1155064130758413,100
CMSS_Reg,0.120156636757094,100
TKRR,2.033383292235535,200
CDAR,5.744627038292664,200
DARC,23.71827030447301,200
VNCD_MDD,0.140824806470775,200
M3SDA_Reg,0.116064109926336,200
CMSS_Reg,0.1073988583411625,200
TKRR,1.894206234257268,300
CDAR,5.661892747724831,300
DARC,23.488543301673804,300
VNCD_MDD,0.1412459788948601,300
M3SDA_Reg,0.1184805412210486,300
CMSS_Reg,0.1066896837177706,300
TKRR,1.834417391483918,500
CDAR,5.613505374283807,500
DARC,23.644361722463668,500
VNCD_MDD,0.1422863894429215,500
M3SDA_Reg,0.1207412232344161,500
CMSS_Reg,0.104069795892688,500
XGBoost_Target_Only,0.1253492144106789,100
KRR_Target_Only,29.95945658702697,100
NN_Target_Only,20.19809511732426,100
XGBoost_Pool,0.1011428845092318,100
KRR_Pool,1.5561926382308569,100
NN_Pool,5.800391178167218,100
XGBoost_TLCQM,0.1189078913289777,100
KRR_TLCQM,1.6262470290164617,100
NN_TLCQM,0.1369981731304813,100
XGBoost_Target_Only,0.1145243131760546,200
KRR_Target_Only,19.85648457118147,200
NN_Target_Only,19.000470140397223,200
XGBoost_Pool,0.0980259657614862,200
KRR_Pool,1.546074650495513,200
NN_Pool,3.66800638758897,200
XGBoost_TLCQM,0.1035449350081599,200
KRR_TLCQM,1.629603835741774,200
NN_TLCQM,0.1263164194567875,200
XGBoost_Target_Only,0.1018450550719483,300
KRR_Target_Only,14.620836266073454,300
NN_Target_Only,6.455168472801973,300
XGBoost_Pool,0.096131474145881,300
KRR_Pool,1.45894820436757,300
NN_Pool,5.454939100746751,300
XGBoost_TLCQM,0.1087429266012999,300
KRR_TLCQM,1.525261800143327,300
NN_TLCQM,0.1087407581674148,300
XGBoost_Target_Only,0.0949102745730516,500
KRR_Target_Only,8.950844087996423,500
NN_Target_Only,0.1320434990077731,500
XGBoost_Pool,0.0979649348822928,500
KRR_Pool,1.419006030751345,500
NN_Pool,3.447141332507839,500
XGBoost_TLCQM,0.1021784608085033,500
KRR_TLCQM,1.5000395407198983,500
NN_TLCQM,0.1081951410011326,500
TKRR,1.844856881362732,100
CDAR,5.55209187429118,100
DARC,29.566400749023444,100
VNCD_MDD,0.1832787269517995,100
M3SDA_Reg,0.1176730007922861,100
CMSS_Reg,0.1218843469536279,100
TKRR,1.8423528558529003,200
CDAR,5.870137211852516,200
DARC,24.146905094757905,200
VNCD_MDD,0.1461462032323788,200
M3SDA_Reg,0.1166007395654138,200
CMSS_Reg,0.1169496273927137,200
TKRR,1.7989034486227695,300
CDAR,5.695774198337634,300
DARC,23.73930515797976,300
VNCD_MDD,0.1427976135422411,300
M3SDA_Reg,0.1121431009901525,300
CMSS_Reg,0.1071088557637259,300
TKRR,1.7435159264912596,500
CDAR,5.758066147266364,500
DARC,23.802814562727107,500
VNCD_MDD,0.1304687889916888,500
M3SDA_Reg,0.1140952626690312,500
CMSS_Reg,0.1054327618047801,500
XGBoost_Target_Only,0.1098159991118531,100
KRR_Target_Only,29.622941080045905,100
NN_Target_Only,25.070329694888628,100
XGBoost_Pool,0.1044492648460989,100
KRR_Pool,1.5712406076725658,100
NN_Pool,5.272922713359618,100
XGBoost_TLCQM,0.1158200145299657,100
KRR_TLCQM,1.6682591845297816,100
NN_TLCQM,0.145510909241397,100
XGBoost_Target_Only,0.1119719160131273,200
KRR_Target_Only,20.01844616499654,200
NN_Target_Only,23.682669846990176,200
XGBoost_Pool,0.1004401837850268,200
KRR_Pool,1.5379291585463428,200
NN_Pool,3.400480861928918,200
XGBoost_TLCQM,0.1078073467020764,200
KRR_TLCQM,1.6233867122829235,200
NN_TLCQM,0.3249109540003653,200
XGBoost_Target_Only,0.1014793219526525,300
KRR_Target_Only,13.84404882366721,300
NN_Target_Only,6.926722553182829,300
XGBoost_Pool,0.0969725378395524,300
KRR_Pool,1.4785209375421124,300
NN_Pool,4.300714088611216,300
XGBoost_TLCQM,0.109719081362166,300
KRR_TLCQM,1.567535046717229,300
NN_TLCQM,0.1152517823028603,300
XGBoost_Target_Only,0.0917025793894589,500
KRR_Target_Only,8.587273500018036,500
NN_Target_Only,0.3247975632815575,500
XGBoost_Pool,0.0932211009086452,500
KRR_Pool,1.434841787413372,500
NN_Pool,3.1705157834977244,500
XGBoost_TLCQM,0.1042986520596508,500
KRR_TLCQM,1.516228086064518,500
NN_TLCQM,0.2114674087594193,500
TKRR,1.8607032213313777,100
CDAR,5.662343147826685,100
DARC,25.37075258223953,100
VNCD_MDD,0.1626580051491437,100
M3SDA_Reg,0.1241977719138489,100
CMSS_Reg,0.1140170352505128,100
TKRR,1.8264057812222223,200
CDAR,5.354982069170276,200
DARC,30.363117100055817,200
VNCD_MDD,0.1592376439011195,200
M3SDA_Reg,0.1123373129037479,200
CMSS_Reg,0.110579145126026,200
TKRR,1.789978506284984,300
CDAR,5.307940064049097,300
DARC,30.52977311947919,300
VNCD_MDD,0.1383158492660659,300
M3SDA_Reg,0.1093840778664216,300
CMSS_Reg,0.1113751785838307,300
TKRR,1.746444036733045,500
CDAR,5.303763947446251,500
DARC,31.1588223849388,500
VNCD_MDD,0.1278123440629419,500
M3SDA_Reg,0.1090001136571156,500
CMSS_Reg,0.1025905888917925,500
XGBoost_Target_Only,0.1189685416845955,100
KRR_Target_Only,30.37032057901837,100
NN_Target_Only,23.527878898017697,100
XGBoost_Pool,0.0999182777238978,100
KRR_Pool,1.564628205983022,100
NN_Pool,5.466226177661756,100
XGBoost_TLCQM,0.1019866508803868,100
KRR_TLCQM,1.6709027491423178,100
NN_TLCQM,0.1076454668645279,100
XGBoost_Target_Only,0.1023027604571902,200
KRR_Target_Only,18.9205231955893,200
NN_Target_Only,22.093127790087816,200
XGBoost_Pool,0.1007410624463733,200
KRR_Pool,1.5520945897061358,200
NN_Pool,3.165472003978248,200
XGBoost_TLCQM,0.1012480771641695,200
KRR_TLCQM,1.6609677126477167,200
NN_TLCQM,0.1054377332499819,200
XGBoost_Target_Only,0.0994338407208893,300
KRR_Target_Only,14.58263925485663,300
NN_Target_Only,6.2708372906201095,300
XGBoost_Pool,0.0989393035373782,300
KRR_Pool,1.4946758673337588,300
NN_Pool,3.011353731806899,300
XGBoost_TLCQM,0.1004031038463292,300
KRR_TLCQM,1.5886943580463433,300
NN_TLCQM,0.1063412964058053,300
XGBoost_Target_Only,0.0970907316285406,500
KRR_Target_Only,9.080044612068816,500
NN_Target_Only,0.6269345031669159,500
XGBoost_Pool,0.0953146696715215,500
KRR_Pool,1.4399296506912107,500
NN_Pool,3.5791358025594198,500
XGBoost_TLCQM,0.0988415616448403,500
KRR_TLCQM,1.5124173494515325,500
NN_TLCQM,0.6660997582133451,500
TKRR,1.840746393343412,100
CDAR,5.724378894622941,100
DARC,38.04537754580984,100
VNCD_MDD,0.1529160372997923,100
M3SDA_Reg,0.1171919193806797,100
CMSS_Reg,0.1119616451825261,100
TKRR,1.869906111803944,200
CDAR,6.0403891993813845,200
DARC,21.010875780725183,200
VNCD_MDD,0.1397482698791254,200
M3SDA_Reg,0.1175433809043743,200
CMSS_Reg,0.1065621861495895,200
TKRR,1.840657360220218,300
CDAR,6.054169275031442,300
DARC,21.249820063054475,300
VNCD_MDD,0.1416042567894758,300
M3SDA_Reg,0.1179621567349022,300
CMSS_Reg,0.1065559585252981,300
TKRR,1.8781601792384448,500
CDAR,6.150783672702945,500
DARC,21.2619280312542,500
VNCD_MDD,0.134320482634227,500
M3SDA_Reg,0.1212631746135105,500
CMSS_Reg,0.1064067189245057,500
XGBoost_Target_Only,0.1150245827673285,100
KRR_Target_Only,29.378289904643047,100
NN_Target_Only,18.32725046731806,100
XGBoost_Pool,0.1006527876469263,100
KRR_Pool,1.6611350600996249,100
NN_Pool,6.207971559901668,100
XGBoost_TLCQM,0.1282342720831681,100
KRR_TLCQM,1.8406167186646991,100
NN_TLCQM,0.2244450393914041,100
XGBoost_Target_Only,0.1106218760209411,200
KRR_Target_Only,20.13819005102409,200
NN_Target_Only,21.567909290015496,200
XGBoost_Pool,0.0961382028158228,200
KRR_Pool,1.6305448920096637,200
NN_Pool,3.280812443853113,200
XGBoost_TLCQM,0.0963075066528214,200
KRR_TLCQM,1.756671154956001,200
NN_TLCQM,0.0973909204911137,200
XGBoost_Target_Only,0.0992286125864982,300
KRR_Target_Only,14.07949269872046,300
NN_Target_Only,6.762644087854921,300
XGBoost_Pool,0.0953352728739425,300
KRR_Pool,1.61392761689902,300
NN_Pool,2.63968442328351,300
XGBoost_TLCQM,0.0978272029047113,300
KRR_TLCQM,1.7384598555353374,300
NN_TLCQM,0.1054124593222601,300
XGBoost_Target_Only,0.0959944941232646,500
KRR_Target_Only,9.22390182510236,500
NN_Target_Only,0.1754452997475251,500
XGBoost_Pool,0.096748704841992,500
KRR_Pool,1.5430204825222984,500
NN_Pool,3.4920789295257157,500
XGBoost_TLCQM,0.0961830825730998,500
KRR_TLCQM,1.655736099670451,500
NN_TLCQM,0.1043750152234405,500
TKRR,1.945220517532668,100
CDAR,5.647902866588009,100
DARC,30.424825064795403,100
VNCD_MDD,0.1605081247246788,100
M3SDA_Reg,0.1108380262976461,100
CMSS_Reg,0.1169940999689795,100
TKRR,1.904768813344034,200
CDAR,5.209347050369242,200
DARC,31.685956147568845,200
VNCD_MDD,0.1827162308082048,200
M3SDA_Reg,0.1069085470219323,200
CMSS_Reg,0.1093853084444557,200
TKRR,1.9037301611764703,300
CDAR,5.211381861778344,300
DARC,30.92604237638747,300
VNCD_MDD,0.1277779658017442,300
M3SDA_Reg,0.1095463044652488,300
CMSS_Reg,0.1073899375264554,300
TKRR,1.904809950395575,500
CDAR,5.139343565687778,500
DARC,30.768881908137693,500
VNCD_MDD,0.1279578044229294,500
M3SDA_Reg,0.1135738049495636,500
CMSS_Reg,0.10628876678241,500
XGBoost_Target_Only,0.114362354551175,100
KRR_Target_Only,30.1692679379184,100
NN_Target_Only,21.22059156176404,100
XGBoost_Pool,0.1011101683360731,100
KRR_Pool,1.5984953716109191,100
NN_Pool,6.262485154741735,100
XGBoost_TLCQM,0.1108308666048312,100
KRR_TLCQM,1.7124315396340422,100
NN_TLCQM,0.113766010477328,100
XGBoost_Target_Only,0.1049567603005681,200
KRR_Target_Only,17.66472448417933,200
NN_Target_Only,20.165472901460053,200
XGBoost_Pool,0.0992807143441546,200
KRR_Pool,1.614732718824153,200
NN_Pool,3.331442980202896,200
XGBoost_TLCQM,0.1086251988041252,200
KRR_TLCQM,1.733277959028234,200
NN_TLCQM,0.3317194212455071,200
XGBoost_Target_Only,0.104068376842222,300
KRR_Target_Only,13.477491244893892,300
NN_Target_Only,0.3616881350545185,300
XGBoost_Pool,0.0980648228542382,300
KRR_Pool,1.5603232619766885,300
NN_Pool,2.871960180828689,300
XGBoost_TLCQM,0.1007559001439054,300
KRR_TLCQM,1.6689801051926163,300
NN_TLCQM,0.1020304571029046,300
XGBoost_Target_Only,0.0981936967811157,500
KRR_Target_Only,9.293413961282909,500
NN_Target_Only,0.2289984861320346,500
XGBoost_Pool,0.0955807810555569,500
KRR_Pool,1.454710337453481,500
NN_Pool,3.506591095117705,500
XGBoost_TLCQM,0.1055939681167913,500
KRR_TLCQM,1.5507567615219076,500
NN_TLCQM,0.1388671243990186,500
TKRR,1.8703349714296027,100
CDAR,5.7645329629018285,100
DARC,29.934215991560784,100
VNCD_MDD,0.1813082484553851,100
M3SDA_Reg,0.108762548764788,100
CMSS_Reg,0.1102112927038041,100
TKRR,2.0666925174718256,200
CDAR,5.613529984564247,200
DARC,30.44557223842879,200
VNCD_MDD,0.1517941402235816,200
M3SDA_Reg,0.1174852895080652,200
CMSS_Reg,0.1068752816418323,200
TKRR,1.8960572884183544,300
CDAR,5.560827909738154,300
DARC,30.368972700254208,300
VNCD_MDD,0.1323915637146292,300
M3SDA_Reg,0.1139616790904865,300
CMSS_Reg,0.1007399090146409,300
TKRR,1.8519296352537025,500
CDAR,5.494734412612583,500
DARC,28.557338343240502,500
VNCD_MDD,0.1333019126363687,500
M3SDA_Reg,0.120388021638277,500
CMSS_Reg,0.1020158053293818,500
XGBoost_Target_Only,0.1094027153595674,100
KRR_Target_Only,31.295156975616425,100
NN_Target_Only,23.733220867000803,100
XGBoost_Pool,0.0977148872976369,100
KRR_Pool,1.6054476663149655,100
NN_Pool,5.433473818356062,100
XGBoost_TLCQM,0.1109750689384523,100
KRR_TLCQM,1.7314297714440825,100
NN_TLCQM,0.2096366710796217,100
XGBoost_Target_Only,0.1003144839208612,200
KRR_Target_Only,19.929367241862877,200
NN_Target_Only,24.29845980466733,200
XGBoost_Pool,0.0982748759421269,200
KRR_Pool,1.5715179075813996,200
NN_Pool,3.4741582753077123,200
XGBoost_TLCQM,0.1050057397249629,200
KRR_TLCQM,1.6789576194905516,200
NN_TLCQM,0.1576708482546857,200
XGBoost_Target_Only,0.1009544263198293,300
KRR_Target_Only,14.775979818769656,300
NN_Target_Only,8.104027773296943,300
XGBoost_Pool,0.0987441340056392,300
KRR_Pool,1.5571002773890033,300
NN_Pool,4.027493530033173,300
XGBoost_TLCQM,0.1033090640319548,300
KRR_TLCQM,1.6603557678961902,300
NN_TLCQM,0.1251698144326916,300
XGBoost_Target_Only,0.096434284835328,500
KRR_Target_Only,8.281854850070358,500
NN_Target_Only,0.2512481413338658,500
XGBoost_Pool,0.0973956582101797,500
KRR_Pool,1.537305955852021,500
NN_Pool,3.3966015125890445,500
XGBoost_TLCQM,0.1049553369778028,500
KRR_TLCQM,1.6568835564435207,500
NN_TLCQM,0.130433304447886,500
TKRR,1.8965612678863235,100
CDAR,5.305661344779553,100
DARC,34.7664270566313,100
VNCD_MDD,0.1759848692557316,100
M3SDA_Reg,0.1193609536294814,100
CMSS_Reg,0.1124775613654539,100
TKRR,1.9113048526966407,200
CDAR,5.413076998084038,200
DARC,20.28445354490477,200
VNCD_MDD,0.1617135272299184,200
M3SDA_Reg,0.1219158307025981,200
CMSS_Reg,0.1084496162515656,200
TKRR,1.8914427261365028,300
CDAR,5.351167608133095,300
DARC,20.46858302320293,300
VNCD_MDD,0.1321043125635414,300
M3SDA_Reg,0.119349395851436,300
CMSS_Reg,0.1057050788585804,300
TKRR,1.871611363483619,500
CDAR,5.344542971475446,500
DARC,20.3014181601386,500
VNCD_MDD,0.1342574945250978,500
M3SDA_Reg,0.1228316999813498,500
CMSS_Reg,0.1033450405672073,500
XGBoost_Target_Only,0.1207714881383149,100
KRR_Target_Only,30.954346605047554,100
NN_Target_Only,21.850101196049412,100
XGBoost_Pool,0.1018249189015979,100
KRR_Pool,1.6189207642668682,100
NN_Pool,5.430198135154217,100
XGBoost_TLCQM,0.1080543667189085,100
KRR_TLCQM,1.7523521988067274,100
NN_TLCQM,0.1104285656354906,100
XGBoost_Target_Only,0.098429122693019,200
KRR_Target_Only,20.777088968115216,200
NN_Target_Only,23.88870811831549,200
XGBoost_Pool,0.0964419870223971,200
KRR_Pool,1.5643678173571516,200
NN_Pool,4.676124966992273,200
XGBoost_TLCQM,0.1070380257124784,200
KRR_TLCQM,1.6722297851496803,200
NN_TLCQM,0.1168973851195352,200
XGBoost_Target_Only,0.0947011652845326,300
KRR_Target_Only,13.670968827250215,300
NN_Target_Only,0.2794432638911453,300
XGBoost_Pool,0.0954676332934164,300
KRR_Pool,1.501785593785524,300
NN_Pool,2.815954062637743,300
XGBoost_TLCQM,0.1066404898394189,300
KRR_TLCQM,1.594694830446855,300
NN_TLCQM,0.1287267082793771,300
XGBoost_Target_Only,0.0964351914738496,500
KRR_Target_Only,9.33123205132622,500
NN_Target_Only,0.2682880019451188,500
XGBoost_Pool,0.0926628183185408,500
KRR_Pool,1.4111149927660334,500
NN_Pool,4.373174279230293,500
XGBoost_TLCQM,0.1059400234121158,500
KRR_TLCQM,1.5035273113604175,500
NN_TLCQM,0.1097648727679711,500
TKRR,1.8995968703600152,100
CDAR,5.608959776105312,100
DARC,24.546286948760983,100
VNCD_MDD,0.1745306296005614,100
M3SDA_Reg,0.120897093627412,100
CMSS_Reg,0.1188438702696369,100
TKRR,1.839692814239291,200
CDAR,6.138319081089117,200
DARC,25.74339594492369,200
VNCD_MDD,0.1443495096051752,200
M3SDA_Reg,0.1200010082852169,200
CMSS_Reg,0.1081680158836882,200
TKRR,2.019419318084696,300
CDAR,6.080360231451063,300
DARC,24.106750606806006,300
VNCD_MDD,0.1309169495006742,300
M3SDA_Reg,0.1211704092843589,300
CMSS_Reg,0.1075023126450516,300
TKRR,1.7326348774515905,500
CDAR,6.077386056433847,500
DARC,27.940865568886363,500
VNCD_MDD,0.1412337633771906,500
M3SDA_Reg,0.1196789054649297,500
CMSS_Reg,0.101714561607231,500
XGBoost_Target_Only,0.1147696083029758,100
KRR_Target_Only,29.261807290636472,100
NN_Target_Only,24.503950053073467,100
XGBoost_Pool,0.101436850486981,100
KRR_Pool,1.603794795042928,100
NN_Pool,5.277605241640601,100
XGBoost_TLCQM,0.1036381676730895,100
KRR_TLCQM,1.7177914775303489,100
NN_TLCQM,0.2276788147511323,100
XGBoost_Target_Only,0.1037014208665015,200
KRR_Target_Only,20.39774315741584,200
NN_Target_Only,22.685345647800208,200
XGBoost_Pool,0.0999671234463375,200
KRR_Pool,1.5849848627105534,200
NN_Pool,2.65669350709997,200
XGBoost_TLCQM,0.1003423505153666,200
KRR_TLCQM,1.698285839392239,200
NN_TLCQM,0.1018678561984508,200
XGBoost_Target_Only,0.1033355127170949,300
KRR_Target_Only,15.347803413052974,300
NN_Target_Only,1.227800800770732,300
XGBoost_Pool,0.0995694165642337,300
KRR_Pool,1.5970727058457868,300
NN_Pool,3.3020670154443508,300
XGBoost_TLCQM,0.100170945166434,300
KRR_TLCQM,1.714191385053563,300
NN_TLCQM,0.1086066272532283,300
XGBoost_Target_Only,0.1005106966302508,500
KRR_Target_Only,8.947602757700642,500
NN_Target_Only,0.2863062585847048,500
XGBoost_Pool,0.0979303923454645,500
KRR_Pool,1.5701890981141382,500
NN_Pool,4.347110931787571,500
XGBoost_TLCQM,0.0999288112875496,500
KRR_TLCQM,1.682469573978235,500
NN_TLCQM,0.1106505190014758,500
TKRR,1.8670913009716463,100
CDAR,5.9939958881787625,100
DARC,40.22929660543055,100
VNCD_MDD,0.1651467183607357,100
M3SDA_Reg,0.119046967021751,100
CMSS_Reg,0.1203716580647649,100
TKRR,1.9598050977722823,200
CDAR,5.8806009036562665,200
DARC,39.43588876146297,200
VNCD_MDD,0.1527301302445307,200
M3SDA_Reg,0.1164134478773316,200
CMSS_Reg,0.1170098501366696,200
TKRR,1.9825531031646384,300
CDAR,5.863185568174094,300
DARC,39.65784028583688,300
VNCD_MDD,0.130504532731901,300
M3SDA_Reg,0.1137681253789706,300
CMSS_Reg,0.1132608531371709,300
TKRR,1.9129621275672943,500
CDAR,5.922325165455751,500
DARC,39.46626904394364,500
VNCD_MDD,0.1692017632785557,500
M3SDA_Reg,0.1229121007874528,500
CMSS_Reg,0.1045538895511145,500
XGBoost_Target_Only,0.1192552517692504,100
KRR_Target_Only,31.989292216950407,100
NN_Target_Only,20.22972070139265,100
XGBoost_Pool,0.1026638461853635,100
KRR_Pool,1.6297768729193989,100
NN_Pool,5.687862614552544,100
XGBoost_TLCQM,0.1007716854442037,100
KRR_TLCQM,1.7357550050293375,100
NN_TLCQM,0.1142886393452463,100
XGBoost_Target_Only,0.1027569705709212,200
KRR_Target_Only,20.01572985375769,200
NN_Target_Only,21.94392437925434,200
XGBoost_Pool,0.0996634669020678,200
KRR_Pool,1.62166974409875,200
NN_Pool,3.178960832890539,200
XGBoost_TLCQM,0.1018171293973899,200
KRR_TLCQM,1.7142528044242884,200
NN_TLCQM,0.137167824752546,200
XGBoost_Target_Only,0.0972508944580346,300
KRR_Target_Only,13.635491866605452,300
NN_Target_Only,8.743892085382573,300
XGBoost_Pool,0.0974046361160071,300
KRR_Pool,1.6111023107210118,300
NN_Pool,3.2514382052060173,300
XGBoost_TLCQM,0.0999248901309512,300
KRR_TLCQM,1.74505668693085,300
NN_TLCQM,0.1549094981535007,300
XGBoost_Target_Only,0.0918815912077629,500
KRR_Target_Only,8.532596537342075,500
NN_Target_Only,0.6748075477480837,500
XGBoost_Pool,0.0949191239099542,500
KRR_Pool,1.6381872028644997,500
NN_Pool,4.221540705193957,500
XGBoost_TLCQM,0.0947287724069287,500
KRR_TLCQM,1.7576757169738877,500
NN_TLCQM,0.1067950797065596,500
TKRR,1.887569112215308,100
CDAR,6.014472440540319,100
DARC,39.18415064947999,100
VNCD_MDD,0.170240446909662,100
M3SDA_Reg,0.1150661302230619,100
CMSS_Reg,0.1149047503024414,100
TKRR,1.866892224530275,200
CDAR,5.849427205465575,200
DARC,38.15357827166631,200
VNCD_MDD,0.1638634109814151,200
M3SDA_Reg,0.1132030850558623,200
CMSS_Reg,0.1100531256128669,200
TKRR,1.8896952658302844,300
CDAR,5.826950546517946,300
DARC,36.93027028958548,300
VNCD_MDD,0.1224597840328391,300
M3SDA_Reg,0.1162376352337524,300
CMSS_Reg,0.1085920687639994,300
TKRR,1.918199535027932,500
CDAR,5.840278980142702,500
DARC,37.414792224860825,500
VNCD_MDD,0.1249858061514532,500
M3SDA_Reg,0.1092418131237212,500
CMSS_Reg,0.1037859955444937,500
XGBoost_Target_Only,0.130691910407135,100
KRR_Target_Only,27.98154794266745,100
NN_Target_Only,19.83128891166476,100
XGBoost_Pool,0.0989408521464672,100
KRR_Pool,1.6416609616326778,100
NN_Pool,3.4028262026027667,100
XGBoost_TLCQM,0.1121248213082439,100
KRR_TLCQM,1.7360469473964495,100
NN_TLCQM,0.1356116107826429,100
XGBoost_Target_Only,0.1174592503708366,200
KRR_Target_Only,18.73755436671654,200
NN_Target_Only,21.961835951723653,200
XGBoost_Pool,0.1006440646702096,200
KRR_Pool,1.5684234382370537,200
NN_Pool,3.3011067735086908,200
XGBoost_TLCQM,0.105567520808858,200
KRR_TLCQM,1.665660725482254,200
NN_TLCQM,0.1151525481353463,200
XGBoost_Target_Only,0.1050001714129338,300
KRR_Target_Only,12.833008030182794,300
NN_Target_Only,0.2848048802249203,300
XGBoost_Pool,0.0987828132056531,300
KRR_Pool,1.5094788338086218,300
NN_Pool,2.5436258956038165,300
XGBoost_TLCQM,0.1052306809166731,300
KRR_TLCQM,1.6045370419648255,300
NN_TLCQM,0.1069332045593694,300
XGBoost_Target_Only,0.0961135181285399,500
KRR_Target_Only,8.526565300088633,500
NN_Target_Only,0.186315654887798,500
XGBoost_Pool,0.0963273100901405,500
KRR_Pool,1.4484739234825326,500
NN_Pool,3.9833953155355664,500
XGBoost_TLCQM,0.1053744986596796,500
KRR_TLCQM,1.5358771576379957,500
NN_TLCQM,0.1055103959968288,500
TKRR,1.9023752776499612,100
CDAR,5.966651046270587,100
DARC,28.521362819277364,100
VNCD_MDD,0.1834596473491305,100
M3SDA_Reg,0.1233154926927711,100
CMSS_Reg,0.125553209214115,100
TKRR,1.8469793019046643,200
CDAR,6.27719953943069,200
DARC,26.8951859976992,200
VNCD_MDD,0.1645414321979623,200
M3SDA_Reg,0.1260050891949683,200
CMSS_Reg,0.1210267860577205,200
TKRR,1.7914606872853056,300
CDAR,6.246110547941799,300
DARC,26.823973392279918,300
VNCD_MDD,0.1395818824349217,300
M3SDA_Reg,0.1368395473593782,300
CMSS_Reg,0.1178772694036024,300
TKRR,1.809263449439664,500
CDAR,6.237791490823239,500
DARC,27.071773558268983,500
VNCD_MDD,0.1321255728385507,500
M3SDA_Reg,0.1232934193586068,500
CMSS_Reg,0.1106459479061241,500
XGBoost_Target_Only,0.1102237381897783,100
KRR_Target_Only,31.562858237835083,100
NN_Target_Only,26.71128827394275,100
XGBoost_Pool,0.1021515244438059,100
KRR_Pool,1.5959424602481287,100
NN_Pool,5.758020074078206,100
XGBoost_TLCQM,0.1044388872319153,100
KRR_TLCQM,1.724338636767247,100
NN_TLCQM,0.1114100667322355,100
XGBoost_Target_Only,0.1019117523532479,200
KRR_Target_Only,19.81536105902922,200
NN_Target_Only,24.487714879113504,200
XGBoost_Pool,0.0997957169048422,200
KRR_Pool,1.5426956592180647,200
NN_Pool,3.257838629913814,200
XGBoost_TLCQM,0.1039246651250732,200
KRR_TLCQM,1.6632725275802678,200
NN_TLCQM,0.1510191842858265,200
XGBoost_Target_Only,0.1028658435858242,300
KRR_Target_Only,14.565715720300622,300
NN_Target_Only,8.220310095915234,300
XGBoost_Pool,0.099984779853572,300
KRR_Pool,1.5335023725506858,300
NN_Pool,3.6396528018238974,300
XGBoost_TLCQM,0.1037743816806611,300
KRR_TLCQM,1.6588340795896737,300
NN_TLCQM,0.1678983892310514,300
XGBoost_Target_Only,0.0965650637988244,500
KRR_Target_Only,9.483388553470231,500
NN_Target_Only,0.2126110487201885,500
XGBoost_Pool,0.0971484951701768,500
KRR_Pool,1.500193501941575,500
NN_Pool,2.9408999876966893,500
XGBoost_TLCQM,0.1057096528476554,500
KRR_TLCQM,1.6195763366353817,500
NN_TLCQM,0.1188418305023058,500
TKRR,1.8616379187573844,100
CDAR,5.48448767239566,100
DARC,34.89990842997611,100
VNCD_MDD,0.1633400288246879,100
M3SDA_Reg,0.121828222848513,100
CMSS_Reg,0.1056046079815955,100
TKRR,1.8720870281760489,200
CDAR,5.248631841154011,200
DARC,28.680096022946195,200
VNCD_MDD,0.1718457979711108,200
M3SDA_Reg,0.1217012465470396,200
CMSS_Reg,0.1027979115461437,200
TKRR,1.8329008966353035,300
CDAR,5.208567492401858,300
DARC,29.18310759627763,300
VNCD_MDD,0.1471981287430792,300
M3SDA_Reg,0.1135041407672647,300
CMSS_Reg,0.1017867978901809,300
TKRR,1.8050540895361504,500
CDAR,5.223408259975305,500
DARC,28.93655909754926,500
VNCD_MDD,0.1213941256370008,500
M3SDA_Reg,0.1242684984589026,500
CMSS_Reg,0.0984588717890875,500
XGBoost_Target_Only,0.1197349044558499,100
KRR_Target_Only,29.84088666982311,100
NN_Target_Only,17.202713096305022,100
XGBoost_Pool,0.1029229455349225,100
KRR_Pool,1.5865098162722238,100
NN_Pool,5.743270986894949,100
XGBoost_TLCQM,0.1026754401991951,100
KRR_TLCQM,1.7248194322401893,100
NN_TLCQM,0.1065160351948052,100
XGBoost_Target_Only,0.105769263830025,200
KRR_Target_Only,19.278149202606933,200
NN_Target_Only,18.890905439082648,200
XGBoost_Pool,0.0980140826152574,200
KRR_Pool,1.5707940715326396,200
NN_Pool,3.697617008976103,200
XGBoost_TLCQM,0.1005997122272199,200
KRR_TLCQM,1.6785498930072942,200
NN_TLCQM,0.1098137360047785,200
XGBoost_Target_Only,0.1043039191902763,300
KRR_Target_Only,14.79857144275604,300
NN_Target_Only,1.7111180610757502,300
XGBoost_Pool,0.0977435468587178,300
KRR_Pool,1.540074628178304,300
NN_Pool,2.666280945754046,300
XGBoost_TLCQM,0.1027903007953351,300
KRR_TLCQM,1.634974392580608,300
NN_TLCQM,0.1226694365509341,300
XGBoost_Target_Only,0.103233054882365,500
KRR_Target_Only,8.918879447247312,500
NN_Target_Only,0.4689744698067401,500
XGBoost_Pool,0.0992708785555215,500
KRR_Pool,1.532054242927418,500
NN_Pool,4.433201580546091,500
XGBoost_TLCQM,0.0996514451855028,500
KRR_TLCQM,1.6323085510847373,500
NN_TLCQM,0.1200375513189639,500
TKRR,1.9427756330596364,100
CDAR,6.768173233518832,100
DARC,25.790780005617183,100
VNCD_MDD,0.1607699607689189,100
M3SDA_Reg,0.1119570506513655,100
CMSS_Reg,0.1323470890448984,100
TKRR,1.899739293675526,200
CDAR,6.530722307186332,200
DARC,27.02724934454311,200
VNCD_MDD,0.1441000584108085,200
M3SDA_Reg,0.1093640817347322,200
CMSS_Reg,0.1135994988225981,200
TKRR,1.83870192152085,300
CDAR,6.475945794555012,300
DARC,27.41293912680767,300
VNCD_MDD,0.1361949890782021,300
M3SDA_Reg,0.1147831798589481,300
CMSS_Reg,0.1130654201838759,300
TKRR,1.817559756743564,500
CDAR,6.579886913417591,500
DARC,27.660239826922798,500
VNCD_MDD,0.1327099038339,500
M3SDA_Reg,0.1217543029302586,500
CMSS_Reg,0.1070610751382671,500
XGBoost_Target_Only,0.1189891335067247,100
KRR_Target_Only,29.413728494791226,100
NN_Target_Only,21.31783407829346,100
XGBoost_Pool,0.1009132245456018,100
KRR_Pool,1.5675967199506358,100
NN_Pool,5.667751678981576,100
XGBoost_TLCQM,0.107317288829671,100
KRR_TLCQM,1.704732921942198,100
NN_TLCQM,0.3407933642569433,100
XGBoost_Target_Only,0.1053648321132818,200
KRR_Target_Only,19.393967628119515,200
NN_Target_Only,23.38769855216261,200
XGBoost_Pool,0.0989197513655728,200
KRR_Pool,1.556733196596028,200
NN_Pool,5.136737280602394,200
XGBoost_TLCQM,0.1146219972879711,200
KRR_TLCQM,1.7171620311740754,200
NN_TLCQM,0.1112805212958186,200
XGBoost_Target_Only,0.1021029284483803,300
KRR_Target_Only,14.38686349138732,300
NN_Target_Only,6.248954666139534,300
XGBoost_Pool,0.098496672055371,300
KRR_Pool,1.5591469939492553,300
NN_Pool,3.45057097588411,300
XGBoost_TLCQM,0.0998377049103471,300
KRR_TLCQM,1.6845542382440213,300
NN_TLCQM,0.1031316621157507,300
XGBoost_Target_Only,0.0943695091409417,500
KRR_Target_Only,9.149124430128584,500
NN_Target_Only,2.581723157049565,500
XGBoost_Pool,0.0957391313891309,500
KRR_Pool,1.4892696835113992,500
NN_Pool,3.8151551386439233,500
XGBoost_TLCQM,0.0985430853450417,500
KRR_TLCQM,1.5942635989659868,500
NN_TLCQM,0.125030258504159,500
TKRR,1.878954720804644,100
CDAR,5.667005393025635,100
DARC,27.218336078563134,100
VNCD_MDD,0.1693332842401186,100
M3SDA_Reg,0.1165469274652173,100
CMSS_Reg,0.1165605864849591,100
TKRR,1.8700157786437024,200
CDAR,5.280800672988727,200
DARC,31.86344669965508,200
VNCD_MDD,0.1291434055401069,200
M3SDA_Reg,0.1199507877958551,200
CMSS_Reg,0.1178510403501176,200
TKRR,1.8778092746067057,300
CDAR,5.251988529888604,300
DARC,31.98749697578646,300
VNCD_MDD,0.1195613723761168,300
M3SDA_Reg,0.1179045140927492,300
CMSS_Reg,0.1093079649134114,300
TKRR,1.8078260245318785,500
CDAR,5.19785393070261,500
DARC,32.098737447222184,500
VNCD_MDD,0.1151821363105013,500
M3SDA_Reg,0.1188734131088852,500
CMSS_Reg,0.1030534051754001,500
XGBoost_Target_Only,0.1231628295046396,100
KRR_Target_Only,30.768032645751266,100
NN_Target_Only,24.115873098199263,100
XGBoost_Pool,0.1013355530957485,100
KRR_Pool,1.583219420345921,100
NN_Pool,5.804348455489692,100
XGBoost_TLCQM,0.1078459930039704,100
KRR_TLCQM,1.7109977781057335,100
NN_TLCQM,0.1114405308277689,100
XGBoost_Target_Only,0.1044115484613822,200
KRR_Target_Only,21.666375137085637,200
NN_Target_Only,22.658549225374287,200
XGBoost_Pool,0.0997195343532736,200
KRR_Pool,1.5583757117663768,200
NN_Pool,4.308508716177393,200
XGBoost_TLCQM,0.1064732827440168,200
KRR_TLCQM,1.6832388038882622,200
NN_TLCQM,0.1448878488146738,200
XGBoost_Target_Only,0.0995590627031163,300
KRR_Target_Only,15.184808775894489,300
NN_Target_Only,6.767109582100639,300
XGBoost_Pool,0.0973292644634218,300
KRR_Pool,1.5235060541722891,300
NN_Pool,4.3249036617815335,300
XGBoost_TLCQM,0.1050338455232163,300
KRR_TLCQM,1.6472388403864506,300
NN_TLCQM,0.109413516656684,300
XGBoost_Target_Only,0.0965692264876021,500
KRR_Target_Only,9.581822831215376,500
NN_Target_Only,6.746935057047133,500
XGBoost_Pool,0.0957544935813842,500
KRR_Pool,1.5183823355543646,500
NN_Pool,3.407239771696387,500
XGBoost_TLCQM,0.1039390607490155,500
KRR_TLCQM,1.64171855055914,500
NN_TLCQM,0.1341552341447393,500
TKRR,1.9646476525828216,100
CDAR,5.918806956359643,100
DARC,31.08588469473689,100
VNCD_MDD,0.1784610674720369,100
M3SDA_Reg,0.1247154698864017,100
CMSS_Reg,0.1192267403338477,100
TKRR,2.024412016199648,200
CDAR,6.138216589529153,200
DARC,25.94475443579635,200
VNCD_MDD,0.1506125503005564,200
M3SDA_Reg,0.1158732865257612,200
CMSS_Reg,0.1127654819594074,200
TKRR,1.856935111452486,300
CDAR,6.192424363405769,300
DARC,26.30069381992757,300
VNCD_MDD,0.1452816399023762,300
M3SDA_Reg,0.1183959178042139,300
CMSS_Reg,0.1105805235138274,300
TKRR,1.8031419728419755,500
CDAR,6.128846043117051,500
DARC,25.780542696619012,500
VNCD_MDD,0.1362118234392786,500
M3SDA_Reg,0.1259552302623055,500
CMSS_Reg,0.106964378006006,500
XGBoost_Target_Only,0.1029879960828854,100
KRR_Target_Only,31.006827850893615,100
NN_Target_Only,38.52257061721217,100
XGBoost_Pool,0.1002741285934559,100
KRR_Pool,1.5524061246550585,100
NN_Pool,5.7798324795450124,100
XGBoost_TLCQM,0.1102081459346622,100
KRR_TLCQM,1.670884745676522,100
NN_TLCQM,0.1277597885171666,100
XGBoost_Target_Only,0.1017472428782454,200
KRR_Target_Only,20.28557732190784,200
NN_Target_Only,31.06618349672049,200
XGBoost_Pool,0.0990739625255813,200
KRR_Pool,1.5620003444412034,200
NN_Pool,2.959990942196536,200
XGBoost_TLCQM,0.1106025064579433,200
KRR_TLCQM,1.668593151354688,200
NN_TLCQM,0.1118203506013585,200
XGBoost_Target_Only,0.0965044409431918,300
KRR_Target_Only,14.388245428574368,300
NN_Target_Only,7.327575484053299,300
XGBoost_Pool,0.0977710650673026,300
KRR_Pool,1.5811878425925991,300
NN_Pool,2.7258610613284477,300
XGBoost_TLCQM,0.1046314905829102,300
KRR_TLCQM,1.6793454843424092,300
NN_TLCQM,0.1261184694154236,300
XGBoost_Target_Only,0.0922338768315114,500
KRR_Target_Only,9.357812960874163,500
NN_Target_Only,1.679736323819023,500
XGBoost_Pool,0.0960807718149306,500
KRR_Pool,1.5583811647445445,500
NN_Pool,4.40910036607758,500
XGBoost_TLCQM,0.1014500583876527,500
KRR_TLCQM,1.6567440631272077,500
NN_TLCQM,0.1087524582312247,500
TKRR,1.8201318836867688,100
CDAR,7.6478180811949,100
DARC,29.42213057318297,100
VNCD_MDD,0.1622190558498817,100
M3SDA_Reg,0.1300882313882369,100
CMSS_Reg,0.108857515642903,100
TKRR,1.9011649247541085,200
CDAR,6.613299209658687,200
DARC,30.455248930193022,200
VNCD_MDD,0.1578232572339516,200
M3SDA_Reg,0.1220609203354249,200
CMSS_Reg,0.1147179827137721,200
TKRR,1.843858899738108,300
CDAR,5.839883336563927,300
DARC,31.37649929708341,300
VNCD_MDD,0.1516248035402103,300
M3SDA_Reg,0.1178556162313246,300
CMSS_Reg,0.1080420488854954,300
TKRR,1.81239450750861,500
CDAR,5.460320210746909,500
DARC,30.514445226712706,500
VNCD_MDD,0.1430869924172275,500
M3SDA_Reg,0.1143939894562482,500
CMSS_Reg,0.1018997063139929,500
XGBoost_Target_Only,0.1038658812007974,100
KRR_Target_Only,28.843731494381093,100
NN_Target_Only,31.70503327948485,100
XGBoost_Pool,0.1010141081275179,100
KRR_Pool,1.5937480278451943,100
NN_Pool,5.107616372908891,100
XGBoost_TLCQM,0.0990665650751898,100
KRR_TLCQM,1.7202582057582336,100
NN_TLCQM,0.1648575146659352,100
XGBoost_Target_Only,0.1011830808783504,200
KRR_Target_Only,19.0143903100211,200
NN_Target_Only,25.739885700940448,200
XGBoost_Pool,0.0991086048409294,200
KRR_Pool,1.5744799856483032,200
NN_Pool,3.711848074047448,200
XGBoost_TLCQM,0.1031378897166741,200
KRR_TLCQM,1.6870706356111589,200
NN_TLCQM,0.166028410943204,200
XGBoost_Target_Only,0.0984745702911577,300
KRR_Target_Only,13.51504500355698,300
NN_Target_Only,10.92323999820821,300
XGBoost_Pool,0.0976581957294044,300
KRR_Pool,1.547887626206651,300
NN_Pool,2.7522065005821887,300
XGBoost_TLCQM,0.1044243575094457,300
KRR_TLCQM,1.6602535445529418,300
NN_TLCQM,0.1068513410359746,300
XGBoost_Target_Only,0.0961867564447524,500
KRR_Target_Only,8.288575249655658,500
NN_Target_Only,0.2576562184587757,500
XGBoost_Pool,0.096888972774919,500
KRR_Pool,1.4947073935051238,500
NN_Pool,3.460816826000924,500
XGBoost_TLCQM,0.1032099438151469,500
KRR_TLCQM,1.5910046628707075,500
NN_TLCQM,0.3484750547993383,500
TKRR,1.866961046100844,100
CDAR,6.567860625340789,100
DARC,34.63951247926248,100
VNCD_MDD,0.1823142042138038,100
M3SDA_Reg,0.1225822400605416,100
CMSS_Reg,0.1182430135426109,100
TKRR,1.8890709174108635,200
CDAR,5.915501348974279,200
DARC,42.842624829080656,200
VNCD_MDD,0.1600535538181788,200
M3SDA_Reg,0.1146683291055122,200
CMSS_Reg,0.1113557782768474,200
TKRR,1.8155574916255532,300
CDAR,5.867554232645089,300
DARC,43.390264439806586,300
VNCD_MDD,0.1568461313898687,300
M3SDA_Reg,0.1198803186480333,300
CMSS_Reg,0.1050024191085177,300
TKRR,1.7723722911795858,500
CDAR,5.778243381604073,500
DARC,43.03993262046884,500
VNCD_MDD,0.1607532504480222,500
M3SDA_Reg,0.1209472832675964,500
CMSS_Reg,0.1029099241491722,500
XGBoost_Target_Only,0.1260905527136099,100
KRR_Target_Only,29.357207377957195,100
NN_Target_Only,16.67611155213822,100
XGBoost_Pool,0.0993959813827985,100
KRR_Pool,1.6646767164317988,100
NN_Pool,5.405544592073146,100
XGBoost_TLCQM,0.1041418718055705,100
KRR_TLCQM,1.8012443774862017,100
NN_TLCQM,0.1034133217199252,100
XGBoost_Target_Only,0.1157223641976954,200
KRR_Target_Only,20.49798647737937,200
NN_Target_Only,16.81007889663926,200
XGBoost_Pool,0.1007432744684967,200
KRR_Pool,1.6784298691159072,200
NN_Pool,3.260666568717816,200
XGBoost_TLCQM,0.1100501537549811,200
KRR_TLCQM,1.8303166143371845,200
NN_TLCQM,0.1124389650997682,200
XGBoost_Target_Only,0.102902782035644,300
KRR_Target_Only,15.37002182412181,300
NN_Target_Only,2.049438278009831,300
XGBoost_Pool,0.099240466228506,300
KRR_Pool,1.6747531483812588,300
NN_Pool,5.431229777861401,300
XGBoost_TLCQM,0.1025075549966748,300
KRR_TLCQM,1.81898440098959,300
NN_TLCQM,0.103498154119441,300
XGBoost_Target_Only,0.0953200377465561,500
KRR_Target_Only,10.196133555457427,500
NN_Target_Only,0.1792519581753802,500
XGBoost_Pool,0.0946621210907557,500
KRR_Pool,1.6680825734401734,500
NN_Pool,3.5883780671272203,500
XGBoost_TLCQM,0.0981322573674043,500
KRR_TLCQM,1.8110702971088373,500
NN_TLCQM,0.1006961232391721,500
TKRR,1.9595700040110176,100
CDAR,5.655150689122163,100
DARC,35.53110201193319,100
VNCD_MDD,0.152661643888477,100
M3SDA_Reg,0.1202399823292016,100
CMSS_Reg,0.1156992866749292,100
TKRR,1.934556174317137,200
CDAR,56.4427359770564,200
DARC,27.097046086702875,200
VNCD_MDD,0.1553823049887092,200
M3SDA_Reg,0.1110555038752073,200
CMSS_Reg,0.1166024873609675,200
TKRR,2.1189331421860143,300
CDAR,56.4434719228637,300
DARC,26.928704903241258,300
VNCD_MDD,0.1470338582481472,300
M3SDA_Reg,0.1114848466252776,300
CMSS_Reg,0.1108341331161206,300
TKRR,1.933024811546335,500
CDAR,56.445959414785946,500
DARC,27.04067424383802,500
VNCD_MDD,0.1328535128634095,500
M3SDA_Reg,0.1120173102589646,500
CMSS_Reg,0.1051708033926575,500
XGBoost_Target_Only,0.1231161084219615,100
KRR_Target_Only,29.87708893244255,100
NN_Target_Only,35.01436998397105,100
XGBoost_Pool,0.1051784452827814,100
KRR_Pool,1.582468647065009,100
NN_Pool,5.6142425549266495,100
XGBoost_TLCQM,0.1084128301734315,100
KRR_TLCQM,1.7043845547652985,100
NN_TLCQM,0.1167065755073523,100
XGBoost_Target_Only,0.1128692940030743,200
KRR_Target_Only,18.57055508527932,200
NN_Target_Only,31.73189963508897,200
XGBoost_Pool,0.0998365661150123,200
KRR_Pool,1.530518843578002,200
NN_Pool,3.248546096367435,200
XGBoost_TLCQM,0.1059709181335635,200
KRR_TLCQM,1.6463415746497336,200
NN_TLCQM,0.1941462412904979,200
XGBoost_Target_Only,0.102088553741447,300
KRR_Target_Only,13.218624816844564,300
NN_Target_Only,7.032267376778051,300
XGBoost_Pool,0.098102411190814,300
KRR_Pool,1.512951060446318,300
NN_Pool,3.063348146888329,300
XGBoost_TLCQM,0.1012155159595396,300
KRR_TLCQM,1.6190976794214864,300
NN_TLCQM,0.1083262472894844,300
XGBoost_Target_Only,0.0937873765041125,500
KRR_Target_Only,8.150676040074863,500
NN_Target_Only,0.1987398127305939,500
XGBoost_Pool,0.0955068351521662,500
KRR_Pool,1.472260105148155,500
NN_Pool,3.343010198964065,500
XGBoost_TLCQM,0.1016131453586379,500
KRR_TLCQM,1.572290262464512,500
NN_TLCQM,0.1098815936539441,500
TKRR,1.856696557246527,100
CDAR,7.511072550342657,100
DARC,32.31346972842743,100
VNCD_MDD,0.1551178925124928,100
M3SDA_Reg,0.1185221486006875,100
CMSS_Reg,0.1133034177348359,100
TKRR,1.8334023176612768,200
CDAR,6.136017814407511,200
DARC,28.632813259889648,200
VNCD_MDD,0.1430541859047158,200
M3SDA_Reg,0.1147883278686975,200
CMSS_Reg,0.1109999311004606,200
TKRR,1.7898618471643064,300
CDAR,5.602426564137996,300
DARC,28.78016959014409,300
VNCD_MDD,0.1292970663213342,300
M3SDA_Reg,0.1121776857687997,300
CMSS_Reg,0.107044116556357,300
TKRR,1.7620847268225197,500
CDAR,5.278955564083151,500
DARC,28.928645895034684,500
VNCD_MDD,0.123097499036845,500
M3SDA_Reg,0.1115539296492942,500
CMSS_Reg,0.1042299616346199,500
XGBoost_Target_Only,0.1402347606531202,100
KRR_Target_Only,30.96035896937425,100
NN_Target_Only,21.599377331472315,100
XGBoost_Pool,0.1006558497466543,100
KRR_Pool,1.651048579040194,100
NN_Pool,5.425140046781889,100
XGBoost_TLCQM,0.1010707828825251,100
KRR_TLCQM,1.7730987511921223,100
NN_TLCQM,0.1092200016261285,100
XGBoost_Target_Only,0.1031160870631928,200
KRR_Target_Only,20.800208394290728,200
NN_Target_Only,24.400026629215542,200
XGBoost_Pool,0.0998439166348764,200
KRR_Pool,1.5776502704422812,200
NN_Pool,7.599669779858908,200
XGBoost_TLCQM,0.1041778742883713,200
KRR_TLCQM,1.6948566520261816,200
NN_TLCQM,0.1058603665009809,200
XGBoost_Target_Only,0.1019131777498647,300
KRR_Target_Only,14.662040076913687,300
NN_Target_Only,0.4434948847891058,300
XGBoost_Pool,0.0982894460872509,300
KRR_Pool,1.5033935026264214,300
NN_Pool,3.430768849366431,300
XGBoost_TLCQM,0.1033309393079797,300
KRR_TLCQM,1.6022231363800088,300
NN_TLCQM,0.1620756299813446,300
XGBoost_Target_Only,0.0985831924547793,500
KRR_Target_Only,9.301261423410224,500
NN_Target_Only,0.1923745821996519,500
XGBoost_Pool,0.0977050882538628,500
KRR_Pool,1.4170895183870444,500
NN_Pool,3.391740497094597,500
XGBoost_TLCQM,0.1027660643402526,500
KRR_TLCQM,1.5129249440977293,500
NN_TLCQM,0.1192599731798472,500
TKRR,1.9083280973079817,100
CDAR,5.6167536645137774,100
DARC,27.071906218314776,100
VNCD_MDD,0.1582815114353039,100
M3SDA_Reg,0.1218117180258234,100
CMSS_Reg,0.120725018583023,100
TKRR,1.862498531708057,200
CDAR,6.1320979625872,200
DARC,31.09433977252993,200
VNCD_MDD,0.2006654845438103,200
M3SDA_Reg,0.1256732107547759,200
CMSS_Reg,0.1162872670332493,200
TKRR,1.7749367661650552,300
CDAR,6.066006415427018,300
DARC,31.74288381671749,300
VNCD_MDD,0.1543128177340739,300
M3SDA_Reg,0.1279869406750859,300
CMSS_Reg,0.1168825228421371,300
TKRR,1.7497946671801736,500
CDAR,6.092403947739926,500
DARC,31.94720192196236,500
VNCD_MDD,0.1484751959603352,500
M3SDA_Reg,0.1261567362662717,500
CMSS_Reg,0.1092823807590498,500
XGBoost_Target_Only,0.1122929311119979,100
KRR_Target_Only,29.35456939241137,100
NN_Target_Only,20.18723565046582,100
XGBoost_Pool,0.1021984779923861,100
KRR_Pool,1.6277282383328724,100
NN_Pool,6.30882011380568,100
XGBoost_TLCQM,0.1437295179534931,100
KRR_TLCQM,1.8282459808168932,100
NN_TLCQM,0.1804244205245611,100
XGBoost_Target_Only,0.1127850192252185,200
KRR_Target_Only,18.940011084559583,200
NN_Target_Only,20.112778744529088,200
XGBoost_Pool,0.1004476922770114,200
KRR_Pool,1.6010480877197013,200
NN_Pool,3.3275215181529263,200
XGBoost_TLCQM,0.1087989193782919,200
KRR_TLCQM,1.6969376517116572,200
NN_TLCQM,0.1831517760306967,200
XGBoost_Target_Only,0.1115566613519443,300
KRR_Target_Only,14.341272969493865,300
NN_Target_Only,7.484343670219483,300
XGBoost_Pool,0.0997210750510619,300
KRR_Pool,1.6141178311434805,300
NN_Pool,6.008608456579022,300
XGBoost_TLCQM,0.1088775457091432,300
KRR_TLCQM,1.7257314648845647,300
NN_TLCQM,0.1100109927666886,300
XGBoost_Target_Only,0.0961373754915275,500
KRR_Target_Only,9.507139467456376,500
NN_Target_Only,0.2806802305527887,500
XGBoost_Pool,0.0978413735926761,500
KRR_Pool,1.5459806713760058,500
NN_Pool,2.7919619738720725,500
XGBoost_TLCQM,0.1089413083797233,500
KRR_TLCQM,1.644735490285287,500
NN_TLCQM,0.1139746866128501,500
TKRR,1.975160729637221,100
CDAR,6.351790757232122,100
DARC,28.087107314369,100
VNCD_MDD,0.2034736363963731,100
M3SDA_Reg,0.1124757321294734,100
CMSS_Reg,0.1139623877009067,100
TKRR,1.8974775426816264,200
CDAR,5.624673682818596,200
DARC,23.524065003710376,200
VNCD_MDD,0.1693702362937238,200
M3SDA_Reg,0.1189860512901761,200
CMSS_Reg,0.1121154936139398,200
TKRR,1.9474186010510357,300
CDAR,5.670628593941311,300
DARC,24.052926726528668,300
VNCD_MDD,0.1578627391337507,300
M3SDA_Reg,0.1215118157947036,300
CMSS_Reg,0.1152177017062193,300
TKRR,1.889227649388396,500
CDAR,5.649199254761021,500
DARC,23.57858617928015,500
VNCD_MDD,0.1410669997861185,500
M3SDA_Reg,0.1210582527972565,500
CMSS_Reg,0.103421373543845,500
XGBoost_Target_Only,0.1115431409573249,100
KRR_Target_Only,29.557260360923845,100
NN_Target_Only,20.56613554349201,100
XGBoost_Pool,0.1003689089496394,100
KRR_Pool,1.613914833881947,100
NN_Pool,3.892273968379013,100
XGBoost_TLCQM,0.1224485392884595,100
KRR_TLCQM,1.7159491853801438,100
NN_TLCQM,0.1207347556986878,100
XGBoost_Target_Only,0.1053110218920282,200
KRR_Target_Only,18.784236027046813,200
NN_Target_Only,21.92744218671556,200
XGBoost_Pool,0.0997393061496558,200
KRR_Pool,1.5462938839384146,200
NN_Pool,3.183071776021784,200
XGBoost_TLCQM,0.110516215844538,200
KRR_TLCQM,1.6497743794374258,200
NN_TLCQM,0.2634625459745761,200
XGBoost_Target_Only,0.1005810921569407,300
KRR_Target_Only,13.66449818205302,300
NN_Target_Only,7.393558364195424,300
XGBoost_Pool,0.0978021374587711,300
KRR_Pool,1.535165643308775,300
NN_Pool,5.948153607726872,300
XGBoost_TLCQM,0.1056513336313257,300
KRR_TLCQM,1.6412651304770254,300
NN_TLCQM,0.1091357941171005,300
XGBoost_Target_Only,0.0955328218805572,500
KRR_Target_Only,8.725226800519378,500
NN_Target_Only,0.3493627638906678,500
XGBoost_Pool,0.0938925936065656,500
KRR_Pool,1.5079268318889054,500
NN_Pool,4.14322708957274,500
XGBoost_TLCQM,0.1016333055035367,500
KRR_TLCQM,1.6223347858672983,500
NN_TLCQM,0.106470140068304,500
TKRR,1.8982825198262296,100
CDAR,5.4413750703440265,100
DARC,39.70455701819679,100
VNCD_MDD,0.1901548263446106,100
M3SDA_Reg,0.1111216104115715,100
CMSS_Reg,0.1096558362475384,100
TKRR,1.884695331359171,200
CDAR,6.151582448767776,200
DARC,26.171869388883916,200
VNCD_MDD,0.1542905583945554,200
M3SDA_Reg,0.1146875426161524,200
CMSS_Reg,0.1114697490873153,200
TKRR,1.8307818652541905,300
CDAR,6.280073523652621,300
DARC,26.77789229824595,300
VNCD_MDD,0.130934723798282,300
M3SDA_Reg,0.113125051696021,300
CMSS_Reg,0.1118667174091315,300
TKRR,1.844126177863572,500
CDAR,6.316958407400901,500
DARC,26.870897823784023,500
VNCD_MDD,0.1284996971617537,500
M3SDA_Reg,0.1130982541941559,500
CMSS_Reg,0.1035198092167657,500
XGBoost_Target_Only,0.113473024125393,100
KRR_Target_Only,28.518435082525247,100
NN_Target_Only,16.850552097223677,100
XGBoost_Pool,0.0994898941470596,100
KRR_Pool,1.6567972825515964,100
NN_Pool,5.618990633846017,100
XGBoost_TLCQM,0.1355573219685724,100
KRR_TLCQM,1.7423132647750377,100
NN_TLCQM,0.129770387145915,100
XGBoost_Target_Only,0.1109520115860844,200
KRR_Target_Only,19.61085578128241,200
NN_Target_Only,19.578181463252413,200
XGBoost_Pool,0.0971630338651392,200
KRR_Pool,1.569288517709409,200
NN_Pool,4.92317304121624,200
XGBoost_TLCQM,0.1118538470809485,200
KRR_TLCQM,1.668383993264345,200
NN_TLCQM,0.1348700673631128,200
XGBoost_Target_Only,0.1024992081592617,300
KRR_Target_Only,15.05333060775136,300
NN_Target_Only,7.576014583514921,300
XGBoost_Pool,0.0971574856005964,300
KRR_Pool,1.518694564949383,300
NN_Pool,3.357095955298934,300
XGBoost_TLCQM,0.1088459782800816,300
KRR_TLCQM,1.6002041807636331,300
NN_TLCQM,0.1111459728519908,300
XGBoost_Target_Only,0.0967316006708455,500
KRR_Target_Only,8.872787116169665,500
NN_Target_Only,0.2348679190510056,500
XGBoost_Pool,0.0965011798008721,500
KRR_Pool,1.5077555527267668,500
NN_Pool,4.690544857370247,500
XGBoost_TLCQM,0.0961184400435861,500
KRR_TLCQM,1.6201738132672476,500
NN_TLCQM,0.1739510156188863,500
TKRR,1.9662467542854865,100
CDAR,7.2580757159075215,100
DARC,31.107326566643778,100
VNCD_MDD,0.1568461016394325,100
M3SDA_Reg,0.1105078166211742,100
CMSS_Reg,0.1259085314871251,100
TKRR,1.9667381549419916,200
CDAR,6.109841119361425,200
DARC,35.72045439222057,200
VNCD_MDD,0.1656402329149972,200
M3SDA_Reg,0.1110994999165064,200
CMSS_Reg,0.1148274774433939,200
TKRR,1.9459630220706063,300
CDAR,6.145284677980274,300
DARC,38.58071577809935,300
VNCD_MDD,0.1677999966454492,300
M3SDA_Reg,0.1133794814542651,300
CMSS_Reg,0.1118230620195315,300
TKRR,1.8205319833288636,500
CDAR,6.28776987019234,500
DARC,32.55172871485302,500
VNCD_MDD,0.1454510355955306,500
M3SDA_Reg,0.1102058681841312,500
CMSS_Reg,0.1058780222869558,500
XGBoost_Target_Only,0.1120975835121455,100
KRR_Target_Only,29.475046139791143,100
NN_Target_Only,19.66560629298211,100
XGBoost_Pool,0.1017023327737459,100
KRR_Pool,1.635640618476523,100
NN_Pool,5.353106322333199,100
XGBoost_TLCQM,0.1102292665373005,100
KRR_TLCQM,1.804360558216028,100
NN_TLCQM,0.3167274605816396,100
XGBoost_Target_Only,0.1065128953648408,200
KRR_Target_Only,19.10339799659666,200
NN_Target_Only,19.92995626776928,200
XGBoost_Pool,0.1012286776413903,200
KRR_Pool,1.6376437340985517,200
NN_Pool,7.21028924556376,200
XGBoost_TLCQM,0.1028325298332697,200
KRR_TLCQM,1.7614881531959932,200
NN_TLCQM,0.121543789379024,200
XGBoost_Target_Only,0.0990198353264628,300
KRR_Target_Only,14.363181404558564,300
NN_Target_Only,0.5149848281896662,300
XGBoost_Pool,0.098526886929315,300
KRR_Pool,1.6526958520734436,300
NN_Pool,2.7652646231676417,300
XGBoost_TLCQM,0.1072452896846375,300
KRR_TLCQM,1.770205155771524,300
NN_TLCQM,0.1117203212866922,300
XGBoost_Target_Only,0.0988526644170549,500
KRR_Target_Only,9.422162946030303,500
NN_Target_Only,0.1868712525432035,500
XGBoost_Pool,0.0966664293317965,500
KRR_Pool,1.6137609792241938,500
NN_Pool,3.639938859183111,500
XGBoost_TLCQM,0.1005936115163114,500
KRR_TLCQM,1.7348180581529136,500
NN_TLCQM,0.1045666382980903,500
TKRR,1.915826948594397,100
CDAR,5.850731903477439,100
DARC,33.59179361204641,100
VNCD_MDD,0.1649479162020091,100
M3SDA_Reg,0.1192804084337666,100
CMSS_Reg,0.1189611033731292,100
TKRR,1.9543716827167097,200
CDAR,5.622260641092238,200
DARC,27.92084880564168,200
VNCD_MDD,0.1598873330380998,200
M3SDA_Reg,0.1188644775813111,200
CMSS_Reg,0.1103916016708385,200
TKRR,1.9327600723143112,300
CDAR,5.717627841444698,300
DARC,27.529288497121637,300
VNCD_MDD,0.1429002837893603,300
M3SDA_Reg,0.115665835847316,300
CMSS_Reg,0.1054863082165657,300
TKRR,1.9168915294437576,500
CDAR,5.687462868004377,500
DARC,27.49694952328406,500
VNCD_MDD,0.1351248859298396,500
M3SDA_Reg,0.1169220130139775,500
CMSS_Reg,0.0998282758744995,500
XGBoost_Target_Only,0.1220377253855632,100
KRR_Target_Only,30.116931628318223,100
NN_Target_Only,19.87798400041611,100
XGBoost_Pool,0.0990919790051336,100
KRR_Pool,1.650696172997179,100
NN_Pool,5.331425631144056,100
XGBoost_TLCQM,0.1060053320825595,100
KRR_TLCQM,1.7637880676429647,100
NN_TLCQM,0.1080577161428359,100
XGBoost_Target_Only,0.1081265575528496,200
KRR_Target_Only,19.15716960783757,200
NN_Target_Only,19.95554763995051,200
XGBoost_Pool,0.0969643556274512,200
KRR_Pool,1.6196882283093983,200
NN_Pool,3.1691545535972043,200
XGBoost_TLCQM,0.1041034249328676,200
KRR_TLCQM,1.733162180147645,200
NN_TLCQM,0.135651016730112,200
XGBoost_Target_Only,0.1000136086598361,300
KRR_Target_Only,13.376881021633473,300
NN_Target_Only,6.833313136638866,300
XGBoost_Pool,0.0947411607151537,300
KRR_Pool,1.5499361451359015,300
NN_Pool,3.004227336518136,300
XGBoost_TLCQM,0.1088546351064588,300
KRR_TLCQM,1.6516713644141003,300
NN_TLCQM,0.1230513924558861,300
XGBoost_Target_Only,0.0955770089321972,500
KRR_Target_Only,8.691152177309379,500
NN_Target_Only,0.5530650371679349,500
XGBoost_Pool,0.0941870117278742,500
KRR_Pool,1.5554499656274683,500
NN_Pool,3.516496709126044,500
XGBoost_TLCQM,0.0973853483928277,500
KRR_TLCQM,1.6553555971227103,500
NN_TLCQM,0.1008599021152104,500
TKRR,2.091348487829248,100
CDAR,6.044161604464596,100
DARC,32.56370570328074,100
VNCD_MDD,0.1787549527093317,100
M3SDA_Reg,0.1090648902894369,100
CMSS_Reg,0.1167812246297968,100
TKRR,2.0576299425094247,200
CDAR,6.253362763120713,200
DARC,32.54941795345354,200
VNCD_MDD,0.2049173533879283,200
M3SDA_Reg,0.1103062996235807,200
CMSS_Reg,0.1073155146736944,200
TKRR,2.001087070418116,300
CDAR,6.075504698909304,300
DARC,31.950557241793906,300
VNCD_MDD,0.1638793613102562,300
M3SDA_Reg,0.1147517782716852,300
CMSS_Reg,0.1008950757388654,300
TKRR,1.9582876316013644,500
CDAR,6.189897020134963,500
DARC,32.13886106883522,500
VNCD_MDD,0.1444457573512098,500
M3SDA_Reg,0.1150910005516544,500
CMSS_Reg,0.0987952403820479,500
XGBoost_Target_Only,0.1085879787369395,100
KRR_Target_Only,30.34786817742929,100
NN_Target_Only,28.05575889191216,100
XGBoost_Pool,0.0994661153904838,100
KRR_Pool,1.5986448921894254,100
NN_Pool,3.0910710410788087,100
XGBoost_TLCQM,0.102321817746819,100
KRR_TLCQM,1.7215208366225294,100
NN_TLCQM,0.1064807042529763,100
XGBoost_Target_Only,0.0984717240608508,200
KRR_Target_Only,18.341587593121574,200
NN_Target_Only,24.07076121817322,200
XGBoost_Pool,0.0989889265082626,200
KRR_Pool,1.590724586365437,200
NN_Pool,3.4250825867087147,200
XGBoost_TLCQM,0.1006604470047747,200
KRR_TLCQM,1.7118536781828988,200
NN_TLCQM,0.1416878199628435,200
XGBoost_Target_Only,0.0975898254897939,300
KRR_Target_Only,13.926296838200749,300
NN_Target_Only,13.240542184022535,300
XGBoost_Pool,0.0988626912183555,300
KRR_Pool,1.5424182867037968,300
NN_Pool,3.365554521558659,300
XGBoost_TLCQM,0.101263210300399,300
KRR_TLCQM,1.6637637074102392,300
NN_TLCQM,0.1040267089508399,300
XGBoost_Target_Only,0.0969550819432634,500
KRR_Target_Only,9.45985601570119,500
NN_Target_Only,2.8770426713612256,500
XGBoost_Pool,0.0948694840618811,500
KRR_Pool,1.539120364571453,500
NN_Pool,3.214032596471597,500
XGBoost_TLCQM,0.099920459772317,500
KRR_TLCQM,1.6648173885338855,500
NN_TLCQM,0.2235906207786991,500
TKRR,1.8786342195850456,100
CDAR,6.183031093578792,100
DARC,33.88905364011643,100
VNCD_MDD,0.1620140668814313,100
M3SDA_Reg,0.1216888330054364,100
CMSS_Reg,0.1082018766410124,100
TKRR,1.8997698817634252,200
CDAR,6.202357819078386,200
DARC,30.227048255331823,200
VNCD_MDD,0.1516166650598145,200
M3SDA_Reg,0.1143333817893251,200
CMSS_Reg,0.1048825552680313,200
TKRR,1.9193885101909764,300
CDAR,6.192853149986223,300
DARC,30.64508464975562,300
VNCD_MDD,0.1553564657645548,300
M3SDA_Reg,0.1186541011562727,300
CMSS_Reg,0.1047664242371048,300
TKRR,1.8324655057304933,500
CDAR,5.968404244602632,500
DARC,30.47169461138093,500
VNCD_MDD,0.130490191149685,500
M3SDA_Reg,0.1198761172213195,500
CMSS_Reg,0.1049113239153549,500
XGBoost_Target_Only,0.1241184426028653,100
KRR_Target_Only,31.86881106244214,100
NN_Target_Only,22.90447465374056,100
XGBoost_Pool,0.1008572345415026,100
KRR_Pool,1.5477267756931612,100
NN_Pool,5.391465408930886,100
XGBoost_TLCQM,0.105549705888382,100
KRR_TLCQM,1.650296454429108,100
NN_TLCQM,0.1266660900083927,100
XGBoost_Target_Only,0.1117291919168106,200
KRR_Target_Only,20.77389268626805,200
NN_Target_Only,23.50668703709026,200
XGBoost_Pool,0.0996826346639844,200
KRR_Pool,1.5007092536014244,200
NN_Pool,3.5079622461576245,200
XGBoost_TLCQM,0.1061097539630638,200
KRR_TLCQM,1.6088409930304235,200
NN_TLCQM,0.1814353616500538,200
XGBoost_Target_Only,0.0991756419933878,300
KRR_Target_Only,14.226651735820434,300
NN_Target_Only,0.2916536128666187,300
XGBoost_Pool,0.0970966748359259,300
KRR_Pool,1.4764441019009569,300
NN_Pool,3.404809982217113,300
XGBoost_TLCQM,0.10408205121681,300
KRR_TLCQM,1.5755311721352825,300
NN_TLCQM,0.1113029035436817,300
XGBoost_Target_Only,0.0949856509558759,500
KRR_Target_Only,8.387875188534933,500
NN_Target_Only,0.2819113660802832,500
XGBoost_Pool,0.095091332060544,500
KRR_Pool,1.4283222215251896,500
NN_Pool,3.4164624108625965,500
XGBoost_TLCQM,0.1018408502713339,500
KRR_TLCQM,1.5225572940814402,500
NN_TLCQM,0.213817305002734,500
TKRR,1.841174139942917,100
CDAR,5.94908370060767,100
DARC,30.51307059348149,100
VNCD_MDD,0.1644517108278473,100
M3SDA_Reg,0.1188292445733926,100
CMSS_Reg,0.1222220778929769,100
TKRR,1.830825509917164,200
CDAR,6.184345131381988,200
DARC,36.06731418186719,200
VNCD_MDD,0.1523222470463061,200
M3SDA_Reg,0.1173196158866247,200
CMSS_Reg,0.1193864295317908,200
TKRR,1.961445101648708,300
CDAR,6.173971938400414,300
DARC,36.09727436523536,300
VNCD_MDD,0.1460428551114659,300
M3SDA_Reg,0.1170421774749859,300
CMSS_Reg,0.1158756562674055,300
TKRR,1.7405774350183794,500
CDAR,6.122703148767243,500
DARC,36.3941836425134,500
VNCD_MDD,0.1368288265436346,500
M3SDA_Reg,0.1183592425060149,500
CMSS_Reg,0.1057764169061523,500
XGBoost_Target_Only,0.1212879551528333,100
KRR_Target_Only,29.75068200986579,100
NN_Target_Only,22.149498716893856,100
XGBoost_Pool,0.1000146786402666,100
KRR_Pool,1.6263126370161394,100
NN_Pool,5.4024881487939584,100
XGBoost_TLCQM,0.1076662725267965,100
KRR_TLCQM,1.7728290425635838,100
NN_TLCQM,0.1073695467100239,100
XGBoost_Target_Only,0.1057528607479751,200
KRR_Target_Only,20.360867375155927,200
NN_Target_Only,19.73549935916692,200
XGBoost_Pool,0.0980453703113456,200
KRR_Pool,1.6115505320793078,200
NN_Pool,3.271109000827241,200
XGBoost_TLCQM,0.1022163398337194,200
KRR_TLCQM,1.7160957368448624,200
NN_TLCQM,0.140378962492319,200
XGBoost_Target_Only,0.0977834868192447,300
KRR_Target_Only,14.819765789775484,300
NN_Target_Only,1.5710703098583438,300
XGBoost_Pool,0.0959714438192575,300
KRR_Pool,1.549182912997409,300
NN_Pool,2.8553185085352,300
XGBoost_TLCQM,0.1024340222227249,300
KRR_TLCQM,1.6358604920683617,300
NN_TLCQM,0.1192387821336404,300
XGBoost_Target_Only,0.0969611762702315,500
KRR_Target_Only,8.71350115873165,500
NN_Target_Only,6.715897977436841,500
XGBoost_Pool,0.093955313862634,500
KRR_Pool,1.4563823501899418,500
NN_Pool,3.0373758094219405,500
XGBoost_TLCQM,0.0995290477213804,500
KRR_TLCQM,1.552379133922236,500
NN_TLCQM,0.1718518094327905,500
TKRR,1.9021467731198995,100
CDAR,5.9158763563389405,100
DARC,36.2221912851288,100
VNCD_MDD,0.1727201459502082,100
M3SDA_Reg,0.1163196141863422,100
CMSS_Reg,0.1223328785566707,100
TKRR,1.9041824566050265,200
CDAR,6.354095778956026,200
DARC,35.7826844138912,200
VNCD_MDD,0.154655769106825,200
M3SDA_Reg,0.114040268308322,200
CMSS_Reg,0.1174324326839207,200
TKRR,1.8604805779721,300
CDAR,6.32580636506385,300
DARC,35.45839082752356,300
VNCD_MDD,0.1257737614928011,300
M3SDA_Reg,0.1128763239572682,300
CMSS_Reg,0.1102131827226836,300
TKRR,1.7935937406990567,500
CDAR,6.167735386174773,500
DARC,14.99547476163193,500
VNCD_MDD,0.1226550720158862,500
M3SDA_Reg,0.1188692653323682,500
CMSS_Reg,0.1079546185462402,500
XGBoost_Target_Only,0.1203967804471074,100
KRR_Target_Only,30.444714203867573,100
NN_Target_Only,20.50516344657735,100
XGBoost_Pool,0.0996751934647506,100
KRR_Pool,1.6438422557126338,100
NN_Pool,5.1746910000289885,100
XGBoost_TLCQM,0.1154229480722964,100
KRR_TLCQM,1.744434938924876,100
NN_TLCQM,0.195897108918668,100
XGBoost_Target_Only,0.1041565121525726,200
KRR_Target_Only,19.30834640731457,200
NN_Target_Only,21.495163235967468,200
XGBoost_Pool,0.1017790952692332,200
KRR_Pool,1.6498851332237492,200
NN_Pool,3.1154253339985303,200
XGBoost_TLCQM,0.1115182855112747,200
KRR_TLCQM,1.7585041678350324,200
NN_TLCQM,0.1450945140927802,200
XGBoost_Target_Only,0.096222411972449,300
KRR_Target_Only,13.74008514647772,300
NN_Target_Only,6.823152241235468,300
XGBoost_Pool,0.0994764652284062,300
KRR_Pool,1.6071511276960764,300
NN_Pool,6.161985533896826,300
XGBoost_TLCQM,0.1072900235834218,300
KRR_TLCQM,1.7133401846778864,300
NN_TLCQM,0.2644137375483203,300
XGBoost_Target_Only,0.1044642202919837,500
KRR_Target_Only,8.279069400026124,500
NN_Target_Only,0.6445676688104044,500
XGBoost_Pool,0.0954570959392989,500
KRR_Pool,1.5533696033730569,500
NN_Pool,3.986834311236485,500
XGBoost_TLCQM,0.1052992320117084,500
KRR_TLCQM,1.6402939213164094,500
NN_TLCQM,0.1100487209235526,500
TKRR,1.9037559665006716,100
CDAR,5.41767315530896,100
DARC,24.67021191507056,100
VNCD_MDD,0.1526117269804657,100
M3SDA_Reg,0.1124990128627943,100
CMSS_Reg,0.1166251717642507,100
TKRR,1.915469214825117,200
CDAR,5.25671421264839,200
DARC,26.60538796943141,200
VNCD_MDD,0.1348208126062581,200
M3SDA_Reg,0.1132744733265572,200
CMSS_Reg,0.1116123546260737,200
TKRR,1.8985757817257112,300
CDAR,5.252667140780206,300
DARC,13.49555789061932,300
VNCD_MDD,0.1343188040924913,300
M3SDA_Reg,0.1133823541536863,300
CMSS_Reg,0.1097812263782324,300
TKRR,1.868957428598474,500
CDAR,5.2993100645717615,500
DARC,24.729307973400505,500
VNCD_MDD,0.1258395441993766,500
M3SDA_Reg,0.1156672111496433,500
CMSS_Reg,0.1060229035511364,500
XGBoost_Target_Only,0.1195808153330844,100
KRR_Target_Only,29.8297332162684,100
NN_Target_Only,20.632567515667592,100
XGBoost_Pool,0.1018202272032468,100
KRR_Pool,1.6154449965761006,100
NN_Pool,5.438358606831935,100
XGBoost_TLCQM,0.110518535461455,100
KRR_TLCQM,1.720437376657628,100
NN_TLCQM,0.1387991482579286,100
XGBoost_Target_Only,0.1155163635610697,200
KRR_Target_Only,19.752334870204777,200
NN_Target_Only,22.16175822253713,200
XGBoost_Pool,0.0970662717914095,200
KRR_Pool,1.6128483281270805,200
NN_Pool,3.3643047835720945,200
XGBoost_TLCQM,0.1070560598511481,200
KRR_TLCQM,1.736771066335082,200
NN_TLCQM,0.1413773243174169,200
XGBoost_Target_Only,0.1026235359038385,300
KRR_Target_Only,14.936009286311036,300
NN_Target_Only,6.883921580964261,300
XGBoost_Pool,0.0980745876870114,300
KRR_Pool,1.6169043361484725,300
NN_Pool,3.298433400012131,300
XGBoost_TLCQM,0.10671405176468,300
KRR_TLCQM,1.753638112849749,300
NN_TLCQM,0.1144353871007257,300
XGBoost_Target_Only,0.0947614643211186,500
KRR_Target_Only,8.833301473239418,500
NN_Target_Only,0.3802378797015707,500
XGBoost_Pool,0.0945792402286314,500
KRR_Pool,1.5304736024594667,500
NN_Pool,3.313109079382758,500
XGBoost_TLCQM,0.1014949470218994,500
KRR_TLCQM,1.6297990855824096,500
NN_TLCQM,0.1162852646538304,500
TKRR,1.8981896132456089,100
CDAR,6.02090709192226,100
DARC,42.53555002310155,100
VNCD_MDD,0.1577178076802684,100
M3SDA_Reg,0.1168547142555865,100
CMSS_Reg,0.1217811364088807,100
TKRR,1.9016546748327208,200
CDAR,6.19616987157249,200
DARC,36.4422943484711,200
VNCD_MDD,0.1577543117036542,200
M3SDA_Reg,0.1123406677799303,200
CMSS_Reg,0.1205185612846378,200
TKRR,1.8785082075541808,300
CDAR,6.21054648634942,300
DARC,36.8645684023976,300
VNCD_MDD,0.1435410451253652,300
M3SDA_Reg,0.1141970013473006,300
CMSS_Reg,0.1149854765977346,300
TKRR,1.7918525574908135,500
CDAR,6.178221559901504,500
DARC,37.08807760626481,500
VNCD_MDD,0.1195117303260081,500
M3SDA_Reg,0.1186457502313959,500
CMSS_Reg,0.1079781796138974,500
XGBoost_Target_Only,0.1271207366829956,100
KRR_Target_Only,31.03004068595394,100
NN_Target_Only,24.05212379989804,100
XGBoost_Pool,0.1030855744330547,100
KRR_Pool,1.6064606979076952,100
NN_Pool,3.350882630727229,100
XGBoost_TLCQM,0.1013437551535087,100
KRR_TLCQM,1.7342315209898904,100
NN_TLCQM,0.1268433168711951,100
XGBoost_Target_Only,0.1030329368665269,200
KRR_Target_Only,19.84672425937619,200
NN_Target_Only,27.457826189780626,200
XGBoost_Pool,0.0995172840107944,200
KRR_Pool,1.535121380485878,200
NN_Pool,2.972050003373023,200
XGBoost_TLCQM,0.1063393293886952,200
KRR_TLCQM,1.634767467531111,200
NN_TLCQM,0.1151030965976285,200
XGBoost_Target_Only,0.0967358821423232,300
KRR_Target_Only,15.302646364538765,300
NN_Target_Only,0.1967926358835803,300
XGBoost_Pool,0.0966776356082818,300
KRR_Pool,1.5212267232341523,300
NN_Pool,6.421956550868173,300
XGBoost_TLCQM,0.1034576565243632,300
KRR_TLCQM,1.6164250310689297,300
NN_TLCQM,0.1214746760354568,300
XGBoost_Target_Only,0.0914853021874748,500
KRR_Target_Only,9.282448594270448,500
NN_Target_Only,0.2401091999114806,500
XGBoost_Pool,0.0982199551644651,500
KRR_Pool,1.397744559186464,500
NN_Pool,3.191890272099764,500
XGBoost_TLCQM,0.103095996075743,500
KRR_TLCQM,1.4712916006225385,500
NN_TLCQM,0.1543067463021471,500
TKRR,1.8989424558354768,100
CDAR,6.390660728302477,100
DARC,29.73278746879986,100
VNCD_MDD,0.1725516416530274,100
M3SDA_Reg,0.1264062404708873,100
CMSS_Reg,0.119889287419122,100
TKRR,1.8281650739873017,200
CDAR,6.492471023731687,200
DARC,31.512570070501383,200
VNCD_MDD,0.1446476644414525,200
M3SDA_Reg,0.1211656277087456,200
CMSS_Reg,0.1133614268765132,200
TKRR,1.839481563607163,300
CDAR,6.088812500391398,300
DARC,31.90522183165688,300
VNCD_MDD,0.1403422352935897,300
M3SDA_Reg,0.1192072831118334,300
CMSS_Reg,0.1086616730204408,300
TKRR,1.7048032168760314,500
CDAR,5.970657838251857,500
DARC,31.54080911305892,500
VNCD_MDD,0.1328854568043173,500
M3SDA_Reg,0.1173625196544227,500
CMSS_Reg,0.1025471690309512,500
XGBoost_Target_Only,0.1102528945367473,100
KRR_Target_Only,31.742664356774032,100
NN_Target_Only,23.15768857136284,100
XGBoost_Pool,0.0987954496978335,100
KRR_Pool,1.561955903403863,100
NN_Pool,5.656576150409579,100
XGBoost_TLCQM,0.123736073564258,100
KRR_TLCQM,1.6512733508132862,100
NN_TLCQM,0.1952807117483034,100
XGBoost_Target_Only,0.104489796225681,200
KRR_Target_Only,19.94133825326973,200
NN_Target_Only,22.1692241726214,200
XGBoost_Pool,0.097550819345295,200
KRR_Pool,1.5414189192787355,200
NN_Pool,3.61179661089847,200
XGBoost_TLCQM,0.1058721676060988,200
KRR_TLCQM,1.6313623883125763,200
NN_TLCQM,0.1157217689545005,200
XGBoost_Target_Only,0.1008955203335109,300
KRR_Target_Only,14.336177611123942,300
NN_Target_Only,6.798964126352579,300
XGBoost_Pool,0.097162836209408,300
KRR_Pool,1.5289727976552778,300
NN_Pool,4.691676900784519,300
XGBoost_TLCQM,0.1068366717317477,300
KRR_TLCQM,1.621868554583323,300
NN_TLCQM,0.1589911167827319,300
XGBoost_Target_Only,0.0933087231548077,500
KRR_Target_Only,9.031188550898198,500
NN_Target_Only,0.4920719637057768,500
XGBoost_Pool,0.092843985254056,500
KRR_Pool,1.5044291965549024,500
NN_Pool,3.2453471919179333,500
XGBoost_TLCQM,0.1040481209933419,500
KRR_TLCQM,1.5935100027352305,500
NN_TLCQM,0.1354185788667161,500
TKRR,1.8175596315770848,100
CDAR,5.64958536202114,100
DARC,28.047244199669723,100
VNCD_MDD,0.178541438995706,100
M3SDA_Reg,0.1069137993956348,100
CMSS_Reg,0.1091333510024752,100
TKRR,1.7935031042302392,200
CDAR,6.075785261436762,200
DARC,33.46538692426714,200
VNCD_MDD,0.1538019328847052,200
M3SDA_Reg,0.1132547383697235,200
CMSS_Reg,0.1103173803608491,200
TKRR,1.822392462870195,300
CDAR,6.155724881165674,300
DARC,34.97971983804886,300
VNCD_MDD,0.1533898963044228,300
M3SDA_Reg,0.1135379137540174,300
CMSS_Reg,0.105919755622158,300
TKRR,1.7524072931160617,500
CDAR,6.207533296256259,500
DARC,32.63996913943835,500
VNCD_MDD,0.1444060134378325,500
M3SDA_Reg,0.1141184857183677,500
CMSS_Reg,0.1003945299627938,500
XGBoost_Target_Only,0.1145606279181415,100
KRR_Target_Only,30.86174481249843,100
NN_Target_Only,20.86440608819091,100
XGBoost_Pool,0.1010799806187446,100
KRR_Pool,1.5638818584518244,100
NN_Pool,3.512836686042002,100
XGBoost_TLCQM,0.1198676608688924,100
KRR_TLCQM,1.6591809839240206,100
NN_TLCQM,0.1535482372967733,100
XGBoost_Target_Only,0.1042221059884176,200
KRR_Target_Only,20.01670020220635,200
NN_Target_Only,20.750814880084324,200
XGBoost_Pool,0.0999280242582126,200
KRR_Pool,1.5824811268768562,200
NN_Pool,3.476673732936828,200
XGBoost_TLCQM,0.1059618982196833,200
KRR_TLCQM,1.6951015382074357,200
NN_TLCQM,0.1532852082895633,200
XGBoost_Target_Only,0.0993935368258668,300
KRR_Target_Only,14.84415010379296,300
NN_Target_Only,0.3997669446096225,300
XGBoost_Pool,0.1008816619936389,300
KRR_Pool,1.5336134877123713,300
NN_Pool,2.8900053874935794,300
XGBoost_TLCQM,0.1109415950872693,300
KRR_TLCQM,1.6442132138046146,300
NN_TLCQM,0.1227488188667815,300
XGBoost_Target_Only,0.096046056868055,500
KRR_Target_Only,9.221083406318863,500
NN_Target_Only,1.419890745234528,500
XGBoost_Pool,0.0968321652509365,500
KRR_Pool,1.475886859085831,500
NN_Pool,2.73237128899958,500
XGBoost_TLCQM,0.1079068122877294,500
KRR_TLCQM,1.576786482452418,500
NN_TLCQM,0.1267292319928606,500
TKRR,1.969354156711924,100
CDAR,5.319727206799648,100
DARC,33.701111646069435,100
VNCD_MDD,0.1599531424803853,100
M3SDA_Reg,0.1199828660126667,100
CMSS_Reg,0.1134052253321751,100
TKRR,2.024997191616401,200
CDAR,6.336536310960343,200
DARC,30.30684830784873,200
VNCD_MDD,0.1455898735909747,200
M3SDA_Reg,0.124078465231079,200
CMSS_Reg,0.1054144854340812,200
TKRR,1.8532048591471968,300
CDAR,6.217090919251247,300
DARC,30.65894117301576,300
VNCD_MDD,0.1504410666490346,300
M3SDA_Reg,0.1195395528961229,300
CMSS_Reg,0.1026754722685515,300
TKRR,1.8030029720608984,500
CDAR,6.15923990342134,500
DARC,30.653031247902117,500
VNCD_MDD,0.1361049692518154,500
M3SDA_Reg,0.1192324832157586,500
CMSS_Reg,0.1038676959421134,500
XGBoost_Target_Only,0.1105550423778287,100
KRR_Target_Only,30.056182615952284,100
NN_Target_Only,22.28893321472861,100
XGBoost_Pool,0.0995131030080457,100
KRR_Pool,1.618428028813122,100
NN_Pool,6.286483395671098,100
XGBoost_TLCQM,0.1063704650431664,100
KRR_TLCQM,1.733236075302221,100
NN_TLCQM,0.113679542951341,100
XGBoost_Target_Only,0.1171754718552095,200
KRR_Target_Only,19.96847217594272,200
NN_Target_Only,20.219899573948823,200
XGBoost_Pool,0.1015734313808126,200
KRR_Pool,1.6194211540773722,200
NN_Pool,3.554070002194744,200
XGBoost_TLCQM,0.1085438725143878,200
KRR_TLCQM,1.7349833164555442,200
NN_TLCQM,0.2262274916395608,200
XGBoost_Target_Only,0.0967439310930513,300
KRR_Target_Only,15.577602545299971,300
NN_Target_Only,7.944915850179575,300
XGBoost_Pool,0.0980125035532113,300
KRR_Pool,1.5576997107728936,300
NN_Pool,3.259319385112217,300
XGBoost_TLCQM,0.1017134008847952,300
KRR_TLCQM,1.654910547155393,300
NN_TLCQM,0.1080326489400827,300
XGBoost_Target_Only,0.0937639481018803,500
KRR_Target_Only,9.71621842234886,500
NN_Target_Only,0.1595314031856096,500
XGBoost_Pool,0.0966109114438126,500
KRR_Pool,1.5251396132040969,500
NN_Pool,3.8361278983986673,500
XGBoost_TLCQM,0.1012288754180995,500
KRR_TLCQM,1.614856935401227,500
NN_TLCQM,0.1068821070934821,500
TKRR,1.9375718896739824,100
CDAR,5.505030742140772,100
DARC,34.78879939121598,100
VNCD_MDD,0.1506879838492467,100
M3SDA_Reg,0.1147305246932926,100
CMSS_Reg,0.1204706052989542,100
TKRR,2.052620569753597,200
CDAR,5.435092137151096,200
DARC,42.26212532428544,200
VNCD_MDD,0.1453503117834403,200
M3SDA_Reg,0.1157235706995593,200
CMSS_Reg,0.1199902151259549,200
TKRR,1.878261870612212,300
CDAR,5.232074426711303,300
DARC,42.61529604865715,300
VNCD_MDD,0.1233969716587465,300
M3SDA_Reg,0.1185720727684518,300
CMSS_Reg,0.1167876291864428,300
TKRR,1.8059375778553808,500
CDAR,5.324078150441094,500
DARC,43.494416579082376,500
VNCD_MDD,0.1204046210901685,500
M3SDA_Reg,0.1173937211217026,500
CMSS_Reg,0.1070563993067894,500
XGBoost_Target_Only,0.1172472296333765,100
KRR_Target_Only,29.29629788993553,100
NN_Target_Only,17.9141592326503,100
XGBoost_Pool,0.1029780837947937,100
KRR_Pool,1.634487219784258,100
NN_Pool,5.818138732792618,100
XGBoost_TLCQM,0.106949315246089,100
KRR_TLCQM,1.7486108936224547,100
NN_TLCQM,0.1090908640173815,100
XGBoost_Target_Only,0.0998137221926908,200
KRR_Target_Only,21.44588611608953,200
NN_Target_Only,24.495246666847557,200
XGBoost_Pool,0.1002521592553628,200
KRR_Pool,1.529213485300304,200
NN_Pool,3.788857606979918,200
XGBoost_TLCQM,0.1091586615856021,200
KRR_TLCQM,1.6215140519237332,200
NN_TLCQM,0.3214022007754099,200
XGBoost_Target_Only,0.0959695098598273,300
KRR_Target_Only,14.7127897619593,300
NN_Target_Only,6.8799057625843645,300
XGBoost_Pool,0.0970180742850839,300
KRR_Pool,1.4935232799029898,300
NN_Pool,3.150831385313683,300
XGBoost_TLCQM,0.1046464209424112,300
KRR_TLCQM,1.5813984451952725,300
NN_TLCQM,0.1113930221984484,300
XGBoost_Target_Only,0.0920964525093761,500
KRR_Target_Only,9.343305712787547,500
NN_Target_Only,2.11474646563181,500
XGBoost_Pool,0.0937267342211337,500
KRR_Pool,1.4632251339836353,500
NN_Pool,2.954972797506058,500
XGBoost_TLCQM,0.102086163368763,500
KRR_TLCQM,1.5447815560134517,500
NN_TLCQM,0.1043023893907639,500
TKRR,1.90162820698748,100
CDAR,6.284986408279925,100
DARC,36.583774557901336,100
VNCD_MDD,0.159883997356191,100
M3SDA_Reg,0.1166376813479447,100
CMSS_Reg,0.1159597058282151,100
TKRR,1.8824189451700648,200
CDAR,6.059490082776341,200
DARC,25.98468843575693,200
VNCD_MDD,0.151202752391443,200
M3SDA_Reg,0.1125956504357535,200
CMSS_Reg,0.1077193861845457,200
TKRR,1.7694431565955362,300
CDAR,5.9954850872794605,300
DARC,26.48496079467012,300
VNCD_MDD,0.1542066602230104,300
M3SDA_Reg,0.1119745882478472,300
CMSS_Reg,0.1088079233085472,300
TKRR,1.7690201311577871,500
CDAR,5.968860306082254,500
DARC,26.61871990800018,500
VNCD_MDD,0.1602299340532224,500
M3SDA_Reg,0.1158503184186428,500
CMSS_Reg,0.1026580878903397,500
XGBoost_Target_Only,0.1205142773912578,100
KRR_Target_Only,29.864974784242847,100
NN_Target_Only,23.567986183161427,100
XGBoost_Pool,0.0994249235936828,100
KRR_Pool,1.6047758760850956,100
NN_Pool,3.3897169077237885,100
XGBoost_TLCQM,0.1162105674254811,100
KRR_TLCQM,1.703253516908413,100
NN_TLCQM,0.1325208585043354,100
XGBoost_Target_Only,0.1105821437415701,200
KRR_Target_Only,18.698899502879662,200
NN_Target_Only,21.322677045508936,200
XGBoost_Pool,0.0978192012274493,200
KRR_Pool,1.5779506139406465,200
NN_Pool,3.1797763314374485,200
XGBoost_TLCQM,0.1130199171246528,200
KRR_TLCQM,1.6853420048054186,200
NN_TLCQM,0.156747688212567,200
XGBoost_Target_Only,0.1034981454281249,300
KRR_Target_Only,13.760016147961831,300
NN_Target_Only,6.218836638015393,300
XGBoost_Pool,0.0980154756606154,300
KRR_Pool,1.4904571962792044,300
NN_Pool,3.3905512327620824,300
XGBoost_TLCQM,0.1066452893162922,300
KRR_TLCQM,1.5889837000487734,300
NN_TLCQM,0.1304110945477508,300
XGBoost_Target_Only,0.0980646203523751,500
KRR_Target_Only,8.139433630531652,500
NN_Target_Only,0.287487634527972,500
XGBoost_Pool,0.093220988127884,500
KRR_Pool,1.4330671469325458,500
NN_Pool,2.970758339283013,500
XGBoost_TLCQM,0.1056012392298094,500
KRR_TLCQM,1.525742909305589,500
NN_TLCQM,0.1100370618058633,500
TKRR,1.958800983001457,100
CDAR,5.264043841350524,100
DARC,33.10300406010925,100
VNCD_MDD,0.1604659064842814,100
M3SDA_Reg,0.1148585836845473,100
CMSS_Reg,0.1170959358872931,100
TKRR,1.8681981593436496,200
CDAR,6.201366354696369,200
DARC,33.86813118088429,200
VNCD_MDD,0.1655400418030852,200
M3SDA_Reg,0.1138476991221876,200
CMSS_Reg,0.1140835378086382,200
TKRR,1.8429984899388112,300
CDAR,6.178617400715845,300
DARC,34.34515918631875,300
VNCD_MDD,0.1583401373322508,300
M3SDA_Reg,0.1184271870782385,300
CMSS_Reg,0.1105648913272168,300
TKRR,1.7735713635780124,500
CDAR,6.138072983208835,500
DARC,34.38793028712087,500
VNCD_MDD,0.1556519849728818,500
M3SDA_Reg,0.1208194247460848,500
CMSS_Reg,0.1036840732195077,500
XGBoost_Target_Only,0.12410524534104,100
KRR_Target_Only,28.711389973883406,100
NN_Target_Only,18.010725182045082,100
XGBoost_Pool,0.1018955840300672,100
KRR_Pool,1.6537054026004347,100
NN_Pool,5.409956252851855,100
XGBoost_TLCQM,0.1585192256566571,100
KRR_TLCQM,1.8756742870217773,100
NN_TLCQM,0.1545952774680911,100
XGBoost_Target_Only,0.1248541926398986,200
KRR_Target_Only,18.43109166868975,200
NN_Target_Only,25.88021557115874,200
XGBoost_Pool,0.0998337710287545,200
KRR_Pool,1.578109404246976,200
NN_Pool,6.7993635406589545,200
XGBoost_TLCQM,0.1059995903032334,200
KRR_TLCQM,1.6825773488903195,200
NN_TLCQM,0.1488262835747759,200
XGBoost_Target_Only,0.0971744150088954,300
KRR_Target_Only,13.990398099556176,300
NN_Target_Only,0.2655913896031058,300
XGBoost_Pool,0.0963108802912608,300
KRR_Pool,1.5740594186795414,300
NN_Pool,2.9002417048224776,300
XGBoost_TLCQM,0.0988389343190345,300
KRR_TLCQM,1.6935004462452328,300
NN_TLCQM,0.1090129925406753,300
XGBoost_Target_Only,0.0932360580612912,500
KRR_Target_Only,8.937777843131348,500
NN_Target_Only,0.2975477850275339,500
XGBoost_Pool,0.0949404276948443,500
KRR_Pool,1.4834087574413417,500
NN_Pool,3.3225473483670545,500
XGBoost_TLCQM,0.0985404366372835,500
KRR_TLCQM,1.5805763170979366,500
NN_TLCQM,0.1619878917310675,500
TKRR,1.9458329224699231,100
CDAR,6.474815827048955,100
DARC,38.342387278003415,100
VNCD_MDD,0.2019655885360617,100
M3SDA_Reg,0.1120176862642042,100
CMSS_Reg,0.1141026699937168,100
TKRR,1.8826812351937336,200
CDAR,5.314802595720505,200
DARC,24.58184248343805,200
VNCD_MDD,0.161151950835695,200
M3SDA_Reg,0.1149457461932787,200
CMSS_Reg,0.1145432637995781,200
TKRR,1.8764447935978288,300
CDAR,5.2805251096070585,300
DARC,24.89565140405124,300
VNCD_MDD,0.1520213971671543,300
M3SDA_Reg,0.1143271471257941,300
CMSS_Reg,0.1072006935568036,300
TKRR,1.7750708244621562,500
CDAR,5.191007611245453,500
DARC,25.013826458820414,500
VNCD_MDD,0.1407681940869245,500
M3SDA_Reg,0.1200457204238292,500
CMSS_Reg,0.0997091177665439,500
XGBoost_Target_Only,0.1202047590984025,100
KRR_Target_Only,30.357445893028643,100
NN_Target_Only,18.833978697451712,100
XGBoost_Pool,0.099913319692279,100
KRR_Pool,1.624869421819503,100
NN_Pool,5.306222598121693,100
XGBoost_TLCQM,0.1031855504105157,100
KRR_TLCQM,1.735946226515883,100
NN_TLCQM,1.6101989711681943,100
XGBoost_Target_Only,0.1090124804706732,200
KRR_Target_Only,21.095738879124,200
NN_Target_Only,22.956255328729068,200
XGBoost_Pool,0.0977400363665755,200
KRR_Pool,1.5469287818185269,200
NN_Pool,3.3321377650064337,200
XGBoost_TLCQM,0.1058444793805213,200
KRR_TLCQM,1.6275057077283874,200
NN_TLCQM,0.1410475610107672,200
XGBoost_Target_Only,0.0979061610837502,300
KRR_Target_Only,14.05614352839777,300
NN_Target_Only,1.3049033923972166,300
XGBoost_Pool,0.0958928408265837,300
KRR_Pool,1.4441112485335807,300
NN_Pool,3.28947034022412,300
XGBoost_TLCQM,0.1025461920256093,300
KRR_TLCQM,1.5150972862499168,300
NN_TLCQM,0.1044250299042741,300
XGBoost_Target_Only,0.0932269094240442,500
KRR_Target_Only,9.311389618649246,500
NN_Target_Only,0.6994820222245509,500
XGBoost_Pool,0.0947928627066256,500
KRR_Pool,1.409458709864635,500
NN_Pool,3.1129903100816865,500
XGBoost_TLCQM,0.099947865325398,500
KRR_TLCQM,1.4707174634481286,500
NN_TLCQM,0.1044027402803731,500
TKRR,1.894237916474248,100
CDAR,6.090419449371234,100
DARC,39.36844756854092,100
VNCD_MDD,0.177363915462794,100
M3SDA_Reg,0.1150035145639072,100
CMSS_Reg,0.1207792258380033,100
TKRR,1.850436063194946,200
CDAR,5.342034461201352,200
DARC,27.49742617138248,200
VNCD_MDD,0.1688494856817612,200
M3SDA_Reg,0.1132671726731327,200
CMSS_Reg,0.1139215537667043,200
TKRR,1.864431862728389,300
CDAR,5.369585176202662,300
DARC,27.994536424255035,300
VNCD_MDD,0.1574297142974641,300
M3SDA_Reg,0.1172510079115253,300
CMSS_Reg,0.1081040043893504,300
TKRR,1.7302484465486596,500
CDAR,5.292271318187793,500
DARC,29.048740853919277,500
VNCD_MDD,0.1443819031629875,500
M3SDA_Reg,0.1269802974765246,500
CMSS_Reg,0.1072470218791635,500
XGBoost_Target_Only,0.1136286486106757,100
KRR_Target_Only,30.684876322559063,100
NN_Target_Only,20.54557432661338,100
XGBoost_Pool,0.0993095481268065,100
KRR_Pool,1.6194370211609137,100
NN_Pool,5.464140318440051,100
XGBoost_TLCQM,0.1018510165867798,100
KRR_TLCQM,1.7276439633627545,100
NN_TLCQM,0.1252046302655952,100
XGBoost_Target_Only,0.1051652497860941,200
KRR_Target_Only,21.25755304111381,200
NN_Target_Only,21.34689430150439,200
XGBoost_Pool,0.0998859846563151,200
KRR_Pool,1.5684086272983335,200
NN_Pool,3.4254743503055027,200
XGBoost_TLCQM,0.1025555118105504,200
KRR_TLCQM,1.6749362020104948,200
NN_TLCQM,0.1060011374097209,200
XGBoost_Target_Only,0.1073703572923309,300
KRR_Target_Only,15.687425364608412,300
NN_Target_Only,1.6717368839882092,300
XGBoost_Pool,0.0957184312914434,300
KRR_Pool,1.5816489646550678,300
NN_Pool,2.542323825248859,300
XGBoost_TLCQM,0.0981418062611286,300
KRR_TLCQM,1.693031030969424,300
NN_TLCQM,0.1187315767960179,300
XGBoost_Target_Only,0.0974450336256951,500
KRR_Target_Only,10.137182628938634,500
NN_Target_Only,0.7729119563750123,500
XGBoost_Pool,0.0937094429872699,500
KRR_Pool,1.591632663389586,500
NN_Pool,3.4639609056555973,500
XGBoost_TLCQM,0.0976627831757515,500
KRR_TLCQM,1.7113401502479262,500
NN_TLCQM,0.1048485843004449,500
TKRR,1.8887807569322668,100
CDAR,5.945581186742059,100
DARC,23.71205580563172,100
VNCD_MDD,0.1447772231669346,100
M3SDA_Reg,0.1086546749503783,100
CMSS_Reg,0.1124492843444419,100
TKRR,1.831399454702637,200
CDAR,6.064938790372952,200
DARC,31.29159968463443,200
VNCD_MDD,0.1439874111857896,200
M3SDA_Reg,0.1190126668231736,200
CMSS_Reg,0.1129723785281582,200
TKRR,1.8625298416485356,300
CDAR,6.140109738468359,300
DARC,30.964019298705107,300
VNCD_MDD,0.1357483804846637,300
M3SDA_Reg,0.1122173782156216,300
CMSS_Reg,0.1124210453742446,300
TKRR,1.885091118666956,500
CDAR,6.269352406753632,500
DARC,31.108921575825185,500
VNCD_MDD,0.1306120105809697,500
M3SDA_Reg,0.1111561737939098,500
CMSS_Reg,0.1051136108341502,500
XGBoost_Target_Only,0.1105174843525975,100
KRR_Target_Only,30.54177204276576,100
NN_Target_Only,22.97929424353922,100
XGBoost_Pool,0.0979922282405285,100
KRR_Pool,1.6151128322419503,100
NN_Pool,3.905614411338772,100
XGBoost_TLCQM,0.0998513861117162,100
KRR_TLCQM,1.7261881893265494,100
NN_TLCQM,0.1023807212548081,100
XGBoost_Target_Only,0.1044757092900915,200
KRR_Target_Only,19.2521407267534,200
NN_Target_Only,24.473421950689172,200
XGBoost_Pool,0.098059812754786,200
KRR_Pool,1.53451008855877,200
NN_Pool,3.394348881066723,200
XGBoost_TLCQM,0.1035695150238981,200
KRR_TLCQM,1.658607326931533,200
NN_TLCQM,0.1099845523378063,200
XGBoost_Target_Only,0.1044052952690705,300
KRR_Target_Only,13.513511595711252,300
NN_Target_Only,6.768606626391208,300
XGBoost_Pool,0.0965356739952928,300
KRR_Pool,1.5450984230190623,300
NN_Pool,3.6022158784810143,300
XGBoost_TLCQM,0.1013226515019019,300
KRR_TLCQM,1.6429229616679886,300
NN_TLCQM,0.1033662548324044,300
XGBoost_Target_Only,0.0998138755426915,500
KRR_Target_Only,9.40426952384415,500
NN_Target_Only,0.444497483010738,500
XGBoost_Pool,0.0963796146345787,500
KRR_Pool,1.533530586874526,500
NN_Pool,4.07883125867289,500
XGBoost_TLCQM,0.1028423309244926,500
KRR_TLCQM,1.630407391935655,500
NN_TLCQM,0.1038560765755791,500
TKRR,2.179824686755501,100
CDAR,6.538239973113665,100
DARC,37.64996299535106,100
VNCD_MDD,0.1714787424197024,100
M3SDA_Reg,0.1183215608805901,100
CMSS_Reg,0.1171333869370517,100
TKRR,1.8496904807153527,200
CDAR,6.316466221992438,200
DARC,28.300131164212196,200
VNCD_MDD,0.1710409720480865,200
M3SDA_Reg,0.1279723356905921,200
CMSS_Reg,0.1141123139858929,200
TKRR,1.808516351395586,300
CDAR,6.214080061082302,300
DARC,28.366793094226903,300
VNCD_MDD,0.1467028989225995,300
M3SDA_Reg,0.1246857068287745,300
CMSS_Reg,0.1107366053866602,300
TKRR,1.812775130853593,500
CDAR,6.267304108087164,500
DARC,27.9311615349806,500
VNCD_MDD,0.1319595383145739,500
M3SDA_Reg,0.1185569095112628,500
CMSS_Reg,0.1057303997713917,500
XGBoost_Target_Only,0.1130869359143531,100
KRR_Target_Only,33.28228467968743,100
NN_Target_Only,24.1052475038886,100
XGBoost_Pool,0.097168752953077,100
KRR_Pool,1.5993581987479193,100
NN_Pool,3.26366431812841,100
XGBoost_TLCQM,0.1057411876280726,100
KRR_TLCQM,1.7066753259747538,100
NN_TLCQM,0.1141713102608509,100
XGBoost_Target_Only,0.101730575191148,200
KRR_Target_Only,22.34826226350848,200
NN_Target_Only,23.22825038829229,200
XGBoost_Pool,0.0950811444379048,200
KRR_Pool,1.5709633735660424,200
NN_Pool,3.471218819795894,200
XGBoost_TLCQM,0.1012506920670619,200
KRR_TLCQM,1.673028814587216,200
NN_TLCQM,0.1462910121877686,200
XGBoost_Target_Only,0.1034322337499948,300
KRR_Target_Only,15.730189661943678,300
NN_Target_Only,0.2323656127022261,300
XGBoost_Pool,0.095372273879975,300
KRR_Pool,1.5890214418574848,300
NN_Pool,3.391573320148365,300
XGBoost_TLCQM,0.103913772618068,300
KRR_TLCQM,1.6971910114554818,300
NN_TLCQM,0.1073827157682207,300
XGBoost_Target_Only,0.0963937893245497,500
KRR_Target_Only,10.491842348431232,500
NN_Target_Only,0.2357177303591822,500
XGBoost_Pool,0.0944141104987118,500
KRR_Pool,1.5817157792125138,500
NN_Pool,3.1453401712778475,500
XGBoost_TLCQM,0.1023194510992674,500
KRR_TLCQM,1.6987764414138713,500
NN_TLCQM,0.1545126753888891,500
TKRR,1.8822485706803849,100
CDAR,5.475478676850781,100
DARC,24.95883175424977,100
VNCD_MDD,0.1739270602193882,100
M3SDA_Reg,0.1206947534832177,100
CMSS_Reg,0.1204355604723814,100
TKRR,1.9210291955441536,200
CDAR,5.140647407679736,200
DARC,22.93929596174404,200
VNCD_MDD,0.1432561994729493,200
M3SDA_Reg,0.1151465670359531,200
CMSS_Reg,0.1090114235528688,200
TKRR,1.8792791279048784,300
CDAR,5.125323957153322,300
DARC,23.524875121816454,300
VNCD_MDD,0.1361923611638065,300
M3SDA_Reg,0.1138713913822743,300
CMSS_Reg,0.1099676653340739,300
TKRR,1.8682160326517068,500
CDAR,5.2147755328982885,500
DARC,23.297494446156065,500
VNCD_MDD,0.1196543664473222,500
M3SDA_Reg,0.1137141945710676,500
CMSS_Reg,0.1024621453979877,500
XGBoost_Target_Only,0.1084322472722309,100
KRR_Target_Only,28.570276437561287,100
NN_Target_Only,22.58216858343496,100
XGBoost_Pool,0.1024105341008135,100
KRR_Pool,1.6234519783831551,100
NN_Pool,3.420307628469245,100
XGBoost_TLCQM,0.1094745004962637,100
KRR_TLCQM,1.7364696384087217,100
NN_TLCQM,0.129518240193298,100
XGBoost_Target_Only,0.1114173426719775,200
KRR_Target_Only,20.09667897337689,200
NN_Target_Only,20.807608639734443,200
XGBoost_Pool,0.1006606214091671,200
KRR_Pool,1.6304374105255093,200
NN_Pool,3.656249854134958,200
XGBoost_TLCQM,0.1086766172064521,200
KRR_TLCQM,1.7448111433695064,200
NN_TLCQM,0.1095391530930422,200
XGBoost_Target_Only,0.1025521239645581,300
KRR_Target_Only,13.93618815701654,300
NN_Target_Only,0.3148735974140423,300
XGBoost_Pool,0.097201280500601,300
KRR_Pool,1.6081862203631798,300
NN_Pool,3.198243295142156,300
XGBoost_TLCQM,0.1009195287305606,300
KRR_TLCQM,1.7135831156214263,300
NN_TLCQM,0.1111472180419255,300
XGBoost_Target_Only,0.0963371879273903,500
KRR_Target_Only,9.084144546678708,500
NN_Target_Only,6.805559871547396,500
XGBoost_Pool,0.0942240026214398,500
KRR_Pool,1.5355365267185366,500
NN_Pool,3.3010327428726,500
XGBoost_TLCQM,0.1073581833624162,500
KRR_TLCQM,1.6282462517956695,500
NN_TLCQM,0.1156986224928315,500
TKRR,1.9044239542481336,100
CDAR,6.0938756732947805,100
DARC,28.601196419321504,100
VNCD_MDD,0.1662993217692582,100
M3SDA_Reg,0.1123219736823623,100
CMSS_Reg,0.1075905793068629,100
TKRR,1.899003254110144,200
CDAR,5.636943540919099,200
DARC,31.115329313421757,200
VNCD_MDD,0.1653138537899153,200
M3SDA_Reg,0.1104796166908684,200
CMSS_Reg,0.112577633350218,200
TKRR,1.9819354757252527,300
CDAR,5.579143771856965,300
DARC,31.111838339415996,300
VNCD_MDD,0.1398966307122313,300
M3SDA_Reg,0.1142826534318708,300
CMSS_Reg,0.1133516202136185,300
TKRR,1.809507196495452,500
CDAR,5.613187935925368,500
DARC,30.79491826007428,500
VNCD_MDD,0.1335536560615827,500
M3SDA_Reg,0.1192311943072902,500
CMSS_Reg,0.1091809452115811,500
XGBoost_Target_Only,0.105579618234405,100
KRR_Target_Only,30.161149610559427,100
NN_Target_Only,21.344616936214354,100
XGBoost_Pool,0.0978020901771316,100
KRR_Pool,1.6106817655326102,100
NN_Pool,5.21149864283414,100
XGBoost_TLCQM,0.1115582164196091,100
KRR_TLCQM,1.7408013961124975,100
NN_TLCQM,0.1401390477881361,100
XGBoost_Target_Only,0.0990057593219186,200
KRR_Target_Only,20.32968647557224,200
NN_Target_Only,26.7351020512619,200
XGBoost_Pool,0.0973312052347365,200
KRR_Pool,1.5618649537734808,200
NN_Pool,4.673302909191259,200
XGBoost_TLCQM,0.1116377080679374,200
KRR_TLCQM,1.688672420781424,200
NN_TLCQM,0.1445660755276829,200
XGBoost_Target_Only,0.1021951076721837,300
KRR_Target_Only,14.932843407848605,300
NN_Target_Only,0.7725810646327526,300
XGBoost_Pool,0.0945498404983513,300
KRR_Pool,1.5240486328214975,300
NN_Pool,3.3520376263604934,300
XGBoost_TLCQM,0.1064649826529314,300
KRR_TLCQM,1.6345710542880207,300
NN_TLCQM,0.1295699339826553,300
XGBoost_Target_Only,0.092955050676561,500
KRR_Target_Only,10.091601367192428,500
NN_Target_Only,0.3137033805390286,500
XGBoost_Pool,0.0947799460728858,500
KRR_Pool,1.3802511065246963,500
NN_Pool,3.186987214686161,500
XGBoost_TLCQM,0.1025570053315907,500
KRR_TLCQM,1.473980694647158,500
NN_TLCQM,0.1067996548152344,500
TKRR,1.8689393211977845,100
CDAR,5.219276628054473,100
DARC,35.46381039177344,100
VNCD_MDD,0.167870078242333,100
M3SDA_Reg,0.118095092613543,100
CMSS_Reg,0.1183673573268566,100
TKRR,1.9271322423636024,200
CDAR,5.236747684609371,200
DARC,30.550815025612398,200
VNCD_MDD,0.1435901629131336,200
M3SDA_Reg,0.120176529633964,200
CMSS_Reg,0.1107018777261312,200
TKRR,1.8093852720375048,300
CDAR,5.094629403409553,300
DARC,30.694674895154797,300
VNCD_MDD,0.1323830916042794,300
M3SDA_Reg,0.1194584389156012,300
CMSS_Reg,0.1078574639564944,300
TKRR,1.6983311808770785,500
CDAR,5.068588913836599,500
DARC,30.11270646624059,500
VNCD_MDD,0.1237592892868964,500
M3SDA_Reg,0.1240220161372999,500
CMSS_Reg,0.1050589397499398,500
XGBoost_Target_Only,0.119024950117431,100
KRR_Target_Only,28.27281764129971,100
NN_Target_Only,19.91943993105381,100
XGBoost_Pool,0.1011683855121477,100
KRR_Pool,1.615090647330541,100
NN_Pool,6.279545343495779,100
XGBoost_TLCQM,0.1010385308631671,100
KRR_TLCQM,1.7336114409891878,100
NN_TLCQM,0.1051525349696884,100
XGBoost_Target_Only,0.1156883346137904,200
KRR_Target_Only,17.954843915385947,200
NN_Target_Only,19.87643910932866,200
XGBoost_Pool,0.1006041506676439,200
KRR_Pool,1.6038197252658923,200
NN_Pool,3.685725204970701,200
XGBoost_TLCQM,0.1019930390308387,200
KRR_TLCQM,1.7206995973243682,200
NN_TLCQM,0.1031479040759447,200
XGBoost_Target_Only,0.1047997904957825,300
KRR_Target_Only,12.881938539636636,300
NN_Target_Only,15.681654092372714,300
XGBoost_Pool,0.1002031584590854,300
KRR_Pool,1.598494212252678,300
NN_Pool,6.512526057711185,300
XGBoost_TLCQM,0.1057152987650173,300
KRR_TLCQM,1.716075857691041,300
NN_TLCQM,0.2002031933993306,300
XGBoost_Target_Only,0.0990973201837854,500
KRR_Target_Only,8.5562465837729,500
NN_Target_Only,0.5468810407490396,500
XGBoost_Pool,0.0999857228082667,500
KRR_Pool,1.573770075345567,500
NN_Pool,3.545953017797524,500
XGBoost_TLCQM,0.0981862562823619,500
KRR_TLCQM,1.6872442799982104,500
NN_TLCQM,0.1187554879239697,500
TKRR,1.871277162756812,100
CDAR,6.056104601864549,100
DARC,29.34133069333611,100
VNCD_MDD,0.1754402701523299,100
M3SDA_Reg,0.123477148019116,100
CMSS_Reg,0.1254952941329295,100
TKRR,1.8764717253441972,200
CDAR,5.575231882531312,200
DARC,32.39167408139376,200
VNCD_MDD,0.1463543584628208,200
M3SDA_Reg,0.1193170639337736,200
CMSS_Reg,0.1200642668814126,200
TKRR,1.8563956889416215,300
CDAR,5.615169031421294,300
DARC,32.31480920314293,300
VNCD_MDD,0.1364481666920987,300
M3SDA_Reg,0.1163380091636651,300
CMSS_Reg,0.109431817608621,300
TKRR,1.9157737631173928,500
CDAR,5.601874865118467,500
DARC,31.829930681890527,500
VNCD_MDD,0.1570700134485621,500
M3SDA_Reg,0.1151555264106922,500
CMSS_Reg,0.1013974643533669,500
XGBoost_Target_Only,0.1326291179497363,100
KRR_Target_Only,29.281965667915877,100
NN_Target_Only,18.954054280486837,100
XGBoost_Pool,0.1012915488872246,100
KRR_Pool,1.6334592217449,100
NN_Pool,3.273503480631733,100
XGBoost_TLCQM,0.1126575851339684,100
KRR_TLCQM,1.7176311138570413,100
NN_TLCQM,0.1533105498970525,100
XGBoost_Target_Only,0.1057233862041327,200
KRR_Target_Only,18.40963439838708,200
NN_Target_Only,23.175488253769057,200
XGBoost_Pool,0.1006761000105694,200
KRR_Pool,1.597081174056043,200
NN_Pool,3.537915346318938,200
XGBoost_TLCQM,0.1030491819060682,200
KRR_TLCQM,1.701389454772109,200
NN_TLCQM,0.1149915098442115,200
XGBoost_Target_Only,0.0951888487651227,300
KRR_Target_Only,13.47295791752633,300
NN_Target_Only,6.70035425894005,300
XGBoost_Pool,0.0964088701265158,300
KRR_Pool,1.4965675780608434,300
NN_Pool,3.1375820670397587,300
XGBoost_TLCQM,0.1047636765064647,300
KRR_TLCQM,1.5668892932159568,300
NN_TLCQM,0.1083655433590991,300
XGBoost_Target_Only,0.0949012272488339,500
KRR_Target_Only,8.270764461932453,500
NN_Target_Only,0.2031514810683424,500
XGBoost_Pool,0.0969879781521733,500
KRR_Pool,1.4452476061762771,500
NN_Pool,3.5031704033082147,500
XGBoost_TLCQM,0.0998419326074606,500
KRR_TLCQM,1.5288597240083406,500
NN_TLCQM,0.1073852053928008,500
TKRR,2.064604032244204,100
CDAR,5.54623709452759,100
DARC,36.1736644492445,100
VNCD_MDD,0.159526405436945,100
M3SDA_Reg,0.1163337116279717,100
CMSS_Reg,0.1161016424383414,100
TKRR,1.9481923889144053,200
CDAR,5.393702529021942,200
DARC,35.30797111990608,200
VNCD_MDD,0.1582184712665072,200
M3SDA_Reg,0.1172450028692021,200
CMSS_Reg,0.1155317655356751,200
TKRR,1.807360128396267,300
CDAR,5.417749918745137,300
DARC,35.215127942749575,300
VNCD_MDD,0.1297040998167705,300
M3SDA_Reg,0.1094491302203897,300
CMSS_Reg,0.1068386282478463,300
TKRR,1.8057904891531695,500
CDAR,5.425422023249436,500
DARC,35.17152080514851,500
VNCD_MDD,0.1275092855346702,500
M3SDA_Reg,0.1152776101952302,500
CMSS_Reg,0.1019624508578607,500
XGBoost_Target_Only,0.1145204022835131,100
KRR_Target_Only,28.560549975264607,100
NN_Target_Only,18.5408302931688,100
XGBoost_Pool,0.1076264581432918,100
KRR_Pool,1.6529468093182504,100
NN_Pool,5.567120604496255,100
XGBoost_TLCQM,0.1579830600315469,100
KRR_TLCQM,1.845050440356374,100
NN_TLCQM,0.3897757066660413,100
XGBoost_Target_Only,0.1087179835503187,200
KRR_Target_Only,18.53921850801572,200
NN_Target_Only,21.421172493104404,200
XGBoost_Pool,0.1000559632610759,200
KRR_Pool,1.6463768236970453,200
NN_Pool,3.468765492499944,200
XGBoost_TLCQM,0.10128095259111,200
KRR_TLCQM,1.747598099493349,200
NN_TLCQM,0.1340898695308843,200
XGBoost_Target_Only,0.1047862318741663,300
KRR_Target_Only,14.040556200236177,300
NN_Target_Only,7.160712537751786,300
XGBoost_Pool,0.0998791807934602,300
KRR_Pool,1.6221495825059755,300
NN_Pool,3.632217397738658,300
XGBoost_TLCQM,0.1004518000084608,300
KRR_TLCQM,1.7171494414726465,300
NN_TLCQM,0.1597459539971873,300
XGBoost_Target_Only,0.0963321045231419,500
KRR_Target_Only,9.521549861251982,500
NN_Target_Only,0.2181574793553574,500
XGBoost_Pool,0.0962031492672779,500
KRR_Pool,1.5580210054794743,500
NN_Pool,3.011121958449294,500
XGBoost_TLCQM,0.0978083726852281,500
KRR_TLCQM,1.6680153212096431,500
NN_TLCQM,0.140251788336376,500
TKRR,2.076467497909986,100
CDAR,5.930500184135781,100
DARC,29.623951128094284,100
VNCD_MDD,0.1887483753983772,100
M3SDA_Reg,0.1213473586579925,100
CMSS_Reg,0.1180183186830757,100
TKRR,1.893017420566467,200
CDAR,5.322920221976142,200
DARC,23.388098260398937,200
VNCD_MDD,0.1740882568822976,200
M3SDA_Reg,0.129899317074158,200
CMSS_Reg,0.1140246862728662,200
TKRR,1.887088595206583,300
CDAR,5.327195756860302,300
DARC,23.34471795720456,300
VNCD_MDD,0.1665498765359963,300
M3SDA_Reg,0.1295189410214968,300
CMSS_Reg,0.1100585083077561,300
TKRR,1.85543292241808,500
CDAR,5.444654320467944,500
DARC,23.80243770956948,500
VNCD_MDD,0.1596653060006749,500
M3SDA_Reg,0.1322779235233143,500
CMSS_Reg,0.1035761055052934,500
XGBoost_Target_Only,0.1077804171913306,100
KRR_Target_Only,29.93319649242895,100
NN_Target_Only,20.75443131038579,100
XGBoost_Pool,0.0974869976725465,100
KRR_Pool,1.5881643809711172,100
NN_Pool,3.396308202365328,100
XGBoost_TLCQM,0.1202328854137666,100
KRR_TLCQM,1.716266612090478,100
NN_TLCQM,0.1702696826563063,100
XGBoost_Target_Only,0.0979108253003132,200
KRR_Target_Only,19.63347015732072,200
NN_Target_Only,19.000935444418047,200
XGBoost_Pool,0.0982392703470617,200
KRR_Pool,1.5632951592334827,200
NN_Pool,3.710993054137653,200
XGBoost_TLCQM,0.1003205545112753,200
KRR_TLCQM,1.6569565611402075,200
NN_TLCQM,0.1024824001155965,200
XGBoost_Target_Only,0.0956003586629817,300
KRR_Target_Only,13.460958910650788,300
NN_Target_Only,7.897314180789542,300
XGBoost_Pool,0.0971978301707811,300
KRR_Pool,1.5692426243916069,300
NN_Pool,2.4792167980056483,300
XGBoost_TLCQM,0.0986873911048016,300
KRR_TLCQM,1.6929190005754435,300
NN_TLCQM,0.1013575544076701,300
XGBoost_Target_Only,0.0967344930677462,500
KRR_Target_Only,9.0270019836059,500
NN_Target_Only,0.2103810248016434,500
XGBoost_Pool,0.095967583515964,500
KRR_Pool,1.5619131757658955,500
NN_Pool,3.536662575373183,500
XGBoost_TLCQM,0.097616565296811,500
KRR_TLCQM,1.6948783581717166,500
NN_TLCQM,0.1404075914768361,500
TKRR,1.850378923386491,100
CDAR,6.619968162300434,100
DARC,34.51955584862098,100
VNCD_MDD,0.1602316287432478,100
M3SDA_Reg,0.1150858352066513,100
CMSS_Reg,0.1242698032884831,100
TKRR,1.9859370169537665,200
CDAR,6.4390195714018805,200
DARC,33.93988072297901,200
VNCD_MDD,0.1485949103393393,200
M3SDA_Reg,0.1116030901295173,200
CMSS_Reg,0.1124118431506159,200
TKRR,1.899760144199576,300
CDAR,6.580840952531366,300
DARC,33.79694613728225,300
VNCD_MDD,0.1478272312836817,300
M3SDA_Reg,0.1109866136784717,300
CMSS_Reg,0.1098964106792887,300
TKRR,1.93960403694384,500
CDAR,6.4968336739946615,500
DARC,28.055567595163296,500
VNCD_MDD,0.1322834043392341,500
M3SDA_Reg,0.1171368240255122,500
CMSS_Reg,0.1103542277251097,500
XGBoost_Target_Only,0.1108330721086491,100
KRR_Target_Only,31.445174297625933,100
NN_Target_Only,23.626177275072717,100
XGBoost_Pool,0.0968875368496858,100
KRR_Pool,1.582600018223239,100
NN_Pool,5.471451458909679,100
XGBoost_TLCQM,0.0990962018483448,100
KRR_TLCQM,1.7203424874407045,100
NN_TLCQM,0.1019500109425824,100
XGBoost_Target_Only,0.1023953320407179,200
KRR_Target_Only,20.4799910184245,200
NN_Target_Only,21.36715139538807,200
XGBoost_Pool,0.1002160855228526,200
KRR_Pool,1.5689378938593097,200
NN_Pool,3.692316091888845,200
XGBoost_TLCQM,0.1035124108735166,200
KRR_TLCQM,1.6818147089351014,200
NN_TLCQM,0.1079562224079122,200
XGBoost_Target_Only,0.0949157529887775,300
KRR_Target_Only,16.5932406421439,300
NN_Target_Only,10.325721837707302,300
XGBoost_Pool,0.0975689664205846,300
KRR_Pool,1.523782186831043,300
NN_Pool,3.05722187318706,300
XGBoost_TLCQM,0.1011530278346471,300
KRR_TLCQM,1.6353176846714932,300
NN_TLCQM,0.3822639819049356,300
XGBoost_Target_Only,0.0925447937122326,500
KRR_Target_Only,9.203458583423789,500
NN_Target_Only,0.1747429371728475,500
XGBoost_Pool,0.0962445762009871,500
KRR_Pool,1.4427922557177684,500
NN_Pool,3.147892341340691,500
XGBoost_TLCQM,0.1016300582287131,500
KRR_TLCQM,1.5449748285292153,500
NN_TLCQM,0.1069791261579232,500
TKRR,1.8699526509074893,100
CDAR,5.447328892346299,100
DARC,35.86771969942637,100
VNCD_MDD,0.1898381415601938,100
M3SDA_Reg,0.119589576628822,100
CMSS_Reg,0.119959586335085,100
TKRR,1.840203389009299,200
CDAR,5.584104359480975,200
DARC,38.5383163036182,200
VNCD_MDD,0.1653221919281224,200
M3SDA_Reg,0.1181545812978099,200
CMSS_Reg,0.115616181443921,200
TKRR,1.79575977209965,300
CDAR,5.529838430690836,300
DARC,37.61310427726557,300
VNCD_MDD,0.1410381098779771,300
M3SDA_Reg,0.1187253772455654,300
CMSS_Reg,0.1070969128790705,300
TKRR,1.7371071630197472,500
CDAR,5.549167010697349,500
DARC,38.83541132989095,500
VNCD_MDD,0.1399675837886268,500
M3SDA_Reg,0.1181064225876679,500
CMSS_Reg,0.1030294092261384,500
XGBoost_Target_Only,0.1127562853431241,100
KRR_Target_Only,28.50020708621972,100
NN_Target_Only,21.274337681035476,100
XGBoost_Pool,0.0997067293085068,100
KRR_Pool,1.5619542107990787,100
NN_Pool,3.4225556779136377,100
XGBoost_TLCQM,0.1024748309666773,100
KRR_TLCQM,1.686379651163343,100
NN_TLCQM,0.1144869618008353,100
XGBoost_Target_Only,0.1052557641675947,200
KRR_Target_Only,18.540976388758992,200
NN_Target_Only,19.817328579047256,200
XGBoost_Pool,0.0977512388029116,200
KRR_Pool,1.5700936028273504,200
NN_Pool,3.352373401449704,200
XGBoost_TLCQM,0.10081098798377,200
KRR_TLCQM,1.6786747736647945,200
NN_TLCQM,0.1082469276271146,200
XGBoost_Target_Only,0.1036208771251239,300
KRR_Target_Only,13.301592981008175,300
NN_Target_Only,2.9342104870607155,300
XGBoost_Pool,0.0960832388378587,300
KRR_Pool,1.5236881607025443,300
NN_Pool,3.3167171101883866,300
XGBoost_TLCQM,0.1111061375158418,300
KRR_TLCQM,1.6237270955804446,300
NN_TLCQM,0.2643555998395879,300
XGBoost_Target_Only,0.097322737065201,500
KRR_Target_Only,8.812053835552385,500
NN_Target_Only,0.196000894636321,500
XGBoost_Pool,0.095216806095878,500
KRR_Pool,1.4360935955499334,500
NN_Pool,3.4999619765597885,500
XGBoost_TLCQM,0.1068010391517547,500
KRR_TLCQM,1.5221685533931142,500
NN_TLCQM,0.1115128061794891,500
TKRR,1.8161529536634464,100
CDAR,5.286928508314822,100
DARC,26.10109181609877,100
VNCD_MDD,0.1662724283780964,100
M3SDA_Reg,0.1213693136648411,100
CMSS_Reg,0.1213248762276111,100
TKRR,1.9035097419505755,200
CDAR,5.713636002432528,200
DARC,32.05371930768467,200
VNCD_MDD,0.1404890899786064,200
M3SDA_Reg,0.1077791722551341,200
CMSS_Reg,0.1100823576798255,200
TKRR,1.7942329750823791,300
CDAR,5.666170662369411,300
DARC,32.23492595926544,300
VNCD_MDD,0.1479367816691116,300
M3SDA_Reg,0.1138346147609471,300
CMSS_Reg,0.1074417159815384,300
TKRR,1.7279442607142268,500
CDAR,5.621524629284805,500
DARC,32.12255328897004,500
VNCD_MDD,0.1339780626878016,500
M3SDA_Reg,0.1133354375857112,500
CMSS_Reg,0.1034417602591473,500
XGBoost_Target_Only,0.114622674273382,100
KRR_Target_Only,29.948345894557367,100
NN_Target_Only,26.06573627719858,100
XGBoost_Pool,0.101607351119781,100
KRR_Pool,1.5744746345400096,100
NN_Pool,5.369463876804469,100
XGBoost_TLCQM,0.1028151046162195,100
KRR_TLCQM,1.682976027184733,100
NN_TLCQM,0.1060737563322206,100
XGBoost_Target_Only,0.1021757189303148,200
KRR_Target_Only,18.97493847584044,200
NN_Target_Only,22.473254090120317,200
XGBoost_Pool,0.0998271433735227,200
KRR_Pool,1.5326309832336067,200
NN_Pool,3.261270113256503,200
XGBoost_TLCQM,0.1025570974318973,200
KRR_TLCQM,1.623013746041614,200
NN_TLCQM,0.2405775894961475,200
XGBoost_Target_Only,0.0959410126776201,300
KRR_Target_Only,13.57806572597538,300
NN_Target_Only,1.954372756727221,300
XGBoost_Pool,0.0969677673018194,300
KRR_Pool,1.4875505484730742,300
NN_Pool,6.044985235829766,300
XGBoost_TLCQM,0.1027299298019451,300
KRR_TLCQM,1.5671203556675206,300
NN_TLCQM,0.1513075167842711,300
XGBoost_Target_Only,0.0944889983143194,500
KRR_Target_Only,8.539790788788041,500
NN_Target_Only,3.095759464058337,500
XGBoost_Pool,0.097766330407964,500
KRR_Pool,1.4416584655849036,500
NN_Pool,3.456684920066066,500
XGBoost_TLCQM,0.1004630653156011,500
KRR_TLCQM,1.5181936977669228,500
NN_TLCQM,0.1025008556506928,500
TKRR,1.862522375361497,100
CDAR,6.008030680479483,100
DARC,37.9058719844893,100
VNCD_MDD,0.150468044640353,100
M3SDA_Reg,0.117400680799752,100
CMSS_Reg,0.1178072697737004,100
TKRR,1.905958636541529,200
CDAR,6.121174427304234,200
DARC,26.36105234625935,200
VNCD_MDD,0.1524191219025034,200
M3SDA_Reg,0.1104351096023313,200
CMSS_Reg,0.1109450629374428,200
TKRR,1.7735747752544897,300
CDAR,6.169379719543564,300
DARC,26.34060066541531,300
VNCD_MDD,0.141147010209601,300
M3SDA_Reg,0.1154705063092222,300
CMSS_Reg,0.1063732855261317,300
TKRR,1.7048208673060643,500
CDAR,6.072270827688604,500
DARC,26.627735810157866,500
VNCD_MDD,0.1185198444263232,500
M3SDA_Reg,0.1163744901515164,500
CMSS_Reg,0.1023502501745061,500
XGBoost_Target_Only,0.1082853343509511,100
KRR_Target_Only,28.59753218438328,100
NN_Target_Only,22.871586567506256,100
XGBoost_Pool,0.1035741004180529,100
KRR_Pool,1.6079334791805877,100
NN_Pool,5.401933623219551,100
XGBoost_TLCQM,0.1037513960021515,100
KRR_TLCQM,1.7431994222028624,100
NN_TLCQM,0.0989609189376993,100
XGBoost_Target_Only,0.102913251148999,200
KRR_Target_Only,19.59323705216618,200
NN_Target_Only,22.579703370234075,200
XGBoost_Pool,0.1006965534797631,200
KRR_Pool,1.5554133535120942,200
NN_Pool,3.528135467618602,200
XGBoost_TLCQM,0.103376150937483,200
KRR_TLCQM,1.6528836981082822,200
NN_TLCQM,0.7499722127407035,200
XGBoost_Target_Only,0.0982595892747003,300
KRR_Target_Only,14.505422161488037,300
NN_Target_Only,8.262690755464748,300
XGBoost_Pool,0.0967422991842392,300
KRR_Pool,1.499695515786029,300
NN_Pool,3.2388036038347763,300
XGBoost_TLCQM,0.1088947314835903,300
KRR_TLCQM,1.5885467875908803,300
NN_TLCQM,0.2588972945233053,300
XGBoost_Target_Only,0.0946666805930198,500
KRR_Target_Only,8.466386423346417,500
NN_Target_Only,1.3775421013047136,500
XGBoost_Pool,0.0960070659976613,500
KRR_Pool,1.4694537522497604,500
NN_Pool,4.435375805721494,500
XGBoost_TLCQM,0.1088314002272397,500
KRR_TLCQM,1.55483819238135,500
NN_TLCQM,0.1096168651544554,500
TKRR,1.910921001145616,100
CDAR,6.385625526139753,100
DARC,42.437153598131054,100
VNCD_MDD,0.1641441173550202,100
M3SDA_Reg,0.1135982217501642,100
CMSS_Reg,0.1211870242086232,100
TKRR,1.9152392622538252,200
CDAR,5.34689710014716,200
DARC,37.06334364129949,200
VNCD_MDD,0.1514672246785074,200
M3SDA_Reg,0.1117023324329766,200
CMSS_Reg,0.1142935632052204,200
TKRR,1.835828137910258,300
CDAR,5.334668263376075,300
DARC,37.14673097536542,300
VNCD_MDD,0.1406636827043521,300
M3SDA_Reg,0.1077020258238016,300
CMSS_Reg,0.1126462634563982,300
TKRR,1.7907738853772637,500
CDAR,5.321001808112703,500
DARC,36.69875435881757,500
VNCD_MDD,0.1260706571303755,500
M3SDA_Reg,0.1073549742639161,500
CMSS_Reg,0.1088176939798369,500
XGBoost_Target_Only,0.1192239572348991,100
KRR_Target_Only,29.93807465045788,100
NN_Target_Only,20.083609107253054,100
XGBoost_Pool,0.1007203868637398,100
KRR_Pool,1.6486447774401376,100
NN_Pool,5.232023460127809,100
XGBoost_TLCQM,0.106154619650675,100
KRR_TLCQM,1.7927374365263178,100
NN_TLCQM,0.1076882989735891,100
XGBoost_Target_Only,0.1013400785854633,200
KRR_Target_Only,19.22261421883059,200
NN_Target_Only,21.987281628212173,200
XGBoost_Pool,0.1014047866517717,200
KRR_Pool,1.591377337560422,200
NN_Pool,3.3898924540082787,200
XGBoost_TLCQM,0.0999632791003668,200
KRR_TLCQM,1.7085735206736792,200
NN_TLCQM,0.1427109897623963,200
XGBoost_Target_Only,0.10192856103641,300
KRR_Target_Only,14.819355950439826,300
NN_Target_Only,0.2247299489131717,300
XGBoost_Pool,0.0993977432674454,300
KRR_Pool,1.5908702886747503,300
NN_Pool,2.910865714905055,300
XGBoost_TLCQM,0.1013850122338548,300
KRR_TLCQM,1.7157314875399667,300
NN_TLCQM,0.1103353720183175,300
XGBoost_Target_Only,0.0978302129672374,500
KRR_Target_Only,9.087688322971031,500
NN_Target_Only,0.1943940604611035,500
XGBoost_Pool,0.0979517750844553,500
KRR_Pool,1.5182619544493468,500
NN_Pool,2.911126400473949,500
XGBoost_TLCQM,0.0989607197816708,500
KRR_TLCQM,1.635742227258426,500
NN_TLCQM,0.1060425297231439,500
TKRR,2.013485222156881,100
CDAR,5.70034940681009,100
DARC,38.297958477026704,100
VNCD_MDD,0.1400193318891137,100
M3SDA_Reg,0.121648166424601,100
CMSS_Reg,0.1130814721853689,100
TKRR,1.928279652834514,200
CDAR,5.708964191645451,200
DARC,26.01953065895333,200
VNCD_MDD,0.129866278096655,200
M3SDA_Reg,0.1261690389283969,200
CMSS_Reg,0.1087378484373099,200
TKRR,1.877461050692835,300
CDAR,5.699118935606864,300
DARC,26.27140695712324,300
VNCD_MDD,0.1271175498693486,300
M3SDA_Reg,0.1265213507442648,300
CMSS_Reg,0.1086347342402612,300
TKRR,1.818177491063501,500
CDAR,5.78259255594942,500
DARC,26.195595849645084,500
VNCD_MDD,0.1191322149865506,500
M3SDA_Reg,0.1288172729138595,500
CMSS_Reg,0.1026436298370477,500
XGBoost_Target_Only,0.1125713940352513,100
KRR_Target_Only,29.767851692133377,100
NN_Target_Only,27.1588867159008,100
XGBoost_Pool,0.1014452126432687,100
KRR_Pool,1.5830931899801324,100
NN_Pool,5.003456696883907,100
XGBoost_TLCQM,0.1094433703528364,100
KRR_TLCQM,1.6979363591502674,100
NN_TLCQM,0.6286761998368188,100
XGBoost_Target_Only,0.1147615758598236,200
KRR_Target_Only,18.8656028425758,200
NN_Target_Only,23.763694166213305,200
XGBoost_Pool,0.0990893599053242,200
KRR_Pool,1.5665939186961422,200
NN_Pool,3.478883571629733,200
XGBoost_TLCQM,0.1012910709842147,200
KRR_TLCQM,1.6794044297771926,200
NN_TLCQM,0.113792628684819,200
XGBoost_Target_Only,0.1052632763155753,300
KRR_Target_Only,14.34941216782748,300
NN_Target_Only,0.6903415918667385,300
XGBoost_Pool,0.0999636111573417,300
KRR_Pool,1.5154268438621077,300
NN_Pool,2.3126206800909954,300
XGBoost_TLCQM,0.0985848291989587,300
KRR_TLCQM,1.6087460166981409,300
NN_TLCQM,2.096901351261017,300
XGBoost_Target_Only,0.1066123301901735,500
KRR_Target_Only,9.505544560175723,500
NN_Target_Only,6.816941484926671,500
XGBoost_Pool,0.0948338924119078,500
KRR_Pool,1.4815026317703766,500
NN_Pool,2.552934696130566,500
XGBoost_TLCQM,0.0976455113048183,500
KRR_TLCQM,1.569459970026275,500
NN_TLCQM,0.1133663719035059,500
TKRR,2.087377453739349,100
CDAR,5.927133382124812,100
DARC,23.96252043474295,100
VNCD_MDD,0.155628731292523,100
M3SDA_Reg,0.1235144884141817,100
CMSS_Reg,0.1161007041352989,100
TKRR,1.868443347841966,200
CDAR,5.504636645517837,200
DARC,27.38426198922092,200
VNCD_MDD,0.1492932828113248,200
M3SDA_Reg,0.1139129107462204,200
CMSS_Reg,0.111952875353059,200
TKRR,1.8720806628089055,300
CDAR,5.508288489728994,300
DARC,28.20015096858476,300
VNCD_MDD,0.1530009466294228,300
M3SDA_Reg,0.117355548624666,300
CMSS_Reg,0.1088450769578678,300
TKRR,1.797920635845166,500
CDAR,5.491275715939305,500
DARC,27.327984940404253,500
VNCD_MDD,0.1250133868451499,500
M3SDA_Reg,0.1142386259554786,500
CMSS_Reg,0.1016980307887441,500
XGBoost_Target_Only,0.1151866825774114,100
KRR_Target_Only,29.46250184620295,100
NN_Target_Only,23.92508065981032,100
XGBoost_Pool,0.0986193126474081,100
KRR_Pool,1.634864927955354,100
NN_Pool,6.00287611147021,100
XGBoost_TLCQM,0.1143404174474231,100
KRR_TLCQM,1.779646959893575,100
NN_TLCQM,0.3126040453943195,100
XGBoost_Target_Only,0.1184507213822174,200
KRR_Target_Only,20.53681859734495,200
NN_Target_Only,23.756093918342405,200
XGBoost_Pool,0.0951354105134146,200
KRR_Pool,1.5916149893804123,200
NN_Pool,4.020248958583064,200
XGBoost_TLCQM,0.1088596369772488,200
KRR_TLCQM,1.6821876699619878,200
NN_TLCQM,0.3383697020903814,200
XGBoost_Target_Only,0.1039523692963452,300
KRR_Target_Only,13.53799445518,300
NN_Target_Only,10.599845936055283,300
XGBoost_Pool,0.0945797726452803,300
KRR_Pool,1.611688976639857,300
NN_Pool,3.312590297107536,300
XGBoost_TLCQM,0.1073280225332406,300
KRR_TLCQM,1.7029938843947712,300
NN_TLCQM,0.1131951584861488,300
XGBoost_Target_Only,0.0971779474595978,500
KRR_Target_Only,9.280168583877922,500
NN_Target_Only,0.1543030817661086,500
XGBoost_Pool,0.0939640693391816,500
KRR_Pool,1.5748254242546655,500
NN_Pool,3.2590571107697994,500
XGBoost_TLCQM,0.1046115888282588,500
KRR_TLCQM,1.659752888899619,500
NN_TLCQM,0.1074807517980874,500
TKRR,1.9882996164512263,100
CDAR,5.634073572158502,100
DARC,24.359920102733803,100
VNCD_MDD,0.1591923350428999,100
M3SDA_Reg,0.1144879958887661,100
CMSS_Reg,0.1162513173691118,100
TKRR,1.8732832388348435,200
CDAR,5.578220206213032,200
DARC,30.51994996562608,200
VNCD_MDD,0.1565363481770538,200
M3SDA_Reg,0.1055593397423858,200
CMSS_Reg,0.1123246394975235,200
TKRR,1.9208223202376284,300
CDAR,5.569753051420153,300
DARC,30.40663816037242,300
VNCD_MDD,0.1571734006327462,300
M3SDA_Reg,0.104924471818126,300
CMSS_Reg,0.1051416947452532,300
TKRR,1.8987563476339784,500
CDAR,5.6603171319124375,500
DARC,30.369393504188697,500
VNCD_MDD,0.1337060794798281,500
M3SDA_Reg,0.1051295404177227,500
CMSS_Reg,0.1040691802814057,500
XGBoost_Target_Only,0.1105011243686605,100
KRR_Target_Only,30.018629366260026,100
NN_Target_Only,20.89277409024522,100
XGBoost_Pool,0.103243466237727,100
KRR_Pool,1.5918700194538262,100
NN_Pool,5.4121826249313125,100
XGBoost_TLCQM,0.1067343782830967,100
KRR_TLCQM,1.6950355010931852,100
NN_TLCQM,0.1060160476461504,100
XGBoost_Target_Only,0.1078617689013196,200
KRR_Target_Only,20.372007781369835,200
NN_Target_Only,20.816200149524008,200
XGBoost_Pool,0.0995547923460502,200
KRR_Pool,1.5363832110519977,200
NN_Pool,4.80207532748888,200
XGBoost_TLCQM,0.0997371530123428,200
KRR_TLCQM,1.6424937407170586,200
NN_TLCQM,0.4417799880823664,200
XGBoost_Target_Only,0.1089419632840151,300
KRR_Target_Only,14.738088950666771,300
NN_Target_Only,0.3511929577942071,300
XGBoost_Pool,0.096021346082263,300
KRR_Pool,1.4664796930862103,300
NN_Pool,5.718670251909605,300
XGBoost_TLCQM,0.1103644535888828,300
KRR_TLCQM,1.545011196677561,300
NN_TLCQM,0.1624184021107289,300
XGBoost_Target_Only,0.0998054009812134,500
KRR_Target_Only,9.27221671577421,500
NN_Target_Only,0.285357913482976,500
XGBoost_Pool,0.0941950845414965,500
KRR_Pool,1.4286658465369595,500
NN_Pool,2.817950140831535,500
XGBoost_TLCQM,0.1073922960197752,500
KRR_TLCQM,1.499953617557536,500
NN_TLCQM,0.1426643982471027,500
TKRR,1.8834943142751248,100
CDAR,5.784207108643935,100
DARC,40.22090283119231,100
VNCD_MDD,0.1310192236983691,100
M3SDA_Reg,0.1153979588572656,100
CMSS_Reg,0.1166912921321102,100
TKRR,1.806704934606008,200
CDAR,5.361629209477638,200
DARC,24.69497908928975,200
VNCD_MDD,0.1324065922043938,200
M3SDA_Reg,0.1103340798198118,200
CMSS_Reg,0.1203268845439271,200
TKRR,1.7752563468529716,300
CDAR,5.28770928781023,300
DARC,24.88947092263148,300
VNCD_MDD,0.1367774727439734,300
M3SDA_Reg,0.1121418189872473,300
CMSS_Reg,0.114175411362228,300
TKRR,1.7545778568629378,500
CDAR,5.36009626179039,500
DARC,24.682103464795315,500
VNCD_MDD,0.1382340755867611,500
M3SDA_Reg,0.1153526543173968,500
CMSS_Reg,0.1027587664362469,500
XGBoost_Target_Only,0.1173575149303695,100
KRR_Target_Only,30.82287901616149,100
NN_Target_Only,20.876764619420697,100
XGBoost_Pool,0.1004660364662669,100
KRR_Pool,1.6322281290852536,100
NN_Pool,5.80583557430603,100
XGBoost_TLCQM,0.1097589751211368,100
KRR_TLCQM,1.7743077883634146,100
NN_TLCQM,0.1623205459129235,100
XGBoost_Target_Only,0.0990524254167308,200
KRR_Target_Only,19.44533985125169,200
NN_Target_Only,19.75520992076423,200
XGBoost_Pool,0.0981108329184336,200
KRR_Pool,1.618432778542866,200
NN_Pool,3.4381185620425776,200
XGBoost_TLCQM,0.1026400021939833,200
KRR_TLCQM,1.734600813198487,200
NN_TLCQM,0.1316687534372792,200
XGBoost_Target_Only,0.098993854522669,300
KRR_Target_Only,14.502717551037508,300
NN_Target_Only,1.0339315166616905,300
XGBoost_Pool,0.0985119658968118,300
KRR_Pool,1.5689140736353082,300
NN_Pool,6.061484875177345,300
XGBoost_TLCQM,0.1043147797061113,300
KRR_TLCQM,1.665626367679769,300
NN_TLCQM,0.2843208649703879,300
XGBoost_Target_Only,0.0958514497701831,500
KRR_Target_Only,8.373448063856198,500
NN_Target_Only,0.2640794714716647,500
XGBoost_Pool,0.0954457593222623,500
KRR_Pool,1.522255854142896,500
NN_Pool,3.8528459720408974,500
XGBoost_TLCQM,0.1055808083343802,500
KRR_TLCQM,1.6034906172433,500
NN_TLCQM,0.1073843728505845,500
TKRR,1.9259289705728349,100
CDAR,5.505150753352349,100
DARC,26.336421654509483,100
VNCD_MDD,0.1597936309973003,100
M3SDA_Reg,0.1163512432025426,100
CMSS_Reg,0.1188226923672287,100
TKRR,1.8876710764387603,200
CDAR,5.997239101772296,200
DARC,26.749013611678457,200
VNCD_MDD,0.1360530793619084,200
M3SDA_Reg,0.1151168889609501,200
CMSS_Reg,0.1075757225181098,200
TKRR,1.862759244420452,300
CDAR,6.047430481435743,300
DARC,27.433507640492564,300
VNCD_MDD,0.1255543235167923,300
M3SDA_Reg,0.1248333968636767,300
CMSS_Reg,0.1087317338151207,300
TKRR,1.8424326954321395,500
CDAR,5.992694552923002,500
DARC,27.067406184662644,500
VNCD_MDD,0.1301957532341493,500
M3SDA_Reg,0.1135223584527932,500
CMSS_Reg,0.1044324498855794,500
XGBoost_Target_Only,0.1290651174941451,100
KRR_Target_Only,29.83512463751015,100
NN_Target_Only,21.699858031085565,100
XGBoost_Pool,0.1020746142650335,100
KRR_Pool,1.6188712452995162,100
NN_Pool,4.1770221753528585,100
XGBoost_TLCQM,0.1208304077176918,100
KRR_TLCQM,1.71468932363123,100
NN_TLCQM,0.1433464024006059,100
XGBoost_Target_Only,0.1034314921017641,200
KRR_Target_Only,21.20966673581172,200
NN_Target_Only,25.5359281108091,200
XGBoost_Pool,0.0986717603107289,200
KRR_Pool,1.4949599338693924,200
NN_Pool,3.58981792118345,200
XGBoost_TLCQM,0.1132803869076731,200
KRR_TLCQM,1.585728958175339,200
NN_TLCQM,0.1209539793688137,200
XGBoost_Target_Only,0.0965304902849672,300
KRR_Target_Only,14.505658206584172,300
NN_Target_Only,8.504523947887103,300
XGBoost_Pool,0.100511996737371,300
KRR_Pool,1.4565901415097915,300
NN_Pool,3.6989344987734345,300
XGBoost_TLCQM,0.1078006816536198,300
KRR_TLCQM,1.542690934752594,300
NN_TLCQM,0.143896119501102,300
XGBoost_Target_Only,0.0926401899542869,500
KRR_Target_Only,9.410008911504384,500
NN_Target_Only,0.1667335583505667,500
XGBoost_Pool,0.0950636898381627,500
KRR_Pool,1.4169194134912748,500
NN_Pool,5.036648599503695,500
XGBoost_TLCQM,0.1045900750167615,500
KRR_TLCQM,1.4874785405790978,500
NN_TLCQM,0.1337547497894025,500
TKRR,1.9568866304496944,100
CDAR,5.734176113426383,100
DARC,28.69328726259692,100
VNCD_MDD,0.1812073476820292,100
M3SDA_Reg,0.1179713217514906,100
CMSS_Reg,0.1235832618984163,100
TKRR,1.7721203656941986,200
CDAR,5.601581109335645,200
DARC,34.18470269687643,200
VNCD_MDD,0.1691729742760654,200
M3SDA_Reg,0.1157537159518972,200
CMSS_Reg,0.1132780734591503,200
TKRR,1.8061830316481395,300
CDAR,5.475615113521017,300
DARC,34.66203860361155,300
VNCD_MDD,0.1609907362844867,300
M3SDA_Reg,0.1138680752156642,300
CMSS_Reg,0.1064197834051717,300
TKRR,1.751740827659828,500
CDAR,5.490212873819564,500
DARC,35.11009194427133,500
VNCD_MDD,0.1443060160814537,500
M3SDA_Reg,0.1155550962225654,500
CMSS_Reg,0.1026600067003456,500
XGBoost_Target_Only,0.1103480642363203,100
KRR_Target_Only,28.32369451459777,100
NN_Target_Only,18.863285112286505,100
XGBoost_Pool,0.0993458068859874,100
KRR_Pool,1.618821538690446,100
NN_Pool,5.333631517336509,100
XGBoost_TLCQM,0.1335648777477148,100
KRR_TLCQM,1.806777922309008,100
NN_TLCQM,0.13645591926239,100
XGBoost_Target_Only,0.1108376712574183,200
KRR_Target_Only,19.778428378986256,200
NN_Target_Only,18.917983478725645,200
XGBoost_Pool,0.0980334712088938,200
KRR_Pool,1.6088448475077044,200
NN_Pool,3.188352351698309,200
XGBoost_TLCQM,0.1021823964585683,200
KRR_TLCQM,1.7028277709038688,200
NN_TLCQM,0.1175042643317001,200
XGBoost_Target_Only,0.0980303149782494,300
KRR_Target_Only,15.422079773159531,300
NN_Target_Only,7.351711766211096,300
XGBoost_Pool,0.0976825470308955,300
KRR_Pool,1.612931422552541,300
NN_Pool,3.448444725771183,300
XGBoost_TLCQM,0.1077205140894462,300
KRR_TLCQM,1.7071909753569965,300
NN_TLCQM,0.1361474758066632,300
XGBoost_Target_Only,0.0978688443649793,500
KRR_Target_Only,9.21519379490596,500
NN_Target_Only,0.5291113869551207,500
XGBoost_Pool,0.0979063657322143,500
KRR_Pool,1.5600040207165466,500
NN_Pool,2.9315365292650397,500
XGBoost_TLCQM,0.1074897111420037,500
KRR_TLCQM,1.6750140571651395,500
NN_TLCQM,0.2797589924630615,500
TKRR,1.873823678529673,100
CDAR,5.235900110612351,100
DARC,34.44437622492892,100
VNCD_MDD,0.1738341690001246,100
M3SDA_Reg,0.1099052573590128,100
CMSS_Reg,0.1209638602647478,100
TKRR,1.8629527957733163,200
CDAR,6.135959426982419,200
DARC,31.970664055867665,200
VNCD_MDD,0.1759003110297478,200
M3SDA_Reg,0.1114597284126756,200
CMSS_Reg,0.1180862291201686,200
TKRR,1.876016794463712,300
CDAR,6.185399294059331,300
DARC,32.26019816078704,300
VNCD_MDD,0.166959098710371,300
M3SDA_Reg,0.1148244047626015,300
CMSS_Reg,0.1119765022006623,300
TKRR,1.8317838319665656,500
CDAR,6.198469504610927,500
DARC,30.0004061078454,500
VNCD_MDD,0.1599819894649164,500
M3SDA_Reg,0.1173602508865963,500
CMSS_Reg,0.1040991315205809,500
XGBoost_Target_Only,0.1137956947638818,100
KRR_Target_Only,30.629331904928183,100
NN_Target_Only,19.593279348424417,100
XGBoost_Pool,0.101875015085849,100
KRR_Pool,1.6011999938544237,100
NN_Pool,5.358908369386979,100
XGBoost_TLCQM,0.1123897272365082,100
KRR_TLCQM,1.736955932674358,100
NN_TLCQM,0.1111838418590507,100
XGBoost_Target_Only,0.1033990654497485,200
KRR_Target_Only,20.786908530593696,200
NN_Target_Only,21.122730002677788,200
XGBoost_Pool,0.0965071834726705,200
KRR_Pool,1.5972995881802874,200
NN_Pool,3.467874319478556,200
XGBoost_TLCQM,0.1025300781542391,200
KRR_TLCQM,1.7029227348709823,200
NN_TLCQM,0.1087668919600772,200
XGBoost_Target_Only,0.0997308052207378,300
KRR_Target_Only,13.879583187344297,300
NN_Target_Only,7.809133066627721,300
XGBoost_Pool,0.0977998076749858,300
KRR_Pool,1.5664424892711808,300
NN_Pool,5.849768824627823,300
XGBoost_TLCQM,0.1016233494304468,300
KRR_TLCQM,1.6781997638037374,300
NN_TLCQM,0.1288835372779228,300
XGBoost_Target_Only,0.0924396341847707,500
KRR_Target_Only,9.034711973530142,500
NN_Target_Only,0.2812909376673531,500
XGBoost_Pool,0.0945119030041176,500
KRR_Pool,1.4486756566402916,500
NN_Pool,4.3809191360681,500
XGBoost_TLCQM,0.1044412644171689,500
KRR_TLCQM,1.5527236505085238,500
NN_TLCQM,0.1090548778939735,500
TKRR,1.9528264703529656,100
CDAR,5.027887393156176,100
DARC,37.9363007159132,100
VNCD_MDD,0.1720992995577244,100
M3SDA_Reg,0.1126249200684281,100
CMSS_Reg,0.1169754507207255,100
TKRR,2.031957425926969,200
CDAR,5.701516913752197,200
DARC,26.08034885407045,200
VNCD_MDD,0.1827481976168429,200
M3SDA_Reg,0.1144176079692916,200
CMSS_Reg,0.1112367715816924,200
TKRR,1.836797067102634,300
CDAR,5.580251972764123,300
DARC,26.934569138336244,300
VNCD_MDD,0.1890610721246717,300
M3SDA_Reg,0.1145382793717476,300
CMSS_Reg,0.1164046380001589,300
TKRR,1.7360150258405609,500
CDAR,5.5560369505084815,500
DARC,26.485337596304376,500
VNCD_MDD,0.1544251118656094,500
M3SDA_Reg,0.1152703130066141,500
CMSS_Reg,0.1080544075115607,500
XGBoost_Target_Only,0.1185075504376228,100
KRR_Target_Only,29.84374925414775,100
NN_Target_Only,22.86176661484172,100
XGBoost_Pool,0.1005544004988907,100
KRR_Pool,1.6009119383691464,100
NN_Pool,3.3429274973951264,100
XGBoost_TLCQM,0.1088477041421504,100
KRR_TLCQM,1.73944034263714,100
NN_TLCQM,0.1129886501603948,100
XGBoost_Target_Only,0.1093225001050944,200
KRR_Target_Only,20.59883524109916,200
NN_Target_Only,22.940060354601883,200
XGBoost_Pool,0.1010511502399459,200
KRR_Pool,1.60072162177816,200
NN_Pool,3.225963766561701,200
XGBoost_TLCQM,0.1023997756482849,200
KRR_TLCQM,1.7098548900861017,200
NN_TLCQM,0.1445487017514168,200
XGBoost_Target_Only,0.1068951441188425,300
KRR_Target_Only,15.449575178770544,300
NN_Target_Only,6.662830270010494,300
XGBoost_Pool,0.0981634239802721,300
KRR_Pool,1.5708873119033362,300
NN_Pool,3.0226900862540664,300
XGBoost_TLCQM,0.1003734257154696,300
KRR_TLCQM,1.6581130759014382,300
NN_TLCQM,0.1183939321722943,300
XGBoost_Target_Only,0.0969690079700016,500
KRR_Target_Only,8.700474881672333,500
NN_Target_Only,6.733056994330415,500
XGBoost_Pool,0.0975373025111819,500
KRR_Pool,1.5116732279922471,500
NN_Pool,4.584907591796666,500
XGBoost_TLCQM,0.1026214254949523,500
KRR_TLCQM,1.5917208683197055,500
NN_TLCQM,0.1895515220530636,500
TKRR,1.8828949210947663,100
CDAR,46.34066613758413,100
DARC,30.948101512536937,100
VNCD_MDD,0.1664314451694028,100
M3SDA_Reg,0.1177157813754394,100
CMSS_Reg,0.1146260603787357,100
TKRR,1.8390898778105955,200
CDAR,5.621848178790473,200
DARC,30.891526538810623,200
VNCD_MDD,0.158521693807099,200
M3SDA_Reg,0.1189733309516311,200
CMSS_Reg,0.1136293319619798,200
TKRR,1.8170576377263024,300
CDAR,5.625389254652887,300
DARC,30.94955630837388,300
VNCD_MDD,0.1512174446609704,300
M3SDA_Reg,0.1181986587530027,300
CMSS_Reg,0.1024635818743404,300
TKRR,1.743350732882048,500
CDAR,5.633359377109377,500
DARC,30.970329430442185,500
VNCD_MDD,0.1546565106167911,500
M3SDA_Reg,0.1208830094142247,500
CMSS_Reg,0.1000776261945046,500
XGBoost_Target_Only,0.1028825537669127,100
KRR_Target_Only,30.686759842271687,100
NN_Target_Only,25.176866229791365,100
XGBoost_Pool,0.0995994166217412,100
KRR_Pool,1.6026610482314751,100
NN_Pool,5.015326523489478,100
XGBoost_TLCQM,0.1011755792098052,100
KRR_TLCQM,1.724073377227172,100
NN_TLCQM,0.1334667869410107,100
XGBoost_Target_Only,0.1095195050680674,200
KRR_Target_Only,19.078552596724226,200
NN_Target_Only,21.337923331837192,200
XGBoost_Pool,0.0988506584837664,200
KRR_Pool,1.603065246286256,200
NN_Pool,3.2680740708941607,200
XGBoost_TLCQM,0.1011282608522404,200
KRR_TLCQM,1.707633361962747,200
NN_TLCQM,0.1159340129175857,200
XGBoost_Target_Only,0.0940213281741853,300
KRR_Target_Only,14.405499992782955,300
NN_Target_Only,6.135596551031005,300
XGBoost_Pool,0.0974878441670612,300
KRR_Pool,1.5961717463664271,300
NN_Pool,3.498261785820561,300
XGBoost_TLCQM,0.1044886791167377,300
KRR_TLCQM,1.7002616200318037,300
NN_TLCQM,0.1084921031399083,300
XGBoost_Target_Only,0.0970825017769337,500
KRR_Target_Only,9.39905068604214,500
NN_Target_Only,0.1206555289638533,500
XGBoost_Pool,0.0941403914429377,500
KRR_Pool,1.5062328004340595,500
NN_Pool,3.732106168098511,500
XGBoost_TLCQM,0.105815820152094,500
KRR_TLCQM,1.5845885225905996,500
NN_TLCQM,0.1135491758221145,500
TKRR,1.9213178672498972,100
CDAR,5.496389219496374,100
DARC,46.13061281390548,100
VNCD_MDD,0.178843014056382,100
M3SDA_Reg,0.1209772078320648,100
CMSS_Reg,0.1121806858195956,100
TKRR,1.8951380916405596,200
CDAR,6.187459906361484,200
DARC,26.906980130396747,200
VNCD_MDD,0.1538863802860066,200
M3SDA_Reg,0.118631527296019,200
CMSS_Reg,0.1122025999220707,200
TKRR,1.8559351217623477,300
CDAR,6.162585095617136,300
DARC,27.02613817831417,300
VNCD_MDD,0.1343135331350789,300
M3SDA_Reg,0.1181875212278435,300
CMSS_Reg,0.1126074241126964,300
TKRR,1.8152928656275904,500
CDAR,6.184020013716515,500
DARC,26.95689989018853,500
VNCD_MDD,0.1286204121904346,500
M3SDA_Reg,0.1182039440535878,500
CMSS_Reg,0.1079741033872218,500
XGBoost_Target_Only,0.1076783016836732,100
KRR_Target_Only,28.435764970752786,100
NN_Target_Only,19.86205665208265,100
XGBoost_Pool,0.0998298761268014,100
KRR_Pool,1.6517665507403791,100
NN_Pool,5.786476693785396,100
XGBoost_TLCQM,0.1061921877533019,100
KRR_TLCQM,1.752191893982061,100
NN_TLCQM,0.1090540809920892,100
XGBoost_Target_Only,0.1083990788978522,200
KRR_Target_Only,19.97593597741531,200
NN_Target_Only,20.52736271197756,200
XGBoost_Pool,0.1001382362320362,200
KRR_Pool,1.6293402903812289,200
NN_Pool,3.6011925982756217,200
XGBoost_TLCQM,0.1078759765630177,200
KRR_TLCQM,1.7336477899956086,200
NN_TLCQM,0.1129392007023673,200
XGBoost_Target_Only,0.1046044830350741,300
KRR_Target_Only,14.40091810550106,300
NN_Target_Only,6.735943269653918,300
XGBoost_Pool,0.0979929795474316,300
KRR_Pool,1.6212984965792732,300
NN_Pool,5.991539759668787,300
XGBoost_TLCQM,0.1052365578211602,300
KRR_TLCQM,1.7310984208537603,300
NN_TLCQM,0.1543882173464659,300
XGBoost_Target_Only,0.0953857189266463,500
KRR_Target_Only,10.057771753303395,500
NN_Target_Only,0.6076044169924072,500
XGBoost_Pool,0.0967345490332241,500
KRR_Pool,1.538539706615507,500
NN_Pool,2.9619021980963582,500
XGBoost_TLCQM,0.1047181493379668,500
KRR_TLCQM,1.643324534719866,500
NN_TLCQM,0.1622526787545505,500
TKRR,2.3342754110175443,100
CDAR,6.063913600858657,100
DARC,26.56858062639307,100
VNCD_MDD,0.1446134863568199,100
M3SDA_Reg,0.1180091919151056,100
CMSS_Reg,0.1225836028347697,100
TKRR,1.914062031875832,200
CDAR,6.602958528243124,200
DARC,31.62075718062194,200
VNCD_MDD,0.1284873987121819,200
M3SDA_Reg,0.11889518705328,200
CMSS_Reg,0.1162284480783546,200
TKRR,1.900584358017095,300
CDAR,6.5101503409598775,300
DARC,32.08082228301494,300
VNCD_MDD,0.1279280214918304,300
M3SDA_Reg,0.1218806721374481,300
CMSS_Reg,0.114706975927094,300
TKRR,1.8658711756775843,500
CDAR,6.561987408576928,500
DARC,31.697081075570942,500
VNCD_MDD,0.1224546421905238,500
M3SDA_Reg,0.1214887438952118,500
CMSS_Reg,0.1057288458454866,500
XGBoost_Target_Only,0.1079953556237147,100
KRR_Target_Only,31.986735476996977,100
NN_Target_Only,20.20841472570721,100
XGBoost_Pool,0.1012487311853402,100
KRR_Pool,1.5979510823819256,100
NN_Pool,3.4786448840133803,100
XGBoost_TLCQM,0.1043133900743682,100
KRR_TLCQM,1.7107816794851922,100
NN_TLCQM,0.1163553169738251,100
XGBoost_Target_Only,0.1155516756866975,200
KRR_Target_Only,20.29608198295413,200
NN_Target_Only,20.319105327689915,200
XGBoost_Pool,0.099035224810304,200
KRR_Pool,1.5531493585617366,200
NN_Pool,3.636168421202316,200
XGBoost_TLCQM,0.1035709837947033,200
KRR_TLCQM,1.6697110552846963,200
NN_TLCQM,0.1151127038188723,200
XGBoost_Target_Only,0.1046018869547636,300
KRR_Target_Only,13.81371067521444,300
NN_Target_Only,6.493121420505477,300
XGBoost_Pool,0.0982837676524075,300
KRR_Pool,1.504104081045352,300
NN_Pool,3.199075342002934,300
XGBoost_TLCQM,0.1086513772389578,300
KRR_TLCQM,1.6052022950259015,300
NN_TLCQM,0.1140950664146589,300
XGBoost_Target_Only,0.1024341047734131,500
KRR_Target_Only,8.996614560376667,500
NN_Target_Only,0.5734098086896392,500
XGBoost_Pool,0.0956243279098441,500
KRR_Pool,1.4847037459471404,500
NN_Pool,3.3717378214444698,500
XGBoost_TLCQM,0.1018365220364594,500
KRR_TLCQM,1.5703902881407052,500
NN_TLCQM,0.1496474507308119,500
TKRR,1.9481186594449864,100
CDAR,5.877745780989674,100
DARC,29.18576514644266,100
VNCD_MDD,0.152766420831925,100
M3SDA_Reg,0.1092995028804458,100
CMSS_Reg,0.1140643268924476,100
TKRR,1.872879827471976,200
CDAR,5.366864148576754,200
DARC,34.04618761338941,200
VNCD_MDD,0.1559731171625838,200
M3SDA_Reg,0.1218395821891688,200
CMSS_Reg,0.1154820890412064,200
TKRR,1.9404357241381496,300
CDAR,5.416140873078772,300
DARC,33.330892837136346,300
VNCD_MDD,0.1357847254848216,300
M3SDA_Reg,0.1150050773551641,300
CMSS_Reg,0.1097611464548943,300
TKRR,1.796676209122779,500
CDAR,5.210027488647307,500
DARC,33.78187443440528,500
VNCD_MDD,0.1238020636450075,500
M3SDA_Reg,0.1170375537221593,500
CMSS_Reg,0.103089610964625,500
XGBoost_Target_Only,0.1218762857131719,100
KRR_Target_Only,29.224330017204945,100
NN_Target_Only,28.66396430985792,100
XGBoost_Pool,0.1005026562150397,100
KRR_Pool,1.6153409699187802,100
NN_Pool,3.333037319259519,100
XGBoost_TLCQM,0.1015042287493215,100
KRR_TLCQM,1.7422867078287316,100
NN_TLCQM,0.3692517857007914,100
XGBoost_Target_Only,0.1054663222606456,200
KRR_Target_Only,19.08187385627768,200
NN_Target_Only,24.62175790822957,200
XGBoost_Pool,0.1003567595952084,200
KRR_Pool,1.628969053150641,200
NN_Pool,2.9855551541722067,200
XGBoost_TLCQM,0.1007793290281654,200
KRR_TLCQM,1.760699409795215,200
NN_TLCQM,0.1008728276206525,200
XGBoost_Target_Only,0.1025014194256247,300
KRR_Target_Only,13.046391572739983,300
NN_Target_Only,1.5408912631739526,300
XGBoost_Pool,0.0978682840794212,300
KRR_Pool,1.622033039121734,300
NN_Pool,6.068409598970332,300
XGBoost_TLCQM,0.0989208129975238,300
KRR_TLCQM,1.753324467254768,300
NN_TLCQM,1.0868550953913136,300
XGBoost_Target_Only,0.0984515123891112,500
KRR_Target_Only,8.79277201549115,500
NN_Target_Only,0.2513602108119664,500
XGBoost_Pool,0.0956245436090131,500
KRR_Pool,1.6103340077037518,500
NN_Pool,3.773844324616209,500
XGBoost_TLCQM,0.102495646128348,500
KRR_TLCQM,1.7174088631345377,500
NN_TLCQM,0.1369924427201117,500
TKRR,2.060509742647356,100
CDAR,6.778398627689743,100
DARC,37.576196450400126,100
VNCD_MDD,0.1583495294995006,100
M3SDA_Reg,0.1188871060273738,100
CMSS_Reg,0.1135228648318549,100
TKRR,2.007906924532539,200
CDAR,5.461712590441354,200
DARC,22.64389739422727,200
VNCD_MDD,0.1500081545505453,200
M3SDA_Reg,0.1206447556417311,200
CMSS_Reg,0.115440547841881,200
TKRR,1.9173089032298167,300
CDAR,5.426725031247989,300
DARC,22.401996768435158,300
VNCD_MDD,0.1338578856161061,300
M3SDA_Reg,0.1140291839570519,300
CMSS_Reg,0.1073797139263927,300
TKRR,1.8844884611336103,500
CDAR,5.400318858503706,500
DARC,23.207116407232164,500
VNCD_MDD,0.1293940802431835,500
M3SDA_Reg,0.109908038297055,500
CMSS_Reg,0.1026737569525737,500
XGBoost_Target_Only,0.1186009884241178,100
KRR_Target_Only,28.467931279248106,100
NN_Target_Only,15.97047313453468,100
XGBoost_Pool,0.1014924553116517,100
KRR_Pool,1.6576267382956278,100
NN_Pool,5.403937312753955,100
XGBoost_TLCQM,0.1032224911873104,100
KRR_TLCQM,1.7939202871870044,100
NN_TLCQM,0.1034978229456538,100
XGBoost_Target_Only,0.1045403871702434,200
KRR_Target_Only,18.96675023422977,200
NN_Target_Only,18.65646045450172,200
XGBoost_Pool,0.1006605472949091,200
KRR_Pool,1.6102542806632445,200
NN_Pool,3.42222650715759,200
XGBoost_TLCQM,0.0984327548118278,200
KRR_TLCQM,1.7275249889888438,200
NN_TLCQM,0.1271482673863303,200
XGBoost_Target_Only,0.107566728263849,300
KRR_Target_Only,13.519526968887892,300
NN_Target_Only,0.286689045652319,300
XGBoost_Pool,0.0956941831533181,300
KRR_Pool,1.4908627263927807,300
NN_Pool,4.061514477913731,300
XGBoost_TLCQM,0.1000963689064229,300
KRR_TLCQM,1.599103224707042,300
NN_TLCQM,0.1030459293054025,300
XGBoost_Target_Only,0.0920383000558176,500
KRR_Target_Only,8.744056215373881,500
NN_Target_Only,0.2064319910831262,500
XGBoost_Pool,0.0938175862333326,500
KRR_Pool,1.4602274036211316,500
NN_Pool,3.1196058474462283,500
XGBoost_TLCQM,0.1017690676649977,500
KRR_TLCQM,1.5566339412771186,500
NN_TLCQM,0.1320079625180381,500
TKRR,2.0057494734840144,100
CDAR,6.11908732833208,100
DARC,34.273619802703195,100
VNCD_MDD,0.1490500071266268,100
M3SDA_Reg,0.1072682073015973,100
CMSS_Reg,0.1140296201859121,100
TKRR,1.883671384142141,200
CDAR,5.908196537160237,200
DARC,26.018269153465216,200
VNCD_MDD,0.1336770428563966,200
M3SDA_Reg,0.1130837520110897,200
CMSS_Reg,0.1158012641631788,200
TKRR,1.8372369738558412,300
CDAR,5.512817364605414,300
DARC,26.52686562794857,300
VNCD_MDD,0.1271413237495366,300
M3SDA_Reg,0.1139151109966416,300
CMSS_Reg,0.1081267802846077,300
TKRR,1.8003146248907456,500
CDAR,5.5593870514886685,500
DARC,26.07700625033192,500
VNCD_MDD,0.1258392388164964,500
M3SDA_Reg,0.1134421577600777,500
CMSS_Reg,0.102213992838952,500
XGBoost_Target_Only,0.1034783408792418,100
KRR_Target_Only,28.924909310889145,100
NN_Target_Only,24.373853140692997,100
XGBoost_Pool,0.0990925965541794,100
KRR_Pool,1.59000514930268,100
NN_Pool,3.4119248138908302,100
XGBoost_TLCQM,0.1239494233707455,100
KRR_TLCQM,1.6988012051715389,100
NN_TLCQM,0.1728796608704903,100
XGBoost_Target_Only,0.1006516133404052,200
KRR_Target_Only,21.028276127634623,200
NN_Target_Only,24.48655691971814,200
XGBoost_Pool,0.0969614493961276,200
KRR_Pool,1.501504514527154,200
NN_Pool,3.4141672531105933,200
XGBoost_TLCQM,0.115037674692802,200
KRR_TLCQM,1.607574567322853,200
NN_TLCQM,0.1343778758104576,200
XGBoost_Target_Only,0.0995952693164038,300
KRR_Target_Only,14.92330153875442,300
NN_Target_Only,0.276796560418493,300
XGBoost_Pool,0.0964551012122959,300
KRR_Pool,1.4479151038872249,300
NN_Pool,2.9153851975880354,300
XGBoost_TLCQM,0.1099160169311715,300
KRR_TLCQM,1.5535637301455865,300
NN_TLCQM,0.117494370823841,300
XGBoost_Target_Only,0.0979386941950571,500
KRR_Target_Only,9.192394737586577,500
NN_Target_Only,0.3491333603940204,500
XGBoost_Pool,0.0932953102077431,500
KRR_Pool,1.3482878430806975,500
NN_Pool,3.052359818656305,500
XGBoost_TLCQM,0.1064044187549339,500
KRR_TLCQM,1.437935682629676,500
NN_TLCQM,0.1194131402480253,500
TKRR,1.846191736077765,100
CDAR,49.15687625209701,100
DARC,24.2988604155206,100
VNCD_MDD,0.1838135944532273,100
M3SDA_Reg,0.1206235717453414,100
CMSS_Reg,0.1154077207409143,100
TKRR,1.815603516246538,200
CDAR,5.850636179848078,200
DARC,29.717758041134232,200
VNCD_MDD,0.1510845118666279,200
M3SDA_Reg,0.1177834344790267,200
CMSS_Reg,0.1133537805235455,200
TKRR,1.7544503024199205,300
CDAR,5.850879107495553,300
DARC,29.788351953233303,300
VNCD_MDD,0.1378640224070632,300
M3SDA_Reg,0.1217767002253356,300
CMSS_Reg,0.1105868029572677,300
TKRR,1.6785761149648162,500
CDAR,5.7843459375264095,500
DARC,29.454428633105067,500
VNCD_MDD,0.1293939199060642,500
M3SDA_Reg,0.1208596409619115,500
CMSS_Reg,0.1056102426036355,500
XGBoost_Target_Only,0.1131814931958167,100
KRR_Target_Only,30.286795786823003,100
NN_Target_Only,18.762339935262,100
XGBoost_Pool,0.1010608704862112,100
KRR_Pool,1.5393436565488638,100
NN_Pool,5.549410325133369,100
XGBoost_TLCQM,0.1469264244949989,100
KRR_TLCQM,1.731617770966155,100
NN_TLCQM,0.4964155904190562,100
XGBoost_Target_Only,0.1051571236148115,200
KRR_Target_Only,21.53066334894228,200
NN_Target_Only,20.52918968941537,200
XGBoost_Pool,0.0987059490615446,200
KRR_Pool,1.547123427305278,200
NN_Pool,3.267817583927114,200
XGBoost_TLCQM,0.1069882547284277,200
KRR_TLCQM,1.6279841312081609,200
NN_TLCQM,0.1078615671241863,200
XGBoost_Target_Only,0.0984321707299592,300
KRR_Target_Only,15.10293572026912,300
NN_Target_Only,7.489749988605971,300
XGBoost_Pool,0.097609083352349,300
KRR_Pool,1.5161810891160368,300
NN_Pool,3.020474490966782,300
XGBoost_TLCQM,0.1053835468547947,300
KRR_TLCQM,1.6079833460349646,300
NN_TLCQM,0.1177455967061334,300
XGBoost_Target_Only,0.0927341923016846,500
KRR_Target_Only,9.912305307936863,500
NN_Target_Only,0.7758074676537179,500
XGBoost_Pool,0.0948612811208054,500
KRR_Pool,1.498488495153666,500
NN_Pool,3.71634083676347,500
XGBoost_TLCQM,0.0962876431505433,500
KRR_TLCQM,1.5909498255578876,500
NN_TLCQM,0.1159774243577832,500
TKRR,1.893729512533576,100
CDAR,6.087486271417262,100
DARC,21.27962971806442,100
VNCD_MDD,0.1592439325468885,100
M3SDA_Reg,0.1148517270767629,100
CMSS_Reg,0.1106870746776747,100
TKRR,1.839131006689811,200
CDAR,6.087602627481386,200
DARC,27.30433446057065,200
VNCD_MDD,0.1424320779793559,200
M3SDA_Reg,0.1172083294243286,200
CMSS_Reg,0.1079222503844015,200
TKRR,1.8029606740402624,300
CDAR,6.086099237204625,300
DARC,27.471162752698245,300
VNCD_MDD,0.1287869471332078,300
M3SDA_Reg,0.1219306190227756,300
CMSS_Reg,0.107757387652064,300
TKRR,1.814484199922724,500
CDAR,5.980166928642779,500
DARC,27.626168699220635,500
VNCD_MDD,0.1205237807273798,500
M3SDA_Reg,0.1198850304133656,500
CMSS_Reg,0.1040848515756582,500
XGBoost_Target_Only,0.1088786406047947,100
KRR_Target_Only,28.473322561793832,100
NN_Target_Only,20.834834586258523,100
XGBoost_Pool,0.1019811307415334,100
KRR_Pool,1.6417968124943128,100
NN_Pool,5.27500348203588,100
XGBoost_TLCQM,0.1093588725855044,100
KRR_TLCQM,1.7442278332799646,100
NN_TLCQM,0.123656188283182,100
XGBoost_Target_Only,0.1013496211874876,200
KRR_Target_Only,17.998906786583273,200
NN_Target_Only,21.73229406548615,200
XGBoost_Pool,0.0954277908128263,200
KRR_Pool,1.5859209157991156,200
NN_Pool,3.2876936259317704,200
XGBoost_TLCQM,0.1055143296906043,200
KRR_TLCQM,1.6877193538254551,200
NN_TLCQM,0.1231074675276555,200
XGBoost_Target_Only,0.0982587392124955,300
KRR_Target_Only,13.453502098859731,300
NN_Target_Only,0.6561950345051926,300
XGBoost_Pool,0.0955656695624511,300
KRR_Pool,1.5597247093962514,300
NN_Pool,3.192301429608398,300
XGBoost_TLCQM,0.1070945052175669,300
KRR_TLCQM,1.661555234633453,300
NN_TLCQM,0.1150027232186055,300
XGBoost_Target_Only,0.0893805413958959,500
KRR_Target_Only,8.624757775868128,500
NN_Target_Only,0.4322286370062806,500
XGBoost_Pool,0.0929970682573173,500
KRR_Pool,1.4171108712863438,500
NN_Pool,2.8178205107912158,500
XGBoost_TLCQM,0.1024154173248055,500
KRR_TLCQM,1.5050683037796615,500
NN_TLCQM,0.1088586320834844,500
TKRR,1.956059127521528,100
CDAR,5.573878419062519,100
DARC,37.92609169297848,100
VNCD_MDD,0.1891111970490854,100
M3SDA_Reg,0.1126989616185953,100
CMSS_Reg,0.1154063420724041,100
TKRR,1.90527057030619,200
CDAR,5.7543162519906925,200
DARC,34.58435612370668,200
VNCD_MDD,0.1906543384956674,200
M3SDA_Reg,0.1105818392380791,200
CMSS_Reg,0.1158773185328829,200
TKRR,1.8630116094168268,300
CDAR,5.744679647294836,300
DARC,34.950523103688504,300
VNCD_MDD,0.1509331645704503,300
M3SDA_Reg,0.1138888747881942,300
CMSS_Reg,0.1135147448131557,300
TKRR,1.7428306623145984,500
CDAR,5.7431800589172,500
DARC,34.1786415794441,500
VNCD_MDD,0.1433607186356145,500
M3SDA_Reg,0.1178246848759313,500
CMSS_Reg,0.1044170227742235,500
XGBoost_Target_Only,0.1119689877430862,100
KRR_Target_Only,28.293997671542247,100
NN_Target_Only,22.901277516758498,100
XGBoost_Pool,0.1004120374156232,100
KRR_Pool,1.6354496079472742,100
NN_Pool,5.586720046341772,100
XGBoost_TLCQM,0.1042394406773101,100
KRR_TLCQM,1.7308743210458266,100
NN_TLCQM,0.1179758879012754,100
XGBoost_Target_Only,0.0994377950103411,200
KRR_Target_Only,18.64068893375639,200
NN_Target_Only,22.173279237594887,200
XGBoost_Pool,0.0996650806869808,200
KRR_Pool,1.6034715413955438,200
NN_Pool,3.5444291464480986,200
XGBoost_TLCQM,0.1031965016503027,200
KRR_TLCQM,1.703251553279276,200
NN_TLCQM,0.1051360488153927,200
XGBoost_Target_Only,0.0935137567241601,300
KRR_Target_Only,13.463051729715538,300
NN_Target_Only,0.1488419945876634,300
XGBoost_Pool,0.0987214918309127,300
KRR_Pool,1.5710062954881252,300
NN_Pool,3.351354640819304,300
XGBoost_TLCQM,0.1050723065593056,300
KRR_TLCQM,1.666519649145772,300
NN_TLCQM,0.1365348722546374,300
XGBoost_Target_Only,0.0935989573282382,500
KRR_Target_Only,8.737513458559645,500
NN_Target_Only,0.3073605096508332,500
XGBoost_Pool,0.0969646723410447,500
KRR_Pool,1.538561695214994,500
NN_Pool,3.211485449124506,500
XGBoost_TLCQM,0.1057663889687368,500
KRR_TLCQM,1.639913933161409,500
NN_TLCQM,0.1141343136630965,500
TKRR,1.908354639694268,100
CDAR,6.2804934134528825,100
DARC,32.95019086337659,100
VNCD_MDD,0.1519051342063589,100
M3SDA_Reg,0.117980027629804,100
CMSS_Reg,0.1078829173946095,100
TKRR,1.908595338500268,200
CDAR,5.477435273083876,200
DARC,23.322794361249656,200
VNCD_MDD,0.1475423699456318,200
M3SDA_Reg,0.1195305147515885,200
CMSS_Reg,0.109829169865524,200
TKRR,1.9309147628997028,300
CDAR,5.634372407800358,300
DARC,23.77971317077228,300
VNCD_MDD,0.1549659963422294,300
M3SDA_Reg,0.1173213873652161,300
CMSS_Reg,0.1074762757392802,300
TKRR,1.923243001346576,500
CDAR,5.561011556131624,500
DARC,23.87212862614844,500
VNCD_MDD,0.120666349779682,500
M3SDA_Reg,0.123381271096417,500
CMSS_Reg,0.1067317930779401,500
XGBoost_Target_Only,0.1162169013489748,100
KRR_Target_Only,29.862517420576715,100
NN_Target_Only,20.818281326684343,100
XGBoost_Pool,0.0981472719788373,100
KRR_Pool,1.5670024392547166,100
NN_Pool,5.6652876037750834,100
XGBoost_TLCQM,0.1194096592460092,100
KRR_TLCQM,1.7070447966630549,100
NN_TLCQM,0.1198587566068478,100
XGBoost_Target_Only,0.1003152393034745,200
KRR_Target_Only,19.59152238115024,200
NN_Target_Only,21.144180895872783,200
XGBoost_Pool,0.0976855630192423,200
KRR_Pool,1.5278369549608657,200
NN_Pool,3.400570619732556,200
XGBoost_TLCQM,0.1124424172277212,200
KRR_TLCQM,1.62382614015879,200
NN_TLCQM,0.121956634085996,200
XGBoost_Target_Only,0.0986291773267443,300
KRR_Target_Only,13.301790709344182,300
NN_Target_Only,6.333658917710716,300
XGBoost_Pool,0.0970715099414506,300
KRR_Pool,1.4869022390905116,300
NN_Pool,3.404632298365113,300
XGBoost_TLCQM,0.1108337424549062,300
KRR_TLCQM,1.5737842532376762,300
NN_TLCQM,0.1175295523564868,300
XGBoost_Target_Only,0.0932943466945637,500
KRR_Target_Only,9.276628244003437,500
NN_Target_Only,0.7105563442952231,500
XGBoost_Pool,0.0948303837092508,500
KRR_Pool,1.4265923731321914,500
NN_Pool,3.416872310959512,500
XGBoost_TLCQM,0.1039534029687324,500
KRR_TLCQM,1.5187246309017437,500
NN_TLCQM,0.1084649754709603,500
TKRR,1.8929307471118388,100
CDAR,5.626901605221856,100
DARC,36.87440427516984,100
VNCD_MDD,0.1606881486049798,100
M3SDA_Reg,0.1255736059913581,100
CMSS_Reg,0.1175708643036091,100
TKRR,1.85016465955507,200
CDAR,6.049727912741703,200
DARC,35.341088140561425,200
VNCD_MDD,0.141732661608586,200
M3SDA_Reg,0.1169671208492502,200
CMSS_Reg,0.1058896515370179,200
TKRR,1.7550931285588425,300
CDAR,6.018278476090081,300
DARC,36.0942211180456,300
VNCD_MDD,0.1568882947794238,300
M3SDA_Reg,0.117741428854453,300
CMSS_Reg,0.1085689705220143,300
TKRR,1.7578894830475809,500
CDAR,6.051393025041318,500
DARC,36.43337731367202,500
VNCD_MDD,0.1270832228389642,500
M3SDA_Reg,0.1184542944209804,500
CMSS_Reg,0.1012362471197557,500
XGBoost_Target_Only,0.1323922687448817,100
KRR_Target_Only,27.805460251868773,100
NN_Target_Only,21.227624322494723,100
XGBoost_Pool,0.10024769490673,100
KRR_Pool,1.6016125068864526,100
NN_Pool,5.802041335954232,100
XGBoost_TLCQM,0.1040371189776115,100
KRR_TLCQM,1.708663114523221,100
NN_TLCQM,0.1337002080012629,100
XGBoost_Target_Only,0.1175786666338738,200
KRR_Target_Only,19.11374047237419,200
NN_Target_Only,22.84647448755574,200
XGBoost_Pool,0.1011729621646415,200
KRR_Pool,1.596446628637258,200
NN_Pool,3.5484238278493296,200
XGBoost_TLCQM,0.1025557333140013,200
KRR_TLCQM,1.6972359773278864,200
NN_TLCQM,0.2376258940808875,200
XGBoost_Target_Only,0.1128014275006883,300
KRR_Target_Only,14.483516519917664,300
NN_Target_Only,0.6642312377280145,300
XGBoost_Pool,0.0961838440753057,300
KRR_Pool,1.5624457606813122,300
NN_Pool,2.503509557914782,300
XGBoost_TLCQM,0.1022367233194245,300
KRR_TLCQM,1.6533578665026094,300
NN_TLCQM,0.1168288586457883,300
XGBoost_Target_Only,0.0975497717341027,500
KRR_Target_Only,8.859173004152913,500
NN_Target_Only,1.0652824727694628,500
XGBoost_Pool,0.0958345201817147,500
KRR_Pool,1.473248831988405,500
NN_Pool,4.3622495998121975,500
XGBoost_TLCQM,0.100985933793452,500
KRR_TLCQM,1.5548666111069651,500
NN_TLCQM,0.1068469160705562,500
TKRR,1.9400167810782825,100
CDAR,5.982942880692844,100
DARC,38.70180402792058,100
VNCD_MDD,0.1516914283917699,100
M3SDA_Reg,0.1188844932570545,100
CMSS_Reg,0.1180440242184028,100
TKRR,1.896737115101321,200
CDAR,6.058219316895104,200
DARC,28.398223389647008,200
VNCD_MDD,0.1386396546792221,200
M3SDA_Reg,0.1286972518820478,200
CMSS_Reg,0.1227979405908293,200
TKRR,1.8917248538412736,300
CDAR,6.117675994636973,300
DARC,27.803393800152048,300
VNCD_MDD,0.1303633178504499,300
M3SDA_Reg,0.1261631525161919,300
CMSS_Reg,0.1197085868436887,300
TKRR,1.7371126142322584,500
CDAR,6.118812884632693,500
DARC,27.492802158672507,500
VNCD_MDD,0.1194939873147094,500
M3SDA_Reg,0.1226058359470151,500
CMSS_Reg,0.1057431488076766,500
XGBoost_Target_Only,0.1175284770426649,100
KRR_Target_Only,28.81297601210285,100
NN_Target_Only,18.576018994173328,100
XGBoost_Pool,0.0997439661852415,100
KRR_Pool,1.6524881577017505,100
NN_Pool,5.622083335501353,100
XGBoost_TLCQM,0.166756980015188,100
KRR_TLCQM,1.9118001742543285,100
NN_TLCQM,0.174500163029971,100
XGBoost_Target_Only,0.1050443775301161,200
KRR_Target_Only,19.55899287115528,200
NN_Target_Only,21.05430973502362,200
XGBoost_Pool,0.0976760956523364,200
KRR_Pool,1.6287182476275197,200
NN_Pool,4.68303519718576,200
XGBoost_TLCQM,0.106818913795417,200
KRR_TLCQM,1.7394652370054684,200
NN_TLCQM,0.11158960610759,200
XGBoost_Target_Only,0.1026799112040013,300
KRR_Target_Only,14.349873272295396,300
NN_Target_Only,6.4890799977306735,300
XGBoost_Pool,0.097671321832167,300
KRR_Pool,1.650332186320953,300
NN_Pool,6.087237182832256,300
XGBoost_TLCQM,0.1081951331530779,300
KRR_TLCQM,1.7703431932007527,300
NN_TLCQM,0.1083955850778183,300
XGBoost_Target_Only,0.0946268554889279,500
KRR_Target_Only,9.787631127020836,500
NN_Target_Only,0.1983035320518524,500
XGBoost_Pool,0.0960956393541919,500
KRR_Pool,1.5323410165603435,500
NN_Pool,2.8265895057407877,500
XGBoost_TLCQM,0.1061694411284241,500
KRR_TLCQM,1.6216174483075476,500
NN_TLCQM,0.1589731423268013,500
TKRR,2.164728902024686,100
CDAR,6.193646483419563,100
DARC,32.98954981878855,100
VNCD_MDD,0.1786716925034919,100
M3SDA_Reg,0.1138225776176515,100
CMSS_Reg,0.1241996887212955,100
TKRR,1.911869692199903,200
CDAR,4.350668626406979,200
DARC,25.84825381839334,200
VNCD_MDD,0.1678315888878455,200
M3SDA_Reg,0.111376229728959,200
CMSS_Reg,0.1120738988071514,200
TKRR,1.907542360942018,300
CDAR,4.714565649952092,300
DARC,26.309015874927542,300
VNCD_MDD,0.1663892454727544,300
M3SDA_Reg,0.1127845700732535,300
CMSS_Reg,0.1160413571868934,300
TKRR,1.805785700112051,500
CDAR,4.542668567647964,500
DARC,26.22612342850535,500
VNCD_MDD,0.157086970098948,500
M3SDA_Reg,0.1132370142610612,500
CMSS_Reg,0.1075686618739542,500
XGBoost_Target_Only,0.1080771633128579,100
KRR_Target_Only,30.282342703283486,100
NN_Target_Only,22.76516554916053,100
XGBoost_Pool,0.1003896915262307,100
KRR_Pool,1.6417199780277705,100
NN_Pool,5.379972602962449,100
XGBoost_TLCQM,0.1140689159403478,100
KRR_TLCQM,1.7745814566325933,100
NN_TLCQM,0.1157966973257285,100
XGBoost_Target_Only,0.0978113440979056,200
KRR_Target_Only,18.65293073521673,200
NN_Target_Only,22.119292391367395,200
XGBoost_Pool,0.0991131782309591,200
KRR_Pool,1.6074310307244095,200
NN_Pool,3.2891273727849684,200
XGBoost_TLCQM,0.1067251204122253,200
KRR_TLCQM,1.7135978241184726,200
NN_TLCQM,0.1110363909361947,200
XGBoost_Target_Only,0.0975449406793855,300
KRR_Target_Only,13.102194251246532,300
NN_Target_Only,6.777377885808988,300
XGBoost_Pool,0.0957440005793499,300
KRR_Pool,1.5938421479580631,300
NN_Pool,2.35243039152144,300
XGBoost_TLCQM,0.1079207161738026,300
KRR_TLCQM,1.6848050641357917,300
NN_TLCQM,0.3463566013429853,300
XGBoost_Target_Only,0.0957673493508297,500
KRR_Target_Only,9.436509521201632,500
NN_Target_Only,6.1943265478085525,500
XGBoost_Pool,0.0946373987678283,500
KRR_Pool,1.5146716371773334,500
NN_Pool,4.132758187267065,500
XGBoost_TLCQM,0.1050680695136652,500
KRR_TLCQM,1.5959543780995575,500
NN_TLCQM,0.1373164868180104,500
TKRR,2.018433997745547,100
CDAR,6.152337423075366,100
DARC,37.23459616239127,100
VNCD_MDD,0.2080637260587943,100
M3SDA_Reg,0.1165894525651185,100
CMSS_Reg,0.1082056827395264,100
TKRR,1.8769932532742035,200
CDAR,5.286186431834813,200
DARC,30.44966087131004,200
VNCD_MDD,0.1700464915589868,200
M3SDA_Reg,0.110778942316417,200
CMSS_Reg,0.1074151750492806,200
TKRR,1.88569274312236,300
CDAR,5.3564055635854775,300
DARC,30.11800454804118,300
VNCD_MDD,0.1531042687874,300
M3SDA_Reg,0.1158446747116193,300
CMSS_Reg,0.107336915258832,300
TKRR,1.8064507420860756,500
CDAR,5.300185486305802,500
DARC,30.137962640641614,500
VNCD_MDD,0.1248675800720137,500
M3SDA_Reg,0.1208997725917847,500
CMSS_Reg,0.1026085955143814,500
XGBoost_Target_Only,0.1119495852349904,100
KRR_Target_Only,29.684108089737663,100
NN_Target_Only,33.13371197404488,100
XGBoost_Pool,0.1008310141271337,100
KRR_Pool,1.605909070096815,100
NN_Pool,5.491787065049103,100
XGBoost_TLCQM,0.1028901779766805,100
KRR_TLCQM,1.7170742066782612,100
NN_TLCQM,0.1173096278254995,100
XGBoost_Target_Only,0.1058511158335444,200
KRR_Target_Only,18.431721174621654,200
NN_Target_Only,27.003152206090927,200
XGBoost_Pool,0.1010795931086323,200
KRR_Pool,1.5713988363844746,200
NN_Pool,3.039401635437065,200
XGBoost_TLCQM,0.1089577940646692,200
KRR_TLCQM,1.6550712380974475,200
NN_TLCQM,0.1058861916582168,200
XGBoost_Target_Only,0.1018649945226286,300
KRR_Target_Only,14.308719347753334,300
NN_Target_Only,6.150098953811868,300
XGBoost_Pool,0.0976830121407953,300
KRR_Pool,1.5591309962933213,300
NN_Pool,3.610969627227415,300
XGBoost_TLCQM,0.1087530135433355,300
KRR_TLCQM,1.6552911337383982,300
NN_TLCQM,0.1328336225790212,300
XGBoost_Target_Only,0.0938487058887533,500
KRR_Target_Only,8.893413571401277,500
NN_Target_Only,0.279191192105099,500
XGBoost_Pool,0.0958679957549726,500
KRR_Pool,1.5348653648104096,500
NN_Pool,4.155572253698836,500
XGBoost_TLCQM,0.1050677628152107,500
KRR_TLCQM,1.6214106549784857,500
NN_TLCQM,0.1149543503617358,500
TKRR,2.026058511974824,100
CDAR,7.5645353303248895,100
DARC,37.178916995846826,100
VNCD_MDD,0.1820481717796469,100
M3SDA_Reg,0.1229740715765631,100
CMSS_Reg,0.1160614224331976,100
TKRR,1.8140458762846647,200
CDAR,5.385389027832843,200
DARC,30.36722651239598,200
VNCD_MDD,0.1463333815553994,200
M3SDA_Reg,0.1243016391214413,200
CMSS_Reg,0.1121955711343277,200
TKRR,1.8538104274831748,300
CDAR,5.214150641054859,300
DARC,30.863783670793858,300
VNCD_MDD,0.1395734458474037,300
M3SDA_Reg,0.1243199847123506,300
CMSS_Reg,0.1092863819133742,300
TKRR,1.793950121281782,500
CDAR,5.004403133059933,500
DARC,30.02916507259472,500
VNCD_MDD,0.1275281938786196,500
M3SDA_Reg,0.1239876360720661,500
CMSS_Reg,0.1031381199357982,500
XGBoost_Target_Only,0.1180748226722566,100
KRR_Target_Only,28.554869961359323,100
NN_Target_Only,21.606052382628924,100
XGBoost_Pool,0.0996534085684869,100
KRR_Pool,1.6114588008958706,100
NN_Pool,5.901897786636183,100
XGBoost_TLCQM,0.1155295995125321,100
KRR_TLCQM,1.702948663299381,100
NN_TLCQM,0.1252086968590317,100
XGBoost_Target_Only,0.1047936534367855,200
KRR_Target_Only,18.715058511408746,200
NN_Target_Only,21.586913347247883,200
XGBoost_Pool,0.0988655628350396,200
KRR_Pool,1.5569011318401966,200
NN_Pool,3.525516068126909,200
XGBoost_TLCQM,0.1100530273147334,200
KRR_TLCQM,1.640717552384953,200
NN_TLCQM,0.1291930564700431,200
XGBoost_Target_Only,0.1043083241502052,300
KRR_Target_Only,14.438906583725169,300
NN_Target_Only,0.3556148489784705,300
XGBoost_Pool,0.0984193678462472,300
KRR_Pool,1.4857711789947192,300
NN_Pool,2.9526545362873096,300
XGBoost_TLCQM,0.1065808744780369,300
KRR_TLCQM,1.5751042892590503,300
NN_TLCQM,0.1397831543452795,300
XGBoost_Target_Only,0.0985088276401747,500
KRR_Target_Only,9.074720703794096,500
NN_Target_Only,0.836045593025861,500
XGBoost_Pool,0.0968999364908411,500
KRR_Pool,1.4622195095870585,500
NN_Pool,3.700275333347006,500
XGBoost_TLCQM,0.1049349868946916,500
KRR_TLCQM,1.5368337527904317,500
NN_TLCQM,0.1869500736465802,500
TKRR,1.8820131576467312,100
CDAR,6.0851674101384,100
DARC,22.878035599153836,100
VNCD_MDD,0.1471164939022131,100
M3SDA_Reg,0.1186248095126624,100
CMSS_Reg,0.1144544371112192,100
TKRR,1.840244078888509,200
CDAR,5.58326374036,200
DARC,23.13518483040125,200
VNCD_MDD,0.1427123379266671,200
M3SDA_Reg,0.1138839255880804,200
CMSS_Reg,0.1086755044450574,200
TKRR,1.7542071573425344,300
CDAR,5.575357040242223,300
DARC,23.09014259348718,300
VNCD_MDD,0.131879193001831,300
M3SDA_Reg,0.1173201370489863,300
CMSS_Reg,0.1035870058574271,300
TKRR,1.7818623386180743,500
CDAR,5.612131254936108,500
DARC,23.034116700111515,500
VNCD_MDD,0.1232973627729989,500
M3SDA_Reg,0.1184903497416978,500
CMSS_Reg,0.1015577423940693,500
XGBoost_Target_Only,0.1123949339653252,100
KRR_Target_Only,29.128350688796484,100
NN_Target_Only,20.31826296241056,100
XGBoost_Pool,0.1013807604776382,100
KRR_Pool,1.5692922561293423,100
NN_Pool,5.449401814563089,100
XGBoost_TLCQM,0.1041648107617307,100
KRR_TLCQM,1.6991702551819092,100
NN_TLCQM,0.1137923966646229,100
XGBoost_Target_Only,0.1085621408933925,200
KRR_Target_Only,19.82910391504057,200
NN_Target_Only,22.91346286586208,200
XGBoost_Pool,0.0999720352672532,200
KRR_Pool,1.5052903599469714,200
NN_Pool,3.7447296213272905,200
XGBoost_TLCQM,0.1081430107894435,200
KRR_TLCQM,1.6130889268404192,200
NN_TLCQM,0.1602996968731495,200
XGBoost_Target_Only,0.1038515527755549,300
KRR_Target_Only,15.41349512054643,300
NN_Target_Only,6.778345662313412,300
XGBoost_Pool,0.0970023767148353,300
KRR_Pool,1.481977738828654,300
NN_Pool,4.714435501765416,300
XGBoost_TLCQM,0.1077738436973879,300
KRR_TLCQM,1.5715989171139093,300
NN_TLCQM,2.8536674918012315,300
XGBoost_Target_Only,0.0972153273826782,500
KRR_Target_Only,9.345480977604607,500
NN_Target_Only,0.2570353565527197,500
XGBoost_Pool,0.093191168536496,500
KRR_Pool,1.364513838685421,500
NN_Pool,3.148230903928262,500
XGBoost_TLCQM,0.1078682923839658,500
KRR_TLCQM,1.4413227615153532,500
NN_TLCQM,0.1296218428931681,500
TKRR,1.8842210459372797,100
CDAR,6.315992633486025,100
DARC,39.30786256570156,100
VNCD_MDD,0.1656930720710031,100
M3SDA_Reg,0.1187803916399289,100
CMSS_Reg,0.110090788625257,100
TKRR,1.8153933544724503,200
CDAR,6.346685078824479,200
DARC,29.592808851956512,200
VNCD_MDD,0.1415636919179845,200
M3SDA_Reg,0.1184732143202913,200
CMSS_Reg,0.1108668498423145,200
TKRR,1.7473131280310366,300
CDAR,6.328472071915384,300
DARC,27.60452005908104,300
VNCD_MDD,0.1317547783281048,300
M3SDA_Reg,0.1131885095565963,300
CMSS_Reg,0.1111588291031221,300
TKRR,1.6819923504948264,500
CDAR,6.3849447439996,500
DARC,31.42382568161979,500
VNCD_MDD,0.1282644842370905,500
M3SDA_Reg,0.1161486630101253,500
CMSS_Reg,0.1009827450085617,500
XGBoost_Target_Only,0.120312942305299,100
KRR_Target_Only,27.66171950751564,100
NN_Target_Only,24.48535616595792,100
XGBoost_Pool,0.0988283044264045,100
KRR_Pool,1.6399707450569605,100
NN_Pool,5.4620473867713,100
XGBoost_TLCQM,0.1106244799603192,100
KRR_TLCQM,1.7982899272989,100
NN_TLCQM,0.1064506617778349,100
XGBoost_Target_Only,0.1140724581599422,200
KRR_Target_Only,21.21759617279084,200
NN_Target_Only,22.733591719127663,200
XGBoost_Pool,0.1001396316630292,200
KRR_Pool,1.625414205479093,200
NN_Pool,3.5629783449488985,200
XGBoost_TLCQM,0.1029878943088376,200
KRR_TLCQM,1.764148738086637,200
NN_TLCQM,0.2398922320599233,200
XGBoost_Target_Only,0.0982925840466875,300
KRR_Target_Only,15.154446920388558,300
NN_Target_Only,0.2173428836807044,300
XGBoost_Pool,0.0968008094383618,300
KRR_Pool,1.5661174609150377,300
NN_Pool,6.197899885931992,300
XGBoost_TLCQM,0.1041893998852138,300
KRR_TLCQM,1.6669356590733506,300
NN_TLCQM,0.1103222545834669,300
XGBoost_Target_Only,0.0961774596920402,500
KRR_Target_Only,9.23135305902019,500
NN_Target_Only,0.2103487704559345,500
XGBoost_Pool,0.0959872160761481,500
KRR_Pool,1.4676604550862238,500
NN_Pool,3.945826689414373,500
XGBoost_TLCQM,0.103502493202992,500
KRR_TLCQM,1.5448307106317574,500
NN_TLCQM,0.1163276993125361,500
TKRR,1.9231522398599292,100
CDAR,5.651466436959777,100
DARC,24.47932468660717,100
VNCD_MDD,0.1613226945065564,100
M3SDA_Reg,0.1210426832803291,100
CMSS_Reg,0.1205076565330273,100
TKRR,2.091322570175337,200
CDAR,5.342510794255656,200
DARC,21.190751228155403,200
VNCD_MDD,0.1400322374770758,200
M3SDA_Reg,0.1226670212745903,200
CMSS_Reg,0.11758945403534,200
TKRR,1.834842087818707,300
CDAR,5.358707861128119,300
DARC,21.087253507324707,300
VNCD_MDD,0.1426360070709798,300
M3SDA_Reg,0.1164607260863336,300
CMSS_Reg,0.1146708840413324,300
TKRR,1.7414833690057436,500
CDAR,5.348339570217454,500
DARC,23.610564682903192,500
VNCD_MDD,0.1283195205608294,500
M3SDA_Reg,0.1125691068377142,500
CMSS_Reg,0.1102418569546077,500
XGBoost_Target_Only,0.1093087867632566,100
KRR_Target_Only,30.017229982638984,100
NN_Target_Only,21.90002885421216,100
XGBoost_Pool,0.1000350787460929,100
KRR_Pool,1.613796838582728,100
NN_Pool,5.759437219038468,100
XGBoost_TLCQM,0.1093342279709914,100
KRR_TLCQM,1.7221376669447646,100
NN_TLCQM,0.1126420887419548,100
XGBoost_Target_Only,0.1011895250707384,200
KRR_Target_Only,19.86194247752344,200
NN_Target_Only,24.722767924701103,200
XGBoost_Pool,0.1000494495238029,200
KRR_Pool,1.5465680874139596,200
NN_Pool,7.1528611186572695,200
XGBoost_TLCQM,0.1005659280895343,200
KRR_TLCQM,1.6491818413583386,200
NN_TLCQM,0.10334745200274,200
XGBoost_Target_Only,0.1046232089732777,300
KRR_Target_Only,13.809176205938073,300
NN_Target_Only,0.4001422940719178,300
XGBoost_Pool,0.1000449589735921,300
KRR_Pool,1.511554552976218,300
NN_Pool,4.505666864243236,300
XGBoost_TLCQM,0.100028170368678,300
KRR_TLCQM,1.6088815754131824,300
NN_TLCQM,0.1042169630254925,300
XGBoost_Target_Only,0.0957380824335574,500
KRR_Target_Only,9.542729954577036,500
NN_Target_Only,6.230349598692129,500
XGBoost_Pool,0.0966604622560677,500
KRR_Pool,1.3306658804572074,500
NN_Pool,3.4635835447582,500
XGBoost_TLCQM,0.1002199296410574,500
KRR_TLCQM,1.4224192733902237,500
NN_TLCQM,0.1102234052985982,500
TKRR,1.8888582007417607,100
CDAR,5.757737280952433,100
DARC,42.6486159036605,100
VNCD_MDD,0.1835020869774649,100
M3SDA_Reg,0.1245376647919486,100
CMSS_Reg,0.1138071266898415,100
TKRR,1.7970574753587365,200
CDAR,5.5611555923260445,200
DARC,21.014539096301423,200
VNCD_MDD,0.1422651981653683,200
M3SDA_Reg,0.1229680054611404,200
CMSS_Reg,0.1156637650732703,200
TKRR,1.7891765788783358,300
CDAR,5.460136313709932,300
DARC,20.790303169207945,300
VNCD_MDD,0.1326067239253225,300
M3SDA_Reg,0.1243982484442385,300
CMSS_Reg,0.1121147510579083,300
TKRR,1.814001428458192,500
CDAR,5.459677908069552,500
DARC,21.11730588085598,500
VNCD_MDD,0.1188865808440898,500
M3SDA_Reg,0.1227373117924579,500
CMSS_Reg,0.1091306494696934,500
XGBoost_Target_Only,0.1201290206265979,100
KRR_Target_Only,29.98465094536537,100
NN_Target_Only,16.594402224584467,100
XGBoost_Pool,0.1042114814185024,100
KRR_Pool,1.6695503343982054,100
NN_Pool,3.4475691678261,100
XGBoost_TLCQM,0.1075741802094192,100
KRR_TLCQM,1.8225977360636485,100
NN_TLCQM,0.1371304171937694,100
XGBoost_Target_Only,0.1022204390966081,200
KRR_Target_Only,20.56123839543008,200
NN_Target_Only,20.89024348372601,200
XGBoost_Pool,0.0996353622011235,200
KRR_Pool,1.6312838066076567,200
NN_Pool,3.2651575092171807,200
XGBoost_TLCQM,0.1013504812938067,200
KRR_TLCQM,1.77345534414409,200
NN_TLCQM,0.1090377255691399,200
XGBoost_Target_Only,0.0999757968770456,300
KRR_Target_Only,16.190123675480404,300
NN_Target_Only,6.693504325502364,300
XGBoost_Pool,0.0944279315772406,300
KRR_Pool,1.6150851809831988,300
NN_Pool,3.240003003336817,300
XGBoost_TLCQM,0.0964716446806712,300
KRR_TLCQM,1.7645854840885504,300
NN_TLCQM,0.1129890296429444,300
XGBoost_Target_Only,0.0950768671010583,500
KRR_Target_Only,10.13669673079755,500
NN_Target_Only,0.1705208228444202,500
XGBoost_Pool,0.0953707117610241,500
KRR_Pool,1.49501593538072,500
NN_Pool,3.2647847367977474,500
XGBoost_TLCQM,0.0988792888156803,500
KRR_TLCQM,1.6296690143804466,500
NN_TLCQM,0.1414649382435187,500
TKRR,1.924358354922635,100
CDAR,6.954885626516913,100
DARC,27.69147314951313,100
VNCD_MDD,0.1542672111549526,100
M3SDA_Reg,0.1224849722806418,100
CMSS_Reg,0.1234865121280112,100
TKRR,1.9133158497589524,200
CDAR,53.84494386725866,200
DARC,37.082828156289885,200
VNCD_MDD,0.1451499594404431,200
M3SDA_Reg,0.1171883691950431,200
CMSS_Reg,0.1082208657095264,200
TKRR,1.9022322490676924,300
CDAR,53.84089938598524,300
DARC,37.22604012742758,300
VNCD_MDD,0.1289232383386885,300
M3SDA_Reg,0.1171803510130317,300
CMSS_Reg,0.1084710614348553,300
TKRR,1.8434760893187767,500
CDAR,53.82552240922664,500
DARC,37.235749642079206,500
VNCD_MDD,0.1486960334440982,500
M3SDA_Reg,0.1185894006555596,500
CMSS_Reg,0.102545331323374,500
XGBoost_Target_Only,0.1283473828449148,100
KRR_Target_Only,29.675009913263096,100
NN_Target_Only,17.54212597854152,100
XGBoost_Pool,0.0993488885540361,100
KRR_Pool,1.5991613221597256,100
NN_Pool,5.535460111026163,100
XGBoost_TLCQM,0.109469385777606,100
KRR_TLCQM,1.7749294719464028,100
NN_TLCQM,0.1072864636433484,100
XGBoost_Target_Only,0.1057494097639256,200
KRR_Target_Only,19.88385320986413,200
NN_Target_Only,17.40794138993469,200
XGBoost_Pool,0.0987651419721949,200
KRR_Pool,1.6134790733483764,200
NN_Pool,7.169815340033192,200
XGBoost_TLCQM,0.1025802825607087,200
KRR_TLCQM,1.7553740607258592,200
NN_TLCQM,0.3358947189590826,200
XGBoost_Target_Only,0.1011792523160921,300
KRR_Target_Only,13.433872854102514,300
NN_Target_Only,7.928921737782073,300
XGBoost_Pool,0.0962144230929143,300
KRR_Pool,1.571042276996773,300
NN_Pool,3.393853997694429,300
XGBoost_TLCQM,0.1031908161487567,300
KRR_TLCQM,1.709045125463608,300
NN_TLCQM,0.1180831783031844,300
XGBoost_Target_Only,0.0951507126342333,500
KRR_Target_Only,9.05157406085094,500
NN_Target_Only,0.7056289368710246,500
XGBoost_Pool,0.0961783216263938,500
KRR_Pool,1.5385425787806668,500
NN_Pool,3.4464916362673192,500
XGBoost_TLCQM,0.1074421264756788,500
KRR_TLCQM,1.6605240424693752,500
NN_TLCQM,0.1094070222599363,500
TKRR,1.8839386335031667,100
CDAR,5.382398351900647,100
DARC,30.954186413523352,100
VNCD_MDD,0.1381769866672383,100
M3SDA_Reg,0.1128796533171493,100
CMSS_Reg,0.1235446666651072,100
TKRR,1.9199264030346304,200
CDAR,6.488635927689041,200
DARC,35.319443481511215,200
VNCD_MDD,0.1315006483606902,200
M3SDA_Reg,0.1082684853098205,200
CMSS_Reg,0.1153849508265412,200
TKRR,1.886359766034189,300
CDAR,6.314011803020024,300
DARC,35.74905460236182,300
VNCD_MDD,0.1270827548316574,300
M3SDA_Reg,0.1104502673428252,300
CMSS_Reg,0.108622384471889,300
TKRR,1.8335687969537755,500
CDAR,6.263902158892051,500
DARC,35.83607956138972,500
VNCD_MDD,0.1176350718177754,500
M3SDA_Reg,0.1113251068321114,500
CMSS_Reg,0.1036910013823039,500
XGBoost_Target_Only,0.1131144087157379,100
KRR_Target_Only,29.640241261128462,100
NN_Target_Only,21.40443827756073,100
XGBoost_Pool,0.1030715047146432,100
KRR_Pool,1.5868203913029282,100
NN_Pool,5.811515134521422,100
XGBoost_TLCQM,0.1173957980807141,100
KRR_TLCQM,1.720726246921774,100
NN_TLCQM,0.1283686420902617,100
XGBoost_Target_Only,0.1092824219769328,200
KRR_Target_Only,18.67200614306273,200
NN_Target_Only,20.52749505629256,200
XGBoost_Pool,0.0988654615747061,200
KRR_Pool,1.5977993449909194,200
NN_Pool,3.2765002186496903,200
XGBoost_TLCQM,0.1085440636401925,200
KRR_TLCQM,1.7056701132484269,200
NN_TLCQM,0.1650837454755448,200
XGBoost_Target_Only,0.1012413657781944,300
KRR_Target_Only,14.224983915168536,300
NN_Target_Only,0.2912442870712753,300
XGBoost_Pool,0.0999474320897493,300
KRR_Pool,1.5637725574379622,300
NN_Pool,5.54212976885821,300
XGBoost_TLCQM,0.108882682683848,300
KRR_TLCQM,1.646214416416217,300
NN_TLCQM,0.1895289164027362,300
XGBoost_Target_Only,0.0944318609554142,500
KRR_Target_Only,8.60679968868823,500
NN_Target_Only,0.4617261929495138,500
XGBoost_Pool,0.096866691045866,500
KRR_Pool,1.5738149996970514,500
NN_Pool,3.239133417368048,500
XGBoost_TLCQM,0.1059248525008484,500
KRR_TLCQM,1.6438017579021018,500
NN_TLCQM,0.1109431021169065,500
TKRR,1.827462248588297,100
CDAR,5.417888560539625,100
DARC,27.93947266986939,100
VNCD_MDD,0.157079741354109,100
M3SDA_Reg,0.1121874662302436,100
CMSS_Reg,0.1183687945392672,100
TKRR,1.8204464827564264,200
CDAR,6.554135112211487,200
DARC,32.74609531274952,200
VNCD_MDD,0.1524150958594181,200
M3SDA_Reg,0.1086441269664073,200
CMSS_Reg,0.1122595199160443,200
TKRR,1.8026756941638693,300
CDAR,6.564340980149735,300
DARC,33.08821801614548,300
VNCD_MDD,0.1472498740487599,300
M3SDA_Reg,0.1119839593356654,300
CMSS_Reg,0.1070741572073718,300
TKRR,1.8347272523377232,500
CDAR,6.732306317366881,500
DARC,33.090740017244954,500
VNCD_MDD,0.1232676668861105,500
M3SDA_Reg,0.1127736642719566,500
CMSS_Reg,0.1039853108028327,500
XGBoost_Target_Only,0.1184523776579418,100
KRR_Target_Only,29.38266915973427,100
NN_Target_Only,19.987984274869877,100
XGBoost_Pool,0.1051414097205059,100
KRR_Pool,1.6195396691787975,100
NN_Pool,5.967193158429559,100
XGBoost_TLCQM,0.1059002638325948,100
KRR_TLCQM,1.730136334184844,100
NN_TLCQM,0.1845965836381732,100
XGBoost_Target_Only,0.1089181479629371,200
KRR_Target_Only,20.67472228245214,200
NN_Target_Only,20.412207581588422,200
XGBoost_Pool,0.1000604154106336,200
KRR_Pool,1.5826571149200748,200
NN_Pool,3.578125877544018,200
XGBoost_TLCQM,0.1070402517992757,200
KRR_TLCQM,1.6854470027104136,200
NN_TLCQM,0.1227030785984939,200
XGBoost_Target_Only,0.1001004369921742,300
KRR_Target_Only,13.663760741968764,300
NN_Target_Only,6.736923187736676,300
XGBoost_Pool,0.0972941569574415,300
KRR_Pool,1.5726528172356196,300
NN_Pool,3.244767252302153,300
XGBoost_TLCQM,0.1078328794298118,300
KRR_TLCQM,1.6727852512227126,300
NN_TLCQM,0.1445976794670113,300
XGBoost_Target_Only,0.0939308496084935,500
KRR_Target_Only,9.46682208402713,500
NN_Target_Only,0.16742404229451,500
XGBoost_Pool,0.0960130955577621,500
KRR_Pool,1.5389792606071486,500
NN_Pool,3.146280976203965,500
XGBoost_TLCQM,0.1036635570498419,500
KRR_TLCQM,1.6418969216318415,500
NN_TLCQM,0.2385794552113411,500
TKRR,2.048053559355285,100
CDAR,6.487556624458198,100
DARC,32.89635178622881,100
VNCD_MDD,0.1760288783464492,100
M3SDA_Reg,0.109992210896177,100
CMSS_Reg,0.1244736109985577,100
TKRR,1.9147562884209155,200
CDAR,49.837998287953006,200
DARC,38.70659571609188,200
VNCD_MDD,0.1385305937550366,200
M3SDA_Reg,0.1091132724081874,200
CMSS_Reg,0.110469010139451,200
TKRR,1.833401227270113,300
CDAR,49.832262365856536,300
DARC,38.733620633886765,300
VNCD_MDD,0.1351250946230355,300
M3SDA_Reg,0.1104728762393188,300
CMSS_Reg,0.1077145583205222,300
TKRR,1.827044850242721,500
CDAR,49.83690860542772,500
DARC,38.99178991625399,500
VNCD_MDD,0.1354563807356056,500
M3SDA_Reg,0.113321342175578,500
CMSS_Reg,0.1046231203505521,500
XGBoost_Target_Only,0.1252133686782515,100
KRR_Target_Only,27.59977277932588,100
NN_Target_Only,21.296767486553694,100
XGBoost_Pool,0.1046166195602763,100
KRR_Pool,1.5968777915851424,100
NN_Pool,3.356890500926639,100
XGBoost_TLCQM,0.1037295234671118,100
KRR_TLCQM,1.711346689493098,100
NN_TLCQM,0.4471376702589036,100
XGBoost_Target_Only,0.1247408796713536,200
KRR_Target_Only,18.94117855753192,200
NN_Target_Only,18.409694001180775,200
XGBoost_Pool,0.1027725963809628,200
KRR_Pool,1.6126402288816866,200
NN_Pool,7.180241912148655,200
XGBoost_TLCQM,0.1021081025267679,200
KRR_TLCQM,1.705154410107311,200
NN_TLCQM,0.1187328408580874,200
XGBoost_Target_Only,0.1111095452773826,300
KRR_Target_Only,14.405155252368832,300
NN_Target_Only,0.5764951674511479,300
XGBoost_Pool,0.1005302734126497,300
KRR_Pool,1.6171291068214686,300
NN_Pool,6.359962436300544,300
XGBoost_TLCQM,0.1039228811121834,300
KRR_TLCQM,1.7017556436138852,300
NN_TLCQM,0.1207295024083322,300
XGBoost_Target_Only,0.0997009693382914,500
KRR_Target_Only,9.069456820210531,500
NN_Target_Only,0.1820498410681472,500
XGBoost_Pool,0.0991173920965334,500
KRR_Pool,1.5933701320242242,500
NN_Pool,3.363040060525233,500
XGBoost_TLCQM,0.1001993109038502,500
KRR_TLCQM,1.6839323584624066,500
NN_TLCQM,0.1056042047115499,500
TKRR,1.93180892436756,100
CDAR,5.8821081626285,100
DARC,33.89499010447616,100
VNCD_MDD,0.2134995631759514,100
M3SDA_Reg,0.1283906022963347,100
CMSS_Reg,0.1264601713028103,100
TKRR,2.0472849713526093,200
CDAR,5.703267676074135,200
DARC,30.45490312660773,200
VNCD_MDD,0.1839258388160157,200
M3SDA_Reg,0.1215999257082722,200
CMSS_Reg,0.1329741683320999,200
TKRR,2.0290003608770424,300
CDAR,5.7975689755804565,300
DARC,30.2749232120648,300
VNCD_MDD,0.1870937580318137,300
M3SDA_Reg,0.1216947323092339,300
CMSS_Reg,0.1205162162031962,300
TKRR,2.008124631021401,500
CDAR,5.712901581187315,500
DARC,30.717567626544383,500
VNCD_MDD,0.1394676000253305,500
M3SDA_Reg,0.118576187119526,500
CMSS_Reg,0.1179698545685132,500
XGBoost_Target_Only,0.1150376349182036,100
KRR_Target_Only,30.500422065128795,100
NN_Target_Only,22.12079646600177,100
XGBoost_Pool,0.0972854068274232,100
KRR_Pool,1.5908783709524332,100
NN_Pool,5.67164376323986,100
XGBoost_TLCQM,0.1166549373847005,100
KRR_TLCQM,1.734565222511106,100
NN_TLCQM,0.1450088951784568,100
XGBoost_Target_Only,0.101563837400445,200
KRR_Target_Only,18.889984181253244,200
NN_Target_Only,19.75786166051956,200
XGBoost_Pool,0.0972995809235171,200
KRR_Pool,1.6189945663110072,200
NN_Pool,3.4044171026868164,200
XGBoost_TLCQM,0.1023095706396665,200
KRR_TLCQM,1.7604767769466287,200
NN_TLCQM,0.461460102283262,200
XGBoost_Target_Only,0.1036945590927912,300
KRR_Target_Only,13.802566299978333,300
NN_Target_Only,0.6991979917135044,300
XGBoost_Pool,0.0979420285911984,300
KRR_Pool,1.595246473616647,300
NN_Pool,6.064324026252452,300
XGBoost_TLCQM,0.1032624188946566,300
KRR_TLCQM,1.6956170385866678,300
NN_TLCQM,0.1518817489338265,300
XGBoost_Target_Only,0.100881908983104,500
KRR_Target_Only,8.918869351865265,500
NN_Target_Only,0.715057836814877,500
XGBoost_Pool,0.0976912564391724,500
KRR_Pool,1.541955158688025,500
NN_Pool,4.4621483616618765,500
XGBoost_TLCQM,0.1038961106946597,500
KRR_TLCQM,1.6584298344428348,500
NN_TLCQM,0.1119845743575868,500
TKRR,1.9144416711562844,100
CDAR,50.64329691249894,100
DARC,25.47826746833362,100
VNCD_MDD,0.1641792408493807,100
M3SDA_Reg,0.1106845451805731,100
CMSS_Reg,0.1109580599432221,100
TKRR,1.8840727348106183,200
CDAR,6.077444295190375,200
DARC,26.262749187673087,200
VNCD_MDD,0.1588937292610499,200
M3SDA_Reg,0.110847679359878,200
CMSS_Reg,0.1111257648633594,200
TKRR,1.887684494241728,300
CDAR,6.108648213121142,300
DARC,26.695092506023183,300
VNCD_MDD,0.1709091537344666,300
M3SDA_Reg,0.1067685544951404,300
CMSS_Reg,0.1123128075219676,300
TKRR,1.8507337551558825,500
CDAR,6.108534281394745,500
DARC,26.79826906227627,500
VNCD_MDD,0.1445151440309445,500
M3SDA_Reg,0.1150443598785266,500
CMSS_Reg,0.102771587350549,500
XGBoost_Target_Only,0.1169738303408034,100
KRR_Target_Only,30.139834730042686,100
NN_Target_Only,18.079122607732614,100
XGBoost_Pool,0.1016099197247843,100
KRR_Pool,1.6206957956655992,100
NN_Pool,5.438846461593808,100
XGBoost_TLCQM,0.1579481819369796,100
KRR_TLCQM,1.8418196242470204,100
NN_TLCQM,0.1500021793506517,100
XGBoost_Target_Only,0.1168991613691975,200
KRR_Target_Only,18.10408441056635,200
NN_Target_Only,18.291705940071758,200
XGBoost_Pool,0.1013253739338568,200
KRR_Pool,1.6166154414024196,200
NN_Pool,3.1874851515521483,200
XGBoost_TLCQM,0.1155652803989822,200
KRR_TLCQM,1.7741066545076742,200
NN_TLCQM,0.1190563110752921,200
XGBoost_Target_Only,0.097239248106058,300
KRR_Target_Only,14.207122147743949,300
NN_Target_Only,1.851159782450748,300
XGBoost_Pool,0.0989456426886691,300
KRR_Pool,1.5830388115339542,300
NN_Pool,6.123594831485688,300
XGBoost_TLCQM,0.1029528381728785,300
KRR_TLCQM,1.6882607999069412,300
NN_TLCQM,0.1185837478877674,300
XGBoost_Target_Only,0.0948547760147072,500
KRR_Target_Only,8.845290448606237,500
NN_Target_Only,0.1246070303844117,500
XGBoost_Pool,0.0979983215750329,500
KRR_Pool,1.5515835742295236,500
NN_Pool,3.137748750990411,500
XGBoost_TLCQM,0.1011310012294703,500
KRR_TLCQM,1.6454252742214868,500
NN_TLCQM,0.1257394940370672,500
TKRR,1.9533671744697192,100
CDAR,6.507683655513527,100
DARC,37.03778577038101,100
VNCD_MDD,0.1541087076000553,100
M3SDA_Reg,0.1203201712264017,100
CMSS_Reg,0.1100651614795024,100
TKRR,1.936722889922344,200
CDAR,6.478952176191216,200
DARC,43.34483170041866,200
VNCD_MDD,0.1514543515451523,200
M3SDA_Reg,0.118691433919031,200
CMSS_Reg,0.1072080843234742,200
TKRR,1.8968992842583572,300
CDAR,6.226773112723534,300
DARC,43.11560899350006,300
VNCD_MDD,0.1348453059631142,300
M3SDA_Reg,0.1161476989307253,300
CMSS_Reg,0.1062906195271815,300
TKRR,1.8691413700717852,500
CDAR,6.2711962932472485,500
DARC,43.00541277269539,500
VNCD_MDD,0.133958392791636,500
M3SDA_Reg,0.1197265840216962,500
CMSS_Reg,0.1034472968923299,500
XGBoost_Target_Only,0.1178450069295359,100
KRR_Target_Only,30.44084917866271,100
NN_Target_Only,17.965977545575807,100
XGBoost_Pool,0.1030755563506134,100
KRR_Pool,1.637552158940226,100
NN_Pool,5.686922341184802,100
XGBoost_TLCQM,0.1105764103646225,100
KRR_TLCQM,1.732895261279182,100
NN_TLCQM,0.1125013460956823,100
XGBoost_Target_Only,0.1208703372415603,200
KRR_Target_Only,21.16411028622744,200
NN_Target_Only,21.334867624229613,200
XGBoost_Pool,0.1015092164206194,200
KRR_Pool,1.6468144837702856,200
NN_Pool,3.794043764651198,200
XGBoost_TLCQM,0.1026395307088035,200
KRR_TLCQM,1.754014267242272,200
NN_TLCQM,0.1256633767639966,200
XGBoost_Target_Only,0.1095115896487753,300
KRR_Target_Only,14.637884580554283,300
NN_Target_Only,7.116490967295567,300
XGBoost_Pool,0.099758624061448,300
KRR_Pool,1.664300913226041,300
NN_Pool,6.298863451899134,300
XGBoost_TLCQM,0.1011225206215578,300
KRR_TLCQM,1.769588308710704,300
NN_TLCQM,0.119082157845434,300
XGBoost_Target_Only,0.0955308877477058,500
KRR_Target_Only,9.05404955525098,500
NN_Target_Only,0.6113838217204908,500
XGBoost_Pool,0.0964464835578321,500
KRR_Pool,1.614259545570028,500
NN_Pool,3.633280567343717,500
XGBoost_TLCQM,0.0993017194352551,500
KRR_TLCQM,1.717250619446895,500
NN_TLCQM,0.1059971566320733,500
TKRR,1.896144986250753,100
CDAR,6.09255788957117,100
DARC,29.01772293240657,100
VNCD_MDD,0.1814758359318566,100
M3SDA_Reg,0.1163675119606345,100
CMSS_Reg,0.1307558003492925,100
TKRR,1.90543298699271,200
CDAR,5.441411415156109,200
DARC,34.37109257104641,200
VNCD_MDD,0.1442593300086432,200
M3SDA_Reg,0.1146602434035066,200
CMSS_Reg,0.1137903205172003,200
TKRR,1.9150470017854555,300
CDAR,5.487757396268226,300
DARC,35.25497149776284,300
VNCD_MDD,0.1418163552616495,300
M3SDA_Reg,0.1126539622160415,300
CMSS_Reg,0.1101309849329869,300
TKRR,1.8892173198224689,500
CDAR,5.483439988011412,500
DARC,35.392930370329786,500
VNCD_MDD,0.1398218724183064,500
M3SDA_Reg,0.1184736831822833,500
CMSS_Reg,0.1020124738380336,500
XGBoost_Target_Only,0.1169840112359406,100
KRR_Target_Only,30.200130168537896,100
NN_Target_Only,20.00579760599836,100
XGBoost_Pool,0.0994077511814617,100
KRR_Pool,1.6256282599252236,100
NN_Pool,6.386064902890331,100
XGBoost_TLCQM,0.1058913691017256,100
KRR_TLCQM,1.764295047980741,100
NN_TLCQM,0.1111808741470375,100
XGBoost_Target_Only,0.107217254212747,200
KRR_Target_Only,17.76977439624075,200
NN_Target_Only,22.627994360694945,200
XGBoost_Pool,0.0958648981090346,200
KRR_Pool,1.536681621328998,200
NN_Pool,3.1151546116923603,200
XGBoost_TLCQM,0.1079796754125891,200
KRR_TLCQM,1.6359433373637933,200
NN_TLCQM,0.1154892268946241,200
XGBoost_Target_Only,0.1098025783551221,300
KRR_Target_Only,13.404817548307763,300
NN_Target_Only,7.132028364463366,300
XGBoost_Pool,0.0964225200935895,300
KRR_Pool,1.525229853633246,300
NN_Pool,4.925902218880809,300
XGBoost_TLCQM,0.1070166271149815,300
KRR_TLCQM,1.6225959546535431,300
NN_TLCQM,0.1093899817278775,300
XGBoost_Target_Only,0.099849435844764,500
KRR_Target_Only,8.589722371390279,500
NN_Target_Only,0.6519553593335993,500
XGBoost_Pool,0.0912897913451375,500
KRR_Pool,1.4454126695267553,500
NN_Pool,3.3500779514610355,500
XGBoost_TLCQM,0.1013926019647136,500
KRR_TLCQM,1.5199546789048324,500
NN_TLCQM,0.1969356536734225,500
TKRR,1.937553425151454,100
CDAR,5.860416716678052,100
DARC,30.88082401735744,100
VNCD_MDD,0.1677760614843888,100
M3SDA_Reg,0.1098996200349805,100
CMSS_Reg,0.1151717315345414,100
TKRR,1.840862762314332,200
CDAR,5.931822945418796,200
DARC,28.186268634607288,200
VNCD_MDD,0.1735029329006922,200
M3SDA_Reg,0.1129537966599068,200
CMSS_Reg,0.1152698712977384,200
TKRR,1.8453726781649613,300
CDAR,5.984550493039805,300
DARC,28.435748172523947,300
VNCD_MDD,0.1644336857302387,300
M3SDA_Reg,0.1136494953588368,300
CMSS_Reg,0.1147849930147658,300
TKRR,1.7597494268898504,500
CDAR,6.038120368764012,500
DARC,27.686621233351563,500
VNCD_MDD,0.1233402711664189,500
M3SDA_Reg,0.1119587195856692,500
CMSS_Reg,0.1065002510306018,500
XGBoost_Target_Only,0.114127113527888,100
KRR_Target_Only,31.20998703540913,100
NN_Target_Only,26.74707741794964,100
XGBoost_Pool,0.0995789566780736,100
KRR_Pool,1.596362040298803,100
NN_Pool,5.465963529058009,100
XGBoost_TLCQM,0.1007010683736363,100
KRR_TLCQM,1.7206118989759602,100
NN_TLCQM,0.1509345972219327,100
XGBoost_Target_Only,0.1014105122872251,200
KRR_Target_Only,21.128559530985893,200
NN_Target_Only,25.59540178273612,200
XGBoost_Pool,0.0995586278867967,200
KRR_Pool,1.565910239469043,200
NN_Pool,3.586106706534577,200
XGBoost_TLCQM,0.1054831946919421,200
KRR_TLCQM,1.6962635247990154,200
NN_TLCQM,0.1251041076398619,200
XGBoost_Target_Only,0.0981464632848213,300
KRR_Target_Only,15.7661521372111,300
NN_Target_Only,0.305493510143268,300
XGBoost_Pool,0.0974540284753776,300
KRR_Pool,1.5560861870295637,300
NN_Pool,5.7576903132827,300
XGBoost_TLCQM,0.1012754295883125,300
KRR_TLCQM,1.6757099081929208,300
NN_TLCQM,0.1131536451609797,300
XGBoost_Target_Only,0.0951197845619138,500
KRR_Target_Only,9.289237513265988,500
NN_Target_Only,0.398300182296588,500
XGBoost_Pool,0.0974897495668075,500
KRR_Pool,1.4311167888001075,500
NN_Pool,3.587994571331399,500
XGBoost_TLCQM,0.1005950579666503,500
KRR_TLCQM,1.5245633229448805,500
NN_TLCQM,0.1048405785287358,500
TKRR,1.8712353445297711,100
CDAR,6.468585422252914,100
DARC,37.5550565017737,100
VNCD_MDD,0.1578520962084918,100
M3SDA_Reg,0.1182915397426059,100
CMSS_Reg,0.1147454792337528,100
TKRR,1.8561451755295335,200
CDAR,5.154438140362857,200
DARC,24.306461210032367,200
VNCD_MDD,0.1514693107149471,200
M3SDA_Reg,0.1240435966408728,200
CMSS_Reg,0.1092213294064404,200
TKRR,1.8388501871282577,300
CDAR,5.095663354650662,300
DARC,24.42751028416512,300
VNCD_MDD,0.1338082763047915,300
M3SDA_Reg,0.1229954349131731,300
CMSS_Reg,0.107977430403752,300
TKRR,1.8624940754938224,500
CDAR,4.964441779720556,500
DARC,24.309132359638312,500
VNCD_MDD,0.1197203650314157,500
M3SDA_Reg,0.1239944870677772,500
CMSS_Reg,0.1033796733252196,500
XGBoost_Target_Only,0.1142886272147217,100
KRR_Target_Only,28.96661417471938,100
NN_Target_Only,17.365845148677916,100
XGBoost_Pool,0.1011154875645302,100
KRR_Pool,1.6454180989580205,100
NN_Pool,3.414645308068672,100
XGBoost_TLCQM,0.1023730126174857,100
KRR_TLCQM,1.7531961931896252,100
NN_TLCQM,0.1054548447133835,100
XGBoost_Target_Only,0.117290821087788,200
KRR_Target_Only,19.44486973972213,200
NN_Target_Only,20.26089441614503,200
XGBoost_Pool,0.0989824073731229,200
KRR_Pool,1.6322869672964442,200
NN_Pool,4.089699783433554,200
XGBoost_TLCQM,0.0999420684621245,200
KRR_TLCQM,1.7547491750150477,200
NN_TLCQM,0.1148305550192466,200
XGBoost_Target_Only,0.1017113688376317,300
KRR_Target_Only,13.73641251095096,300
NN_Target_Only,15.775595123340752,300
XGBoost_Pool,0.1001945956001705,300
KRR_Pool,1.5482982722449563,300
NN_Pool,5.980372831923645,300
XGBoost_TLCQM,0.1030404851113798,300
KRR_TLCQM,1.6357586885839106,300
NN_TLCQM,0.1398296356315009,300
XGBoost_Target_Only,0.0939709416175454,500
KRR_Target_Only,9.026710572411172,500
NN_Target_Only,0.8279716362117892,500
XGBoost_Pool,0.097990941919206,500
KRR_Pool,1.4827276611532785,500
NN_Pool,3.4872259918889803,500
XGBoost_TLCQM,0.1036145972182718,500
KRR_TLCQM,1.561489307873402,500
NN_TLCQM,0.1121426311779871,500
TKRR,1.9745017594358427,100
CDAR,5.697550429224962,100
DARC,38.42718301219767,100
VNCD_MDD,0.1747562239932876,100
M3SDA_Reg,0.1137205108267154,100
CMSS_Reg,0.120072246122803,100
TKRR,2.065209027270916,200
CDAR,5.276262047320437,200
DARC,39.25712657512624,200
VNCD_MDD,0.1427577820039758,200
M3SDA_Reg,0.115644346127752,200
CMSS_Reg,0.1125288822475824,200
TKRR,1.9872381327822608,300
CDAR,5.364822835857239,300
DARC,39.288826187910296,300
VNCD_MDD,0.1378760213284263,300
M3SDA_Reg,0.1164604218640946,300
CMSS_Reg,0.1114322692585599,300
TKRR,1.7580918302054098,500
CDAR,5.227762041565326,500
DARC,39.39912062653669,500
VNCD_MDD,0.1525117794383687,500
M3SDA_Reg,0.1190671344968125,500
CMSS_Reg,0.1061376952265607,500
XGBoost_Target_Only,0.1142981878478256,100
KRR_Target_Only,28.066198922915973,100
NN_Target_Only,20.59372896279627,100
XGBoost_Pool,0.0987940251761356,100
KRR_Pool,1.5921970142457669,100
NN_Pool,3.37046465121948,100
XGBoost_TLCQM,0.1126107697554077,100
KRR_TLCQM,1.7361996744166124,100
NN_TLCQM,0.1257860724254499,100
XGBoost_Target_Only,0.107502815225201,200
KRR_Target_Only,18.012492990699744,200
NN_Target_Only,18.6689431162346,200
XGBoost_Pool,0.0998739141412577,200
KRR_Pool,1.5812007460266748,200
NN_Pool,3.462431879160968,200
XGBoost_TLCQM,0.1126779837596654,200
KRR_TLCQM,1.6646048809768863,200
NN_TLCQM,0.1279384509938514,200
XGBoost_Target_Only,0.1030008967495307,300
KRR_Target_Only,13.75958073282962,300
NN_Target_Only,0.4313290563631716,300
XGBoost_Pool,0.099010210381551,300
KRR_Pool,1.5449017116368804,300
NN_Pool,3.2625023278242264,300
XGBoost_TLCQM,0.0980425601179444,300
KRR_TLCQM,1.6340934866165244,300
NN_TLCQM,0.1054723614638135,300
XGBoost_Target_Only,0.0980087950894366,500
KRR_Target_Only,9.1872861182052,500
NN_Target_Only,0.3923609022166344,500
XGBoost_Pool,0.0987666459587349,500
KRR_Pool,1.4721014291516494,500
NN_Pool,3.5722987999707656,500
XGBoost_TLCQM,0.1063019973898229,500
KRR_TLCQM,1.5674754054540858,500
NN_TLCQM,0.1146048282864866,500
TKRR,1.8547773286461464,100
CDAR,6.372755479326645,100
DARC,28.60792961726396,100
VNCD_MDD,0.1633560713233136,100
M3SDA_Reg,0.1133051377640671,100
CMSS_Reg,0.115234844927817,100
TKRR,1.8985306363808776,200
CDAR,6.64068153813355,200
DARC,21.331064943815047,200
VNCD_MDD,0.1681087680243256,200
M3SDA_Reg,0.1118790215376474,200
CMSS_Reg,0.1135223436816789,200
TKRR,1.8821187539706257,300
CDAR,6.656904335111748,300
DARC,22.088245077328263,300
VNCD_MDD,0.1562760387186383,300
M3SDA_Reg,0.114674056703235,300
CMSS_Reg,0.1062836126158401,300
TKRR,1.8019208639333733,500
CDAR,6.4695856392104245,500
DARC,22.51730509637613,500
VNCD_MDD,0.1529373909087341,500
M3SDA_Reg,0.1207210826195026,500
CMSS_Reg,0.1043420432392683,500
XGBoost_Target_Only,0.1070623962096551,100
KRR_Target_Only,32.093434431807445,100
NN_Target_Only,26.51889654085237,100
XGBoost_Pool,0.1005820807239921,100
KRR_Pool,1.5466504731171316,100
NN_Pool,5.258913861576414,100
XGBoost_TLCQM,0.1044672171182367,100
KRR_TLCQM,1.6453986289821083,100
NN_TLCQM,0.1971225160659747,100
XGBoost_Target_Only,0.1059771678672145,200
KRR_Target_Only,20.36485578644597,200
NN_Target_Only,24.424156882295755,200
XGBoost_Pool,0.0970057015644149,200
KRR_Pool,1.4945407558038932,200
NN_Pool,6.309654241022733,200
XGBoost_TLCQM,0.1073020726373779,200
KRR_TLCQM,1.5842180560878505,200
NN_TLCQM,0.1250804305563505,200
XGBoost_Target_Only,0.1021883806135602,300
KRR_Target_Only,14.073961126053971,300
NN_Target_Only,9.017448043238357,300
XGBoost_Pool,0.0968279849843237,300
KRR_Pool,1.4583475890469673,300
NN_Pool,5.7305836275393975,300
XGBoost_TLCQM,0.1036443362382207,300
KRR_TLCQM,1.541872050894592,300
NN_TLCQM,0.1067191330883662,300
XGBoost_Target_Only,0.093148409302671,500
KRR_Target_Only,8.735585387871481,500
NN_Target_Only,0.3160358350765684,500
XGBoost_Pool,0.0958146901468599,500
KRR_Pool,1.3935524524151537,500
NN_Pool,3.3746444817386583,500
XGBoost_TLCQM,0.1043060650620266,500
KRR_TLCQM,1.458733791103638,500
NN_TLCQM,0.1122838785135993,500
TKRR,1.798468307244703,100
CDAR,6.145830645266279,100
DARC,29.86848881390732,100
VNCD_MDD,0.1565327910700402,100
M3SDA_Reg,0.1197649176823065,100
CMSS_Reg,0.1179850449339814,100
TKRR,1.7628546497214412,200
CDAR,6.151770236929159,200
DARC,29.889790496334943,200
VNCD_MDD,0.1518210475228408,200
M3SDA_Reg,0.1221094882787229,200
CMSS_Reg,0.1155504042948208,200
TKRR,1.7324584839040236,300
CDAR,6.187430388971496,300
DARC,29.871659445992982,300
VNCD_MDD,0.1494010316721822,300
M3SDA_Reg,0.1208708597110296,300
CMSS_Reg,0.1094764762475336,300
TKRR,1.644083242166958,500
CDAR,6.063156920648352,500
DARC,29.673153500558197,500
VNCD_MDD,0.1501730502661236,500
M3SDA_Reg,0.1167080404233304,500
CMSS_Reg,0.1082105577718622,500
XGBoost_Target_Only,0.1179288378165573,100
KRR_Target_Only,29.54697490144469,100
NN_Target_Only,21.41853378451069,100
XGBoost_Pool,0.1003604620387495,100
KRR_Pool,1.6347159962642317,100
NN_Pool,3.388308347840284,100
XGBoost_TLCQM,0.1018743796882772,100
KRR_TLCQM,1.7654107676009176,100
NN_TLCQM,0.1231405631661297,100
XGBoost_Target_Only,0.1086820985773578,200
KRR_Target_Only,18.565582556108897,200
NN_Target_Only,20.31192500090249,200
XGBoost_Pool,0.0979768387691943,200
KRR_Pool,1.642355098548829,200
NN_Pool,5.13934298491522,200
XGBoost_TLCQM,0.1009831486430862,200
KRR_TLCQM,1.7622954465078011,200
NN_TLCQM,0.4365866162412096,200
XGBoost_Target_Only,0.0985798758506432,300
KRR_Target_Only,14.496958277826677,300
NN_Target_Only,6.327128923946497,300
XGBoost_Pool,0.097073582002861,300
KRR_Pool,1.629168998403693,300
NN_Pool,5.208036160079484,300
XGBoost_TLCQM,0.1065463054172746,300
KRR_TLCQM,1.7351045743941995,300
NN_TLCQM,0.1185457070605443,300
XGBoost_Target_Only,0.0981857520653211,500
KRR_Target_Only,8.828851557529026,500
NN_Target_Only,0.2087236235568161,500
XGBoost_Pool,0.0954794271127022,500
KRR_Pool,1.6102660046517046,500
NN_Pool,2.848316346726886,500
XGBoost_TLCQM,0.1086862817522167,500
KRR_TLCQM,1.711990413606549,500
NN_TLCQM,0.1154388469402036,500
TKRR,1.941692596623106,100
CDAR,6.251695140798399,100
DARC,22.662806079839783,100
VNCD_MDD,0.1526913740764264,100
M3SDA_Reg,0.1150477033896544,100
CMSS_Reg,0.1092098642160216,100
TKRR,1.905272712102892,200
CDAR,6.15577633645832,200
DARC,24.784928017873654,200
VNCD_MDD,0.1486580973771618,200
M3SDA_Reg,0.1184418641273907,200
CMSS_Reg,0.1097961224662299,200
TKRR,1.9172043606682077,300
CDAR,6.058331970329701,300
DARC,25.04391146452996,300
VNCD_MDD,0.1319098527776454,300
M3SDA_Reg,0.1179821308824639,300
CMSS_Reg,0.1074251989078983,300
TKRR,1.9336908090698173,500
CDAR,6.082663634702647,500
DARC,24.45673788326032,500
VNCD_MDD,0.1340832296624413,500
M3SDA_Reg,0.118190202341031,500
CMSS_Reg,0.0977358207458311,500
XGBoost_Target_Only,0.1086362443388991,100
KRR_Target_Only,29.861708757079292,100
NN_Target_Only,24.93590748844667,100
XGBoost_Pool,0.102319034201007,100
KRR_Pool,1.6292472905735995,100
NN_Pool,6.3454502666558215,100
XGBoost_TLCQM,0.1039490889154344,100
KRR_TLCQM,1.7509404000956914,100
NN_TLCQM,0.119375851964024,100
XGBoost_Target_Only,0.1061716659520167,200
KRR_Target_Only,19.515100004779505,200
NN_Target_Only,24.233543193473093,200
XGBoost_Pool,0.1002844415930395,200
KRR_Pool,1.6208698504772308,200
NN_Pool,4.852467410311973,200
XGBoost_TLCQM,0.100452867399923,200
KRR_TLCQM,1.736041070366298,200
NN_TLCQM,0.3325612956277813,200
XGBoost_Target_Only,0.0984432821096315,300
KRR_Target_Only,14.03530114630073,300
NN_Target_Only,0.3218764303536177,300
XGBoost_Pool,0.0993512546432792,300
KRR_Pool,1.5669152365490815,300
NN_Pool,3.3860189021323297,300
XGBoost_TLCQM,0.1007352310500394,300
KRR_TLCQM,1.6655445601515155,300
NN_TLCQM,0.1379591038644794,300
XGBoost_Target_Only,0.0972174460576239,500
KRR_Target_Only,8.56599405248976,500
NN_Target_Only,0.5871745618649094,500
XGBoost_Pool,0.0961322338162434,500
KRR_Pool,1.5236933630852747,500
NN_Pool,4.378867272937273,500
XGBoost_TLCQM,0.0994742558136754,500
KRR_TLCQM,1.614291290863894,500
NN_TLCQM,0.1122393294360951,500
TKRR,2.127007808327184,100
CDAR,5.723901463863138,100
DARC,35.18408811577469,100
VNCD_MDD,0.1773789709954371,100
M3SDA_Reg,0.1193897914034211,100
CMSS_Reg,0.1117108021742003,100
TKRR,1.877904238915113,200
CDAR,5.659651728190256,200
DARC,34.72588215615461,200
VNCD_MDD,0.1274840647877219,200
M3SDA_Reg,0.1208130697174215,200
CMSS_Reg,0.1134498084998254,200
TKRR,1.831415506937431,300
CDAR,5.634630327323801,300
DARC,34.453070397938184,300
VNCD_MDD,0.121966419283668,300
M3SDA_Reg,0.1193006993282483,300
CMSS_Reg,0.1057418803979788,300
TKRR,1.801923210447525,500
CDAR,5.656796109704881,500
DARC,35.0076130967401,500
VNCD_MDD,0.1250815984232136,500
M3SDA_Reg,0.1124706566767997,500
CMSS_Reg,0.1019140122776053,500
XGBoost_Target_Only,0.1294888475282937,100
KRR_Target_Only,30.195809492959462,100
NN_Target_Only,23.98376078208525,100
XGBoost_Pool,0.1045492138112335,100
KRR_Pool,1.534878016892291,100
NN_Pool,5.692740057498227,100
XGBoost_TLCQM,0.1027366750858893,100
KRR_TLCQM,1.6257777115771097,100
NN_TLCQM,0.1018922920721279,100
XGBoost_Target_Only,0.1089124908869534,200
KRR_Target_Only,19.97384152530084,200
NN_Target_Only,22.02436786830289,200
XGBoost_Pool,0.1005095007688483,200
KRR_Pool,1.54286734997632,200
NN_Pool,3.360470552350653,200
XGBoost_TLCQM,0.1002012117063315,200
KRR_TLCQM,1.6493342514233584,200
NN_TLCQM,0.1041124646725116,200
XGBoost_Target_Only,0.1091027149593479,300
KRR_Target_Only,13.32033562793736,300
NN_Target_Only,0.3680638371178089,300
XGBoost_Pool,0.0983087722780557,300
KRR_Pool,1.486503332128982,300
NN_Pool,3.357720707042585,300
XGBoost_TLCQM,0.1054269351132087,300
KRR_TLCQM,1.576565342892343,300
NN_TLCQM,0.109863049923757,300
XGBoost_Target_Only,0.0962623765537796,500
KRR_Target_Only,9.449874383012414,500
NN_Target_Only,0.1394558112260376,500
XGBoost_Pool,0.0957177237980734,500
KRR_Pool,1.461795338156494,500
NN_Pool,3.50762448018326,500
XGBoost_TLCQM,0.1025729775531067,500
KRR_TLCQM,1.5779742132440042,500
NN_TLCQM,0.1300428420480734,500
TKRR,1.8120958708223784,100
CDAR,6.199169695415006,100
DARC,13.914428131548227,100
VNCD_MDD,0.1805053327814726,100
M3SDA_Reg,0.127802358768207,100
CMSS_Reg,0.11363206839055,100
TKRR,1.8452769426374156,200
CDAR,6.261521055655115,200
DARC,30.290914754015077,200
VNCD_MDD,0.1894824617730801,200
M3SDA_Reg,0.126584251280655,200
CMSS_Reg,0.1123444724750852,200
TKRR,1.7464114176614838,300
CDAR,6.337707178343949,300
DARC,31.52839325761807,300
VNCD_MDD,0.1588098301365458,300
M3SDA_Reg,0.124249894314606,300
CMSS_Reg,0.1100067425458416,300
TKRR,1.9087154609538288,500
CDAR,6.458164631387503,500
DARC,32.11701026333228,500
VNCD_MDD,0.1595801024794125,500
M3SDA_Reg,0.1168264636388126,500
CMSS_Reg,0.1026701490706973,500
XGBoost_Target_Only,0.1227941366060086,100
KRR_Target_Only,28.72775895483979,100
NN_Target_Only,20.336548883507483,100
XGBoost_Pool,0.1014932833542605,100
KRR_Pool,1.6303264607990129,100
NN_Pool,3.460988812793842,100
XGBoost_TLCQM,0.1171123902967752,100
KRR_TLCQM,1.7195790943644085,100
NN_TLCQM,0.134636717216088,100
XGBoost_Target_Only,0.1047781758251243,200
KRR_Target_Only,20.670148380836103,200
NN_Target_Only,20.466313294823603,200
XGBoost_Pool,0.0983028070641567,200
KRR_Pool,1.6001716917822972,200
NN_Pool,3.3208437522162826,200
XGBoost_TLCQM,0.1112924677216365,200
KRR_TLCQM,1.6970131669143982,200
NN_TLCQM,0.1558820232211862,200
XGBoost_Target_Only,0.0939662703118061,300
KRR_Target_Only,14.804197027109169,300
NN_Target_Only,0.8047424550773438,300
XGBoost_Pool,0.0981837553601824,300
KRR_Pool,1.5634181384869832,300
NN_Pool,4.030497333668879,300
XGBoost_TLCQM,0.1089176225227097,300
KRR_TLCQM,1.6651213031048098,300
NN_TLCQM,0.1690924288613695,300
XGBoost_Target_Only,0.0920994541731752,500
KRR_Target_Only,8.678856704905693,500
NN_Target_Only,0.2311186128252295,500
XGBoost_Pool,0.0939479633586865,500
KRR_Pool,1.4998241405519062,500
NN_Pool,3.972147187383011,500
XGBoost_TLCQM,0.0996802860127526,500
KRR_TLCQM,1.602755758428143,500
NN_TLCQM,0.1435419012835787,500
TKRR,1.895254340875811,100
CDAR,5.043416855363742,100
DARC,28.67372325661996,100
VNCD_MDD,0.1798164408035177,100
M3SDA_Reg,0.1158512508094461,100
CMSS_Reg,0.1148406758394174,100
TKRR,1.8942174210909808,200
CDAR,4.886564374063281,200
DARC,29.12423440906744,200
VNCD_MDD,0.1493024792280282,200
M3SDA_Reg,0.1145845725096001,200
CMSS_Reg,0.1120264259773912,200
TKRR,1.839863890396753,300
CDAR,4.831330891445632,300
DARC,29.542538600667317,300
VNCD_MDD,0.1460464871826748,300
M3SDA_Reg,0.1130854800322841,300
CMSS_Reg,0.1111206869824761,300
TKRR,1.8263361611928512,500
CDAR,4.936583485650932,500
DARC,30.653167340038976,500
VNCD_MDD,0.1262587870012938,500
M3SDA_Reg,0.1154398309167988,500
CMSS_Reg,0.1023581124371213,500
XGBoost_Target_Only,0.1103786099731396,100
KRR_Target_Only,32.70913325577585,100
NN_Target_Only,23.029509853523084,100
XGBoost_Pool,0.0993241068985188,100
KRR_Pool,1.6044127979513931,100
NN_Pool,5.590407978510179,100
XGBoost_TLCQM,0.1042052115253513,100
KRR_TLCQM,1.7077769178175837,100
NN_TLCQM,0.1088164501484135,100
XGBoost_Target_Only,0.1059097051396687,200
KRR_Target_Only,21.158648112540067,200
NN_Target_Only,21.627120926850527,200
XGBoost_Pool,0.0990504380833431,200
KRR_Pool,1.5321925124139375,200
NN_Pool,3.2331177107397817,200
XGBoost_TLCQM,0.1025461161366494,200
KRR_TLCQM,1.6373528670383668,200
NN_TLCQM,0.1256292823970093,200
XGBoost_Target_Only,0.1063431127842436,300
KRR_Target_Only,14.350492762124947,300
NN_Target_Only,6.680713731353875,300
XGBoost_Pool,0.097179069453425,300
KRR_Pool,1.526687541339855,300
NN_Pool,3.2256562129986937,300
XGBoost_TLCQM,0.1003963188425684,300
KRR_TLCQM,1.6219870427794911,300
NN_TLCQM,0.1158845101031755,300
XGBoost_Target_Only,0.0988863053059973,500
KRR_Target_Only,8.604910974379264,500
NN_Target_Only,0.4067806661802462,500
XGBoost_Pool,0.0961602755525393,500
KRR_Pool,1.4921961754261497,500
NN_Pool,3.3691732984072083,500
XGBoost_TLCQM,0.0954953189890915,500
KRR_TLCQM,1.600662998932835,500
NN_TLCQM,0.1005682563764205,500
TKRR,1.8669448182382709,100
CDAR,6.006004423155154,100
DARC,34.87253321538553,100
VNCD_MDD,0.1898772258006237,100
M3SDA_Reg,0.1044579000031183,100
CMSS_Reg,0.1134854362362767,100
TKRR,1.8318380986304337,200
CDAR,5.37961307836679,200
DARC,27.66267638558877,200
VNCD_MDD,0.1459670072083821,200
M3SDA_Reg,0.1060623619751959,200
CMSS_Reg,0.1046238105078055,200
TKRR,1.8555748764076976,300
CDAR,5.377591131886775,300
DARC,27.635785867057265,300
VNCD_MDD,0.1336134391332938,300
M3SDA_Reg,0.1091455811782998,300
CMSS_Reg,0.1114590698363652,300
TKRR,1.9287066181833408,500
CDAR,5.469818652285319,500
DARC,27.679659809410637,500
VNCD_MDD,0.1305339465399781,500
M3SDA_Reg,0.1095053082220678,500
CMSS_Reg,0.1065746482384635,500
XGBoost_Target_Only,0.1328720234348697,100
KRR_Target_Only,29.258736140838643,100
NN_Target_Only,25.25966947668606,100
XGBoost_Pool,0.1021601492088139,100
KRR_Pool,1.6158247708705915,100
NN_Pool,4.0484659796783165,100
XGBoost_TLCQM,0.1027549394128554,100
KRR_TLCQM,1.7198259854318252,100
NN_TLCQM,0.1211991524832882,100
XGBoost_Target_Only,0.1064933947331231,200
KRR_Target_Only,18.05205658426417,200
NN_Target_Only,24.247126938309897,200
XGBoost_Pool,0.0988083559002123,200
KRR_Pool,1.5913924054289643,200
NN_Pool,3.3353847946883923,200
XGBoost_TLCQM,0.0999534218543653,200
KRR_TLCQM,1.6958436964161352,200
NN_TLCQM,0.1031464822772502,200
XGBoost_Target_Only,0.099296882557741,300
KRR_Target_Only,13.15598705666666,300
NN_Target_Only,0.350575441356265,300
XGBoost_Pool,0.0979272057036534,300
KRR_Pool,1.561493875324188,300
NN_Pool,6.282048642413847,300
XGBoost_TLCQM,0.0995138827702722,300
KRR_TLCQM,1.6598816881306588,300
NN_TLCQM,0.1061204293880164,300
XGBoost_Target_Only,0.0927023005144119,500
KRR_Target_Only,8.350166751684418,500
NN_Target_Only,0.2060524990585274,500
XGBoost_Pool,0.094706048744249,500
KRR_Pool,1.4331026378833511,500
NN_Pool,4.614532205714333,500
XGBoost_TLCQM,0.1052057407273763,500
KRR_TLCQM,1.503693779140747,500
NN_TLCQM,0.1295794482264741,500
TKRR,2.2109961226643704,100
CDAR,5.512709574064982,100
DARC,30.191646275164462,100
VNCD_MDD,0.1784068309340277,100
M3SDA_Reg,0.1224023038704279,100
CMSS_Reg,0.1247878747498607,100
TKRR,1.8700678734055411,200
CDAR,5.671138041880572,200
DARC,39.27409667166524,200
VNCD_MDD,0.1430725933582707,200
M3SDA_Reg,0.1253218935952569,200
CMSS_Reg,0.1146812554489993,200
TKRR,1.8886257951527976,300
CDAR,5.613143855332876,300
DARC,39.11831300709807,300
VNCD_MDD,0.1383015816657835,300
M3SDA_Reg,0.1163184679430205,300
CMSS_Reg,0.1107124480779209,300
TKRR,1.6751982487411028,500
CDAR,5.546164450509382,500
DARC,38.79838515643569,500
VNCD_MDD,0.1327106455906573,500
M3SDA_Reg,0.1246519364418325,500
CMSS_Reg,0.0993989189194602,500
XGBoost_Target_Only,0.1127172978134331,100
KRR_Target_Only,29.2307782693008,100
NN_Target_Only,22.925672507461307,100
XGBoost_Pool,0.0991439611951712,100
KRR_Pool,1.6117753572498286,100
NN_Pool,3.968416614037116,100
XGBoost_TLCQM,0.1083672961083362,100
KRR_TLCQM,1.714229687295972,100
NN_TLCQM,0.126187416723208,100
XGBoost_Target_Only,0.1091705719600612,200
KRR_Target_Only,17.96325483208014,200
NN_Target_Only,20.387578764546827,200
XGBoost_Pool,0.0968751621699569,200
KRR_Pool,1.6074248453490363,200
NN_Pool,3.878199313842241,200
XGBoost_TLCQM,0.101925437922798,200
KRR_TLCQM,1.7237133452941606,200
NN_TLCQM,0.1110025229336949,200
XGBoost_Target_Only,0.0976776734691949,300
KRR_Target_Only,12.867084683226496,300
NN_Target_Only,0.2141297305640566,300
XGBoost_Pool,0.0964424849230894,300
KRR_Pool,1.550854637727776,300
NN_Pool,6.144891592425772,300
XGBoost_TLCQM,0.106039615013394,300
KRR_TLCQM,1.672445057378811,300
NN_TLCQM,0.2704086856333624,300
XGBoost_Target_Only,0.0934891089639027,500
KRR_Target_Only,8.5845901055372,500
NN_Target_Only,6.8096122578699525,500
XGBoost_Pool,0.0943809345189457,500
KRR_Pool,1.516940108564176,500
NN_Pool,3.553562957441717,500
XGBoost_TLCQM,0.0989819693223706,500
KRR_TLCQM,1.628352141405698,500
NN_TLCQM,0.1052770483678714,500
TKRR,1.8940469272532692,100
CDAR,5.407697053219023,100
DARC,31.500092341914648,100
VNCD_MDD,0.1603142447941165,100
M3SDA_Reg,0.1111659758508503,100
CMSS_Reg,0.1180969605839937,100
TKRR,1.8940385593172289,200
CDAR,5.964826207623025,200
DARC,37.54485650061578,200
VNCD_MDD,0.1454773576564241,200
M3SDA_Reg,0.1121352883331987,200
CMSS_Reg,0.1214033039469605,200
TKRR,1.8727027147526365,300
CDAR,5.897633577708734,300
DARC,38.05950187761858,300
VNCD_MDD,0.1421979127157538,300
M3SDA_Reg,0.1148529107809775,300
CMSS_Reg,0.1153963736013336,300
TKRR,1.8410533359806396,500
CDAR,5.841565453266568,500
DARC,37.96818961285471,500
VNCD_MDD,0.1378256607500725,500
M3SDA_Reg,0.115427552953448,500
CMSS_Reg,0.1102024640872561,500
XGBoost_Target_Only,0.119654377961593,100
KRR_Target_Only,28.32506519929017,100
NN_Target_Only,27.33791256084645,100
XGBoost_Pool,0.1025463850163594,100
KRR_Pool,1.6084117083885472,100
NN_Pool,5.594290638821654,100
XGBoost_TLCQM,0.1024093702316546,100
KRR_TLCQM,1.7107598041553012,100
NN_TLCQM,2.0643717883650363,100
XGBoost_Target_Only,0.1042157201719128,200
KRR_Target_Only,17.11135609571117,200
NN_Target_Only,24.17961791030805,200
XGBoost_Pool,0.09984682170167,200
KRR_Pool,1.599849871767547,200
NN_Pool,3.6585282333859857,200
XGBoost_TLCQM,0.1034381952816537,200
KRR_TLCQM,1.7109525433915946,200
NN_TLCQM,0.1456942677912807,200
XGBoost_Target_Only,0.0975870431161152,300
KRR_Target_Only,13.061528699317604,300
NN_Target_Only,0.1574958814174705,300
XGBoost_Pool,0.0982023831506545,300
KRR_Pool,1.5410583251776682,300
NN_Pool,4.579035208049501,300
XGBoost_TLCQM,0.0991912545523829,300
KRR_TLCQM,1.6480974504906625,300
NN_TLCQM,0.2765392502116139,300
XGBoost_Target_Only,0.0930590975135111,500
KRR_Target_Only,8.441619436036808,500
NN_Target_Only,6.209893782699863,500
XGBoost_Pool,0.0965713879582788,500
KRR_Pool,1.4444704314087102,500
NN_Pool,3.0368080966049864,500
XGBoost_TLCQM,0.0981152276916769,500
KRR_TLCQM,1.5501983440113989,500
NN_TLCQM,0.1013675939113934,500
TKRR,1.930707796548192,100
CDAR,5.85759623143807,100
DARC,43.40086377326048,100
VNCD_MDD,0.2065035798106559,100
M3SDA_Reg,0.1220214366597491,100
CMSS_Reg,0.1320898759197234,100
TKRR,1.8638342348875152,200
CDAR,6.216322197731526,200
DARC,26.05072331194832,200
VNCD_MDD,0.154624029412044,200
M3SDA_Reg,0.1146154386095211,200
CMSS_Reg,0.1173991985451619,200
TKRR,1.836586354891348,300
CDAR,6.21128819484457,300
DARC,25.8016728300521,300
VNCD_MDD,0.1458603329996258,300
M3SDA_Reg,0.1110721884344005,300
CMSS_Reg,0.1056493911073375,300
TKRR,1.7214129517524652,500
CDAR,6.177245643389192,500
DARC,26.134974344898477,500
VNCD_MDD,0.1346657691947162,500
M3SDA_Reg,0.1152118322786327,500
CMSS_Reg,0.1066665050580634,500
XGBoost_Target_Only,0.1076030538305015,100
KRR_Target_Only,29.709855251044825,100
NN_Target_Only,22.52210668748569,100
XGBoost_Pool,0.1012405674172699,100
KRR_Pool,1.632510792348861,100
NN_Pool,5.2834810901626215,100
XGBoost_TLCQM,0.1197699611819678,100
KRR_TLCQM,1.7320791199107453,100
NN_TLCQM,0.1180659352146419,100
XGBoost_Target_Only,0.1084872427858213,200
KRR_Target_Only,20.508943403395826,200
NN_Target_Only,26.339533739508223,200
XGBoost_Pool,0.0993540415852619,200
KRR_Pool,1.5217856111210093,200
NN_Pool,4.083005112788014,200
XGBoost_TLCQM,0.1141749780954311,200
KRR_TLCQM,1.6188723926310404,200
NN_TLCQM,0.1321670542017487,200
XGBoost_Target_Only,0.0979307476606851,300
KRR_Target_Only,13.678930560976372,300
NN_Target_Only,7.843218545079886,300
XGBoost_Pool,0.0998369789073611,300
KRR_Pool,1.4427547377823868,300
NN_Pool,4.323903160281415,300
XGBoost_TLCQM,0.1066633791453783,300
KRR_TLCQM,1.541370465804034,300
NN_TLCQM,0.1342106181690119,300
XGBoost_Target_Only,0.0991299460305151,500
KRR_Target_Only,8.959594631534095,500
NN_Target_Only,0.2484473871396449,500
XGBoost_Pool,0.0961219766607521,500
KRR_Pool,1.4380010931638003,500
NN_Pool,3.376541101997175,500
XGBoost_TLCQM,0.1063836914493089,500
KRR_TLCQM,1.553869848742354,500
NN_TLCQM,0.1097746404167686,500
TKRR,1.9363317320909028,100
CDAR,6.168146679219765,100
DARC,43.386992001425575,100
VNCD_MDD,0.1777659060908659,100
M3SDA_Reg,0.1134760795622035,100
CMSS_Reg,0.1081053971222001,100
TKRR,1.8087670881818565,200
CDAR,5.532233138066873,200
DARC,24.25989974741262,200
VNCD_MDD,0.1586389016678342,200
M3SDA_Reg,0.11186442537053,200
CMSS_Reg,0.1076251533105692,200
TKRR,1.747319959785698,300
CDAR,5.572546868274461,300
DARC,24.6272601204412,300
VNCD_MDD,0.1384915800810628,300
M3SDA_Reg,0.1123968739980398,300
CMSS_Reg,0.1039996747990117,300
TKRR,1.7329022706130992,500
CDAR,5.357182951594065,500
DARC,24.575962287962355,500
VNCD_MDD,0.1412872130279282,500
M3SDA_Reg,0.1168367648628346,500
CMSS_Reg,0.1024403625957918,500
XGBoost_Target_Only,0.10955858479062,100
KRR_Target_Only,30.419549828950583,100
NN_Target_Only,22.39333964152286,100
XGBoost_Pool,0.1008047745759092,100
KRR_Pool,1.5937670607600969,100
NN_Pool,5.611812985048985,100
XGBoost_TLCQM,0.10541940377516,100
KRR_TLCQM,1.6876695991864077,100
NN_TLCQM,0.1103281208085049,100
XGBoost_Target_Only,0.1058394902395281,200
KRR_Target_Only,20.18090426788277,200
NN_Target_Only,24.187380616576952,200
XGBoost_Pool,0.0993205111373742,200
KRR_Pool,1.591830021807629,200
NN_Pool,3.648315710295699,200
XGBoost_TLCQM,0.1034537742500171,200
KRR_TLCQM,1.7060196612241003,200
NN_TLCQM,0.1059375657694674,200
XGBoost_Target_Only,0.1048479977107408,300
KRR_Target_Only,15.306738713977046,300
NN_Target_Only,7.090796642165641,300
XGBoost_Pool,0.0999609849419948,300
KRR_Pool,1.598825807939971,300
NN_Pool,5.802727553796811,300
XGBoost_TLCQM,0.1084601044085017,300
KRR_TLCQM,1.7211969944604952,300
NN_TLCQM,0.1554845769062652,300
XGBoost_Target_Only,0.0908549343956912,500
KRR_Target_Only,9.82290360296118,500
NN_Target_Only,0.2780701943995886,500
XGBoost_Pool,0.0964703462779437,500
KRR_Pool,1.4554126673086996,500
NN_Pool,3.353296387098454,500
XGBoost_TLCQM,0.0974041054955581,500
KRR_TLCQM,1.5488485335493185,500
NN_TLCQM,0.1316843941542,500
TKRR,1.8980274203542915,100
CDAR,5.671495674042545,100
DARC,38.91525561168242,100
VNCD_MDD,0.1570801607703805,100
M3SDA_Reg,0.1235106617590895,100
CMSS_Reg,0.1167873518824339,100
TKRR,1.8843100291670605,200
CDAR,6.076646917150591,200
DARC,42.22987203093575,200
VNCD_MDD,0.1484895899942172,200
M3SDA_Reg,0.1254401960556425,200
CMSS_Reg,0.114404411281929,200
TKRR,1.9037270208907755,300
CDAR,5.978634363248764,300
DARC,41.33394236478912,300
VNCD_MDD,0.1428910507234329,300
M3SDA_Reg,0.1255899797893428,300
CMSS_Reg,0.1130468123132114,300
TKRR,1.7250465076245824,500
CDAR,6.086157114700343,500
DARC,42.05097140412168,500
VNCD_MDD,0.1271194786039016,500
M3SDA_Reg,0.1245185614814763,500
CMSS_Reg,0.1034703127851683,500
XGBoost_Target_Only,0.1096324000211745,100
KRR_Target_Only,30.05777205999476,100
NN_Target_Only,21.6104517303458,100
XGBoost_Pool,0.101121661078505,100
KRR_Pool,1.5965974919212602,100
NN_Pool,5.423797964093404,100
XGBoost_TLCQM,0.1044849759316758,100
KRR_TLCQM,1.6952702311531018,100
NN_TLCQM,0.1063372748352818,100
XGBoost_Target_Only,0.1002438965994191,200
KRR_Target_Only,19.75201402416289,200
NN_Target_Only,21.943526611658147,200
XGBoost_Pool,0.099540667687893,200
KRR_Pool,1.5829628537441176,200
NN_Pool,3.2032197845754067,200
XGBoost_TLCQM,0.1096733591262065,200
KRR_TLCQM,1.6810108304501337,200
NN_TLCQM,0.1332061197459175,200
XGBoost_Target_Only,0.1017504293932806,300
KRR_Target_Only,14.843885310631084,300
NN_Target_Only,0.3321273605971048,300
XGBoost_Pool,0.0995490500489927,300
KRR_Pool,1.5437395925598856,300
NN_Pool,5.870015753134447,300
XGBoost_TLCQM,0.1062210724070291,300
KRR_TLCQM,1.6218054868636138,300
NN_TLCQM,0.1081446365755337,300
XGBoost_Target_Only,0.0996247097161474,500
KRR_Target_Only,9.678836771895226,500
NN_Target_Only,0.3229163925981213,500
XGBoost_Pool,0.0956821756371699,500
KRR_Pool,1.5607009322236034,500
NN_Pool,3.104246386331539,500
XGBoost_TLCQM,0.1013292293813939,500
KRR_TLCQM,1.640127084656093,500
NN_TLCQM,0.1039210534295944,500
TKRR,1.8682133939917345,100
CDAR,5.32950479090209,100
DARC,27.15728068853839,100
VNCD_MDD,0.1697285188220973,100
M3SDA_Reg,0.1136965968600746,100
CMSS_Reg,0.1187390219508437,100
TKRR,1.8687471483450573,200
CDAR,6.029758339141558,200
DARC,28.56783507496978,200
VNCD_MDD,0.1516852466742215,200
M3SDA_Reg,0.1196511764230207,200
CMSS_Reg,0.1180092326913082,200
TKRR,1.8109100605835204,300
CDAR,6.025671570534125,300
DARC,28.90900563233067,300
VNCD_MDD,0.127697828188142,300
M3SDA_Reg,0.1163551675852848,300
CMSS_Reg,0.1120359612385873,300
TKRR,1.8463107863080843,500
CDAR,6.034544653970693,500
DARC,28.52652906603021,500
VNCD_MDD,0.1244650261637749,500
M3SDA_Reg,0.1125501779900153,500
CMSS_Reg,0.1055210064513015,500
XGBoost_Target_Only,0.1142611974556226,100
KRR_Target_Only,29.51348502380623,100
NN_Target_Only,24.20257635920528,100
XGBoost_Pool,0.0992998521523453,100
KRR_Pool,1.4918674764084217,100
NN_Pool,3.408917653272653,100
XGBoost_TLCQM,0.1054156203237639,100
KRR_TLCQM,1.6052118786789953,100
NN_TLCQM,0.1113855465183244,100
XGBoost_Target_Only,0.1149986047257354,200
KRR_Target_Only,18.03131063770177,200
NN_Target_Only,21.364735594392425,200
XGBoost_Pool,0.1002121022342573,200
KRR_Pool,1.4853278233293512,200
NN_Pool,3.361936830984814,200
XGBoost_TLCQM,0.1053161046993359,200
KRR_TLCQM,1.586105250051342,200
NN_TLCQM,0.1103774187487511,200
XGBoost_Target_Only,0.1058856932367945,300
KRR_Target_Only,13.650969673354506,300
NN_Target_Only,6.895353691607642,300
XGBoost_Pool,0.0995681138207861,300
KRR_Pool,1.4772320076281875,300
NN_Pool,5.601551259288934,300
XGBoost_TLCQM,0.1026392305039358,300
KRR_TLCQM,1.5739126437764883,300
NN_TLCQM,0.1473549312335315,300
XGBoost_Target_Only,0.1025490420411571,500
KRR_Target_Only,9.054216266021529,500
NN_Target_Only,0.2430964358591859,500
XGBoost_Pool,0.0977553922698351,500
KRR_Pool,1.4012424896830409,500
NN_Pool,3.509803308756024,500
XGBoost_TLCQM,0.1053306744896523,500
KRR_TLCQM,1.4820693892808865,500
NN_TLCQM,0.1140165067477276,500
TKRR,1.9123430938067023,100
CDAR,5.552193304850212,100
DARC,34.23731591718811,100
VNCD_MDD,0.148513457538954,100
M3SDA_Reg,0.1182394065157453,100
CMSS_Reg,0.1123331385050853,100
TKRR,1.986021724574114,200
CDAR,5.070440299958842,200
DARC,26.73419426785188,200
VNCD_MDD,0.1428182239546092,200
M3SDA_Reg,0.1182065402062404,200
CMSS_Reg,0.1133810087284386,200
TKRR,1.7593881707177192,300
CDAR,4.957513645176913,300
DARC,26.56809185137798,300
VNCD_MDD,0.1316807622126475,300
M3SDA_Reg,0.1240490531171312,300
CMSS_Reg,0.1068550251019167,300
TKRR,1.7441601748021145,500
CDAR,4.895424325929561,500
DARC,26.561132348555123,500
VNCD_MDD,0.1237069129854837,500
M3SDA_Reg,0.1182382356196092,500
CMSS_Reg,0.106728125643643,500
XGBoost_Target_Only,0.1187162720217824,100
KRR_Target_Only,28.610090438221444,100
NN_Target_Only,20.013935966777552,100
XGBoost_Pool,0.102747051587846,100
KRR_Pool,1.6553619801539212,100
NN_Pool,5.743416794208491,100
XGBoost_TLCQM,0.120211036093393,100
KRR_TLCQM,1.8163460216660925,100
NN_TLCQM,0.1675246014508075,100
XGBoost_Target_Only,0.102366634692492,200
KRR_Target_Only,18.607296509402484,200
NN_Target_Only,21.53108465233803,200
XGBoost_Pool,0.0991002621513771,200
KRR_Pool,1.6058495374017747,200
NN_Pool,3.6734168758685617,200
XGBoost_TLCQM,0.10782574509837,200
KRR_TLCQM,1.6932838073406695,200
NN_TLCQM,0.2050973945098574,200
XGBoost_Target_Only,0.0989509751670205,300
KRR_Target_Only,13.938484456559378,300
NN_Target_Only,7.123407835942339,300
XGBoost_Pool,0.0985100728786555,300
KRR_Pool,1.6059344591714724,300
NN_Pool,2.681621680148779,300
XGBoost_TLCQM,0.1067362697288938,300
KRR_TLCQM,1.6876758943460226,300
NN_TLCQM,0.1124978350874121,300
XGBoost_Target_Only,0.0992072472610646,500
KRR_Target_Only,8.73644135299019,500
NN_Target_Only,0.5341587803321965,500
XGBoost_Pool,0.0974021590360317,500
KRR_Pool,1.5448241989148797,500
NN_Pool,3.3980774836317558,500
XGBoost_TLCQM,0.103057529536066,500
KRR_TLCQM,1.6389233675526993,500
NN_TLCQM,0.2060614463159181,500
TKRR,2.0285462773347223,100
CDAR,6.02560082758519,100
DARC,27.75712569706693,100
VNCD_MDD,0.1510668735784615,100
M3SDA_Reg,0.1191741012183586,100
CMSS_Reg,0.1179161957390108,100
TKRR,1.8675148310481984,200
CDAR,6.48601720452256,200
DARC,28.9989052920435,200
VNCD_MDD,0.161405524528178,200
M3SDA_Reg,0.1210988246496104,200
CMSS_Reg,0.1144552232030316,200
TKRR,1.8823019262579148,300
CDAR,6.5032747620313,300
DARC,29.502152832030276,300
VNCD_MDD,0.1482709707090622,300
M3SDA_Reg,0.121513823533706,300
CMSS_Reg,0.1098074435578959,300
TKRR,1.8281487442463047,500
CDAR,6.477415157091662,500
DARC,29.82611855134574,500
VNCD_MDD,0.1239381962927445,500
M3SDA_Reg,0.1235161158428383,500
CMSS_Reg,0.1119857278254483,500
XGBoost_Target_Only,0.1215856895788592,100
KRR_Target_Only,29.78129009964385,100
NN_Target_Only,17.75274325957497,100
XGBoost_Pool,0.1038266178629134,100
KRR_Pool,1.6246947501908051,100
NN_Pool,3.2444891433038303,100
XGBoost_TLCQM,0.1093527181663468,100
KRR_TLCQM,1.7618575255505473,100
NN_TLCQM,0.1437870933719767,100
XGBoost_Target_Only,0.1038315474456301,200
KRR_Target_Only,19.88861203080584,200
NN_Target_Only,21.758497233394277,200
XGBoost_Pool,0.1026886890446217,200
KRR_Pool,1.569949171587938,200
NN_Pool,3.386281633320324,200
XGBoost_TLCQM,0.1015643647495567,200
KRR_TLCQM,1.6791307294630402,200
NN_TLCQM,0.1801208314978421,200
XGBoost_Target_Only,0.102955602953475,300
KRR_Target_Only,14.61622194793783,300
NN_Target_Only,2.440833288707261,300
XGBoost_Pool,0.1017465517114473,300
KRR_Pool,1.5906436130101995,300
NN_Pool,2.638904996665991,300
XGBoost_TLCQM,0.1041300475237518,300
KRR_TLCQM,1.7087479516996809,300
NN_TLCQM,0.1073205303770337,300
XGBoost_Target_Only,0.0998608925542778,500
KRR_Target_Only,8.727679006761624,500
NN_Target_Only,0.1973977081296745,500
XGBoost_Pool,0.0989282300598516,500
KRR_Pool,1.557171237586536,500
NN_Pool,4.457430662037429,500
XGBoost_TLCQM,0.1050444062197264,500
KRR_TLCQM,1.6587500722106954,500
NN_TLCQM,0.1532812286186049,500
TKRR,1.8885670140863415,100
CDAR,5.192864533298418,100
DARC,22.40359252561832,100
VNCD_MDD,0.1810775329115045,100
M3SDA_Reg,0.1196691522077353,100
CMSS_Reg,0.1180223565985809,100
TKRR,1.9192120639543744,200
CDAR,6.182643636163582,200
DARC,22.900441551280565,200
VNCD_MDD,0.1430428613112835,200
M3SDA_Reg,0.1210796505728749,200
CMSS_Reg,0.114828674587538,200
TKRR,1.9905082447081817,300
CDAR,6.3170409414578925,300
DARC,23.331528459017505,300
VNCD_MDD,0.1380602123287662,300
M3SDA_Reg,0.119330436624354,300
CMSS_Reg,0.104941765767521,300
TKRR,1.8650303389710337,500
CDAR,6.359151525072567,500
DARC,23.24423987465991,500
VNCD_MDD,0.1256297950576667,500
M3SDA_Reg,0.1302824362007438,500
CMSS_Reg,0.1045580352645529,500
XGBoost_Target_Only,0.1091571187829909,100
KRR_Target_Only,30.96704123392775,100
NN_Target_Only,25.748105331657637,100
XGBoost_Pool,0.1010217862773388,100
KRR_Pool,1.5402984351107158,100
NN_Pool,5.653101439105306,100
XGBoost_TLCQM,0.1039755467763086,100
KRR_TLCQM,1.6450232231120097,100
NN_TLCQM,0.1062246763357096,100
XGBoost_Target_Only,0.109722859314882,200
KRR_Target_Only,19.192656492878417,200
NN_Target_Only,22.42723917226026,200
XGBoost_Pool,0.0994904650275017,200
KRR_Pool,1.5336173389394747,200
NN_Pool,3.3503614001471984,200
XGBoost_TLCQM,0.1038320502141986,200
KRR_TLCQM,1.6447586265701613,200
NN_TLCQM,0.2683828073155567,200
XGBoost_Target_Only,0.0989949621234077,300
KRR_Target_Only,14.67042177805281,300
NN_Target_Only,6.2475324501672524,300
XGBoost_Pool,0.0979158518390464,300
KRR_Pool,1.4702706079752417,300
NN_Pool,6.219893233228701,300
XGBoost_TLCQM,0.104587790501754,300
KRR_TLCQM,1.5509360128371004,300
NN_TLCQM,0.1087553617219646,300
XGBoost_Target_Only,0.0990151985026575,500
KRR_Target_Only,9.40658916257753,500
NN_Target_Only,0.2479805272799271,500
XGBoost_Pool,0.0963731529530442,500
KRR_Pool,1.4768569772292497,500
NN_Pool,2.8549553385888142,500
XGBoost_TLCQM,0.1051297646880522,500
KRR_TLCQM,1.5627787002600575,500
NN_TLCQM,0.116151164122579,500
TKRR,1.8271070170661956,100
CDAR,6.230026414103736,100
DARC,31.69835729705899,100
VNCD_MDD,0.1962068549392359,100
M3SDA_Reg,0.1214764498413331,100
CMSS_Reg,0.1193146889555338,100
TKRR,1.8662749028411891,200
CDAR,5.411313887490157,200
DARC,25.92793178844301,200
VNCD_MDD,0.1583710512207268,200
M3SDA_Reg,0.1194027057334147,200
CMSS_Reg,0.1175557204743182,200
TKRR,1.9804170065234317,300
CDAR,5.452471562425978,300
DARC,25.351450100424486,300
VNCD_MDD,0.1421101710632674,300
M3SDA_Reg,0.1216036285917206,300
CMSS_Reg,0.1162574227730747,300
TKRR,1.7440655024780625,500
CDAR,5.526739903426069,500
DARC,23.90182406953316,500
VNCD_MDD,0.1280255713532432,500
M3SDA_Reg,0.1191395701553114,500
CMSS_Reg,0.1112013480468615,500
XGBoost_Target_Only,0.1160478686423469,100
KRR_Target_Only,30.404746566258822,100
NN_Target_Only,28.482112393550093,100
XGBoost_Pool,0.0991858601048314,100
KRR_Pool,1.6135032580527755,100
NN_Pool,5.356595246759862,100
XGBoost_TLCQM,0.1086156591846963,100
KRR_TLCQM,1.732964072307186,100
NN_TLCQM,0.4455602280049262,100
XGBoost_Target_Only,0.1077857265545861,200
KRR_Target_Only,19.00220781962889,200
NN_Target_Only,24.520465254701943,200
XGBoost_Pool,0.0979746557805737,200
KRR_Pool,1.585176484011375,200
NN_Pool,4.878314746962749,200
XGBoost_TLCQM,0.107451346475091,200
KRR_TLCQM,1.6791418701345209,200
NN_TLCQM,0.1179422516097114,200
XGBoost_Target_Only,0.1031439990056849,300
KRR_Target_Only,13.686778301780828,300
NN_Target_Only,6.707902331514523,300
XGBoost_Pool,0.0954150639124492,300
KRR_Pool,1.595373583860608,300
NN_Pool,5.456526885194839,300
XGBoost_TLCQM,0.10323357733017,300
KRR_TLCQM,1.6932472369077152,300
NN_TLCQM,0.1087223208511339,300
XGBoost_Target_Only,0.091370209473235,500
KRR_Target_Only,8.981541076018168,500
NN_Target_Only,0.3631982674035793,500
XGBoost_Pool,0.0969126253714989,500
KRR_Pool,1.464191523971007,500
NN_Pool,4.056719220164301,500
XGBoost_TLCQM,0.1035251911204789,500
KRR_TLCQM,1.556892922614475,500
NN_TLCQM,0.1346091753344254,500
TKRR,1.8810521692740056,100
CDAR,6.236914444146751,100
DARC,31.24591317900476,100
VNCD_MDD,0.1748136279935387,100
M3SDA_Reg,0.1211258440076629,100
CMSS_Reg,0.117480150527496,100
TKRR,1.8614792850127655,200
CDAR,5.713375392903807,200
DARC,21.151185582487727,200
VNCD_MDD,0.1501818431832224,200
M3SDA_Reg,0.1159596041200983,200
CMSS_Reg,0.1140912071007582,200
TKRR,1.905903297185006,300
CDAR,5.631053105241999,300
DARC,17.23619107791454,300
VNCD_MDD,0.1428234417232585,300
M3SDA_Reg,0.1153837484218972,300
CMSS_Reg,0.1126129409844165,300
TKRR,1.7647336818412922,500
CDAR,5.57902817675788,500
DARC,22.14779229186131,500
VNCD_MDD,0.1309816390621755,500
M3SDA_Reg,0.1191803047617308,500
CMSS_Reg,0.1085126554912096,500
XGBoost_Target_Only,0.1146282764747326,100
KRR_Target_Only,29.047680653890414,100
NN_Target_Only,22.74234975481856,100
XGBoost_Pool,0.1001329951560175,100
KRR_Pool,1.6240836732606738,100
NN_Pool,3.08697587139681,100
XGBoost_TLCQM,0.1171716336438816,100
KRR_TLCQM,1.7442570032809297,100
NN_TLCQM,0.1266928689903405,100
XGBoost_Target_Only,0.1106020483087246,200
KRR_Target_Only,18.175331361510707,200
NN_Target_Only,23.066932126243216,200
XGBoost_Pool,0.1000986855543685,200
KRR_Pool,1.6045455264912545,200
NN_Pool,3.6745988279769897,200
XGBoost_TLCQM,0.1146485550002135,200
KRR_TLCQM,1.7076828610860175,200
NN_TLCQM,0.1201646728528213,200
XGBoost_Target_Only,0.1074815721501374,300
KRR_Target_Only,13.327164348668566,300
NN_Target_Only,0.3610418374808883,300
XGBoost_Pool,0.099452394335751,300
KRR_Pool,1.6218707950171545,300
NN_Pool,6.329660801493588,300
XGBoost_TLCQM,0.1117095549884305,300
KRR_TLCQM,1.7262133663751342,300
NN_TLCQM,0.1182230729959359,300
XGBoost_Target_Only,0.0966425127997064,500
KRR_Target_Only,8.28714729098897,500
NN_Target_Only,0.2979103744732486,500
XGBoost_Pool,0.097179382314639,500
KRR_Pool,1.636017573107594,500
NN_Pool,3.2817463311595656,500
XGBoost_TLCQM,0.1014743938056157,500
KRR_TLCQM,1.7412421755900358,500
NN_TLCQM,0.1435113542109358,500
TKRR,2.0632264562497835,100
CDAR,5.966124972761705,100
DARC,27.571073021769447,100
VNCD_MDD,0.187009552548783,100
M3SDA_Reg,0.1175822046687713,100
CMSS_Reg,0.1130273813816499,100
TKRR,1.8541090671075624,200
CDAR,5.839148832859244,200
DARC,17.835536516973896,200
VNCD_MDD,0.1446934185958197,200
M3SDA_Reg,0.1184278136651951,200
CMSS_Reg,0.1104986129034031,200
TKRR,1.8793034227065688,300
CDAR,5.922128866819643,300
DARC,18.341599372259324,300
VNCD_MDD,0.1486659438372146,300
M3SDA_Reg,0.1163706846226757,300
CMSS_Reg,0.112811425998714,300
TKRR,1.9229787009673092,500
CDAR,6.021461655352418,500
DARC,18.49574993328747,500
VNCD_MDD,0.1436527312629016,500
M3SDA_Reg,0.1087215382158737,500
CMSS_Reg,0.1074075804034845,500
XGBoost_Target_Only,0.1208948200114342,100
KRR_Target_Only,28.12481242055193,100
NN_Target_Only,18.920680304179594,100
XGBoost_Pool,0.1020855927221251,100
KRR_Pool,1.6415965991856465,100
NN_Pool,5.699791567681439,100
XGBoost_TLCQM,0.136500176864079,100
KRR_TLCQM,1.8369370227229456,100
NN_TLCQM,0.1633026438929677,100
XGBoost_Target_Only,0.1097818764118213,200
KRR_Target_Only,18.19765628404004,200
NN_Target_Only,21.98322721696897,200
XGBoost_Pool,0.0983567725281209,200
KRR_Pool,1.573831234733868,200
NN_Pool,7.199049525793015,200
XGBoost_TLCQM,0.1126117324968078,200
KRR_TLCQM,1.6674119715007596,200
NN_TLCQM,0.1194988881849385,200
XGBoost_Target_Only,0.1071114283673932,300
KRR_Target_Only,13.233549186652866,300
NN_Target_Only,7.051070406087185,300
XGBoost_Pool,0.0981854810422299,300
KRR_Pool,1.5909553088985644,300
NN_Pool,6.031815838138425,300
XGBoost_TLCQM,0.1026312156654449,300
KRR_TLCQM,1.6949439419570342,300
NN_TLCQM,0.1564524535715435,300
XGBoost_Target_Only,0.0952564750491743,500
KRR_Target_Only,8.709660590801064,500
NN_Target_Only,0.2769365927960058,500
XGBoost_Pool,0.0953020311018166,500
KRR_Pool,1.5202431182071874,500
NN_Pool,3.216360446101725,500
XGBoost_TLCQM,0.0993551915504268,500
KRR_TLCQM,1.617544536755841,500
NN_TLCQM,0.1200029771759772,500
TKRR,1.9489470763917132,100
CDAR,6.074524960523573,100
DARC,23.717546372061747,100
VNCD_MDD,0.1664412866058512,100
M3SDA_Reg,0.1177892323579384,100
CMSS_Reg,0.1114652814519206,100
TKRR,1.8399743745511683,200
CDAR,5.860662990707971,200
DARC,40.73663875344356,200
VNCD_MDD,0.1415284078761131,200
M3SDA_Reg,0.1157401166601745,200
CMSS_Reg,0.112797344819453,200
TKRR,1.8812750825888187,300
CDAR,5.948332958657631,300
DARC,23.332121887131805,300
VNCD_MDD,0.1253699218900704,300
M3SDA_Reg,0.117283857897183,300
CMSS_Reg,0.1079410292816648,300
TKRR,1.794551517027149,500
CDAR,5.899455479418685,500
DARC,22.823004988726144,500
VNCD_MDD,0.1265169198936173,500
M3SDA_Reg,0.118647767527981,500
CMSS_Reg,0.1031297005603439,500
XGBoost_Target_Only,0.1207229920730665,100
KRR_Target_Only,28.67992592886328,100
NN_Target_Only,22.940664813561003,100
XGBoost_Pool,0.0991995577583624,100
KRR_Pool,1.566413368411531,100
NN_Pool,5.6716301605095465,100
XGBoost_TLCQM,0.1037865846530159,100
KRR_TLCQM,1.6865923148426565,100
NN_TLCQM,0.1045583271668758,100
XGBoost_Target_Only,0.1047576220240564,200
KRR_Target_Only,18.795209336805154,200
NN_Target_Only,25.901179281931597,200
XGBoost_Pool,0.0999872525890074,200
KRR_Pool,1.4957611892498548,200
NN_Pool,3.2124928323549966,200
XGBoost_TLCQM,0.1024101222638179,200
KRR_TLCQM,1.6106396598114054,200
NN_TLCQM,0.1065747904417623,200
XGBoost_Target_Only,0.1053632449480404,300
KRR_Target_Only,13.15723989310056,300
NN_Target_Only,6.559217804921403,300
XGBoost_Pool,0.1013708559337192,300
KRR_Pool,1.491034410979717,300
NN_Pool,3.34461314320337,300
XGBoost_TLCQM,0.1051746512054691,300
KRR_TLCQM,1.5968519696941612,300
NN_TLCQM,0.2592215225781366,300
XGBoost_Target_Only,0.0957420808877776,500
KRR_Target_Only,8.326447294647766,500
NN_Target_Only,0.308012946118242,500
XGBoost_Pool,0.0957782767844458,500
KRR_Pool,1.467462910926191,500
NN_Pool,2.916093824230658,500
XGBoost_TLCQM,0.0983875296960195,500
KRR_TLCQM,1.549913487256148,500
NN_TLCQM,0.1066044442084648,500
TKRR,1.8466810230186037,100
CDAR,6.099961366118497,100
DARC,30.194550271450854,100
VNCD_MDD,0.1753107441107433,100
M3SDA_Reg,0.1121709707850832,100
CMSS_Reg,0.1149313322377632,100
TKRR,1.831304091727756,200
CDAR,6.5531906888647145,200
DARC,36.37822951288826,200
VNCD_MDD,0.1583259533992125,200
M3SDA_Reg,0.1219312659215627,200
CMSS_Reg,0.1124399686244508,200
TKRR,1.853214013859743,300
CDAR,6.3395700560785375,300
DARC,36.66048691627386,300
VNCD_MDD,0.1426882978897829,300
M3SDA_Reg,0.121119764920169,300
CMSS_Reg,0.1128751202165419,300
TKRR,1.8318904437658656,500
CDAR,6.280175152880082,500
DARC,36.57277566277492,500
VNCD_MDD,0.1271694666119825,500
M3SDA_Reg,0.1173111309144241,500
CMSS_Reg,0.1057888055619245,500
XGBoost_Target_Only,0.1406029308816406,100
KRR_Target_Only,28.490619029189773,100
NN_Target_Only,21.37267724092787,100
XGBoost_Pool,0.1018841020934429,100
KRR_Pool,1.6094589157198689,100
NN_Pool,5.485320706305986,100
XGBoost_TLCQM,0.1133383517054108,100
KRR_TLCQM,1.7041472486301417,100
NN_TLCQM,0.1405951336155974,100
XGBoost_Target_Only,0.1131227574550924,200
KRR_Target_Only,20.29220121677033,200
NN_Target_Only,20.71997600267561,200
XGBoost_Pool,0.099012828150652,200
KRR_Pool,1.5870539116044282,200
NN_Pool,3.992306749058308,200
XGBoost_TLCQM,0.1084850147097861,200
KRR_TLCQM,1.686999432562358,200
NN_TLCQM,0.1184448111178131,200
XGBoost_Target_Only,0.104923636461831,300
KRR_Target_Only,14.736288955424056,300
NN_Target_Only,8.303152021918972,300
XGBoost_Pool,0.0970868688788656,300
KRR_Pool,1.5021416998617052,300
NN_Pool,5.685793129877728,300
XGBoost_TLCQM,0.107972807751264,300
KRR_TLCQM,1.5961915270690696,300
NN_TLCQM,0.1466165803576374,300
XGBoost_Target_Only,0.0945509209508932,500
KRR_Target_Only,9.47619037271788,500
NN_Target_Only,0.1912307609648514,500
XGBoost_Pool,0.0974233369312193,500
KRR_Pool,1.4033430773903848,500
NN_Pool,3.508881359335428,500
XGBoost_TLCQM,0.1049757730586989,500
KRR_TLCQM,1.491489664169557,500
NN_TLCQM,0.1698113970655293,500
TKRR,1.9317153006614665,100
CDAR,6.136390308689355,100
DARC,27.4819593556705,100
VNCD_MDD,0.1964455217264664,100
M3SDA_Reg,0.1258376506838788,100
CMSS_Reg,0.121192899919327,100
TKRR,2.0498312196184045,200
CDAR,6.367195459497818,200
DARC,31.350601523698767,200
VNCD_MDD,0.1523713550037395,200
M3SDA_Reg,0.1179960197088049,200
CMSS_Reg,0.1151694077919588,200
TKRR,1.8138213595192016,300
CDAR,6.330390181078567,300
DARC,31.08080895977451,300
VNCD_MDD,0.1316553182426657,300
M3SDA_Reg,0.1182132320445909,300
CMSS_Reg,0.1060512716264567,300
TKRR,1.7456642833877434,500
CDAR,6.357491174667513,500
DARC,31.018726681894616,500
VNCD_MDD,0.1316062003858474,500
M3SDA_Reg,0.1231591057750592,500
CMSS_Reg,0.0985177527494015,500
XGBoost_Target_Only,0.1146756927278534,100
KRR_Target_Only,31.233387767967415,100
NN_Target_Only,18.363948171046214,100
XGBoost_Pool,0.0991273394745169,100
KRR_Pool,1.6413311247140108,100
NN_Pool,5.708943724396258,100
XGBoost_TLCQM,0.1086344197211312,100
KRR_TLCQM,1.746435747645489,100
NN_TLCQM,0.1022718783109546,100
XGBoost_Target_Only,0.1031738321949335,200
KRR_Target_Only,20.640825884561195,200
NN_Target_Only,24.49672972443008,200
XGBoost_Pool,0.097247391212541,200
KRR_Pool,1.5764142131604892,200
NN_Pool,3.683751794306213,200
XGBoost_TLCQM,0.1026786376613591,200
KRR_TLCQM,1.689412680313282,200
NN_TLCQM,0.1065417561700751,200
XGBoost_Target_Only,0.0946199549913214,300
KRR_Target_Only,14.43352057297885,300
NN_Target_Only,0.3000500421691085,300
XGBoost_Pool,0.0969912903664065,300
KRR_Pool,1.5559778033072535,300
NN_Pool,4.032290402042082,300
XGBoost_TLCQM,0.0973978430388821,300
KRR_TLCQM,1.6744654845107685,300
NN_TLCQM,0.0995040062346536,300
XGBoost_Target_Only,0.09307581534216,500
KRR_Target_Only,9.541432554468727,500
NN_Target_Only,2.383911263881201,500
XGBoost_Pool,0.0965682634087099,500
KRR_Pool,1.46520715167305,500
NN_Pool,3.625793700178689,500
XGBoost_TLCQM,0.103378757583308,500
KRR_TLCQM,1.5877195252330814,500
NN_TLCQM,0.1142936959183297,500
TKRR,1.9030714290463615,100
CDAR,5.655548874037113,100
DARC,37.720669918656114,100
VNCD_MDD,0.1758118761252745,100
M3SDA_Reg,0.112422228589279,100
CMSS_Reg,0.1116521968197501,100
TKRR,1.9308959992735468,200
CDAR,5.708479877056304,200
DARC,30.69493549685618,200
VNCD_MDD,0.1445054843221741,200
M3SDA_Reg,0.1208766198747354,200
CMSS_Reg,0.1083941280938572,200
TKRR,1.877542895291638,300
CDAR,5.647859595073356,300
DARC,34.02675373206358,300
VNCD_MDD,0.1364291133992537,300
M3SDA_Reg,0.1180760541174932,300
CMSS_Reg,0.1084182231954948,300
TKRR,1.874158585680248,500
CDAR,5.647448814258089,500
DARC,30.89069707852144,500
VNCD_MDD,0.1241962145620842,500
M3SDA_Reg,0.1245210072183003,500
CMSS_Reg,0.1037496909965591,500
XGBoost_Target_Only,0.1082895521040887,100
KRR_Target_Only,28.77058217586824,100
NN_Target_Only,22.160676484722533,100
XGBoost_Pool,0.1020459852101309,100
KRR_Pool,1.6039425468224338,100
NN_Pool,5.657836957813618,100
XGBoost_TLCQM,0.1114551219994933,100
KRR_TLCQM,1.7014966108752692,100
NN_TLCQM,0.1088120835665359,100
XGBoost_Target_Only,0.1172475223193623,200
KRR_Target_Only,18.82599896158017,200
NN_Target_Only,22.680334982708477,200
XGBoost_Pool,0.1004220287354025,200
KRR_Pool,1.5715659911203923,200
NN_Pool,3.3130237510388403,200
XGBoost_TLCQM,0.1052159502770441,200
KRR_TLCQM,1.658640558096624,200
NN_TLCQM,0.1469792856708738,200
XGBoost_Target_Only,0.1038726565915625,300
KRR_Target_Only,13.57437109144264,300
NN_Target_Only,8.207437669608765,300
XGBoost_Pool,0.0996863718378489,300
KRR_Pool,1.5557373711261258,300
NN_Pool,3.411091482104078,300
XGBoost_TLCQM,0.1044073582897526,300
KRR_TLCQM,1.644608129411948,300
NN_TLCQM,0.1836774710624683,300
XGBoost_Target_Only,0.0959940820537348,500
KRR_Target_Only,9.36846831427324,500
NN_Target_Only,6.83763883023634,500
XGBoost_Pool,0.0944573608217207,500
KRR_Pool,1.51197168250264,500
NN_Pool,3.4773826227683857,500
XGBoost_TLCQM,0.1020889697625081,500
KRR_TLCQM,1.6000490087555037,500
NN_TLCQM,0.1248156185010425,500
TKRR,1.933718921624891,100
CDAR,6.356071606556416,100
DARC,39.79046742257762,100
VNCD_MDD,0.1741387952007747,100
M3SDA_Reg,0.1206432985625349,100
CMSS_Reg,0.1197024103601745,100
TKRR,1.9035517237948016,200
CDAR,5.471948725521716,200
DARC,28.73262548983651,200
VNCD_MDD,0.1399979576076505,200
M3SDA_Reg,0.1143580474952954,200
CMSS_Reg,0.1221170664981707,200
TKRR,1.8304742407913344,300
CDAR,5.455974520128981,300
DARC,29.00626072745559,300
VNCD_MDD,0.1462497698432843,300
M3SDA_Reg,0.1203465735798323,300
CMSS_Reg,0.1102335041547804,300
TKRR,1.7652297010190074,500
CDAR,5.371390207753405,500
DARC,25.071078726406792,500
VNCD_MDD,0.1344344006316556,500
M3SDA_Reg,0.1156658390723399,500
CMSS_Reg,0.1047435621747049,500
XGBoost_Target_Only,0.1223674609134466,100
KRR_Target_Only,29.598319338150205,100
NN_Target_Only,18.460360571209545,100
XGBoost_Pool,0.1029639356651752,100
KRR_Pool,1.630970994546813,100
NN_Pool,5.4764457618447455,100
XGBoost_TLCQM,0.105911645619345,100
KRR_TLCQM,1.7334117031351552,100
NN_TLCQM,0.1668514056102341,100
XGBoost_Target_Only,0.1132545870224861,200
KRR_Target_Only,17.37594931203181,200
NN_Target_Only,18.56847607347809,200
XGBoost_Pool,0.1001443668722457,200
KRR_Pool,1.6148501357557197,200
NN_Pool,3.654787508834539,200
XGBoost_TLCQM,0.1069470349340977,200
KRR_TLCQM,1.7172371594713374,200
NN_TLCQM,0.2552702857823892,200
XGBoost_Target_Only,0.1004949266126047,300
KRR_Target_Only,13.20236649001514,300
NN_Target_Only,17.3541572176651,300
XGBoost_Pool,0.098801545491549,300
KRR_Pool,1.558362731658458,300
NN_Pool,3.2523365810196467,300
XGBoost_TLCQM,0.1102104499686444,300
KRR_TLCQM,1.6607347921549191,300
NN_TLCQM,0.1189490248765732,300
XGBoost_Target_Only,0.0984320304188088,500
KRR_Target_Only,9.007497786617778,500
NN_Target_Only,0.2545639119301496,500
XGBoost_Pool,0.0970139385919443,500
KRR_Pool,1.5117284761908818,500
NN_Pool,3.4571617224933595,500
XGBoost_TLCQM,0.1053903445215244,500
KRR_TLCQM,1.6178070151917006,500
NN_TLCQM,0.111125753623544,500
TKRR,1.9685095855463903,100
CDAR,5.542768636241773,100
DARC,26.86261355318209,100
VNCD_MDD,0.1704623265389132,100
M3SDA_Reg,0.1102165381266175,100
CMSS_Reg,0.1179143120295497,100
TKRR,1.9557040567367583,200
CDAR,6.271439868136524,200
DARC,24.188150011101584,200
VNCD_MDD,0.1910511621766116,200
M3SDA_Reg,0.1117059754215946,200
CMSS_Reg,0.1184335004913048,200
TKRR,1.8416468097763607,300
CDAR,6.245076033722039,300
DARC,25.203386731331527,300
VNCD_MDD,0.1914742638961465,300
M3SDA_Reg,0.1124108935047754,300
CMSS_Reg,0.1203309173755676,300
TKRR,1.7987544532339514,500
CDAR,5.887825972843767,500
DARC,26.12451499832961,500
VNCD_MDD,0.1350968263387079,500
M3SDA_Reg,0.1209602898352853,500
CMSS_Reg,0.1113865115849744,500
XGBoost_Target_Only,0.1156097515675041,100
KRR_Target_Only,28.783319935640147,100
NN_Target_Only,26.92684407071153,100
XGBoost_Pool,0.099284701252306,100
KRR_Pool,1.6093055442326087,100
NN_Pool,5.396420844845398,100
XGBoost_TLCQM,0.1032227400245057,100
KRR_TLCQM,1.7322492829400669,100
NN_TLCQM,0.1426327166403129,100
XGBoost_Target_Only,0.1062010295077675,200
KRR_Target_Only,19.54285779022974,200
NN_Target_Only,22.332700334363302,200
XGBoost_Pool,0.0981112745612419,200
KRR_Pool,1.62408005604671,200
NN_Pool,3.7127259583838494,200
XGBoost_TLCQM,0.1054968325842191,200
KRR_TLCQM,1.7436703356207728,200
NN_TLCQM,0.1086944429006237,200
XGBoost_Target_Only,0.107468420644728,300
KRR_Target_Only,14.24765822072235,300
NN_Target_Only,7.11073525852793,300
XGBoost_Pool,0.0971848143865992,300
KRR_Pool,1.5970645118709774,300
NN_Pool,3.960223644800447,300
XGBoost_TLCQM,0.101577541529554,300
KRR_TLCQM,1.7045309002182738,300
NN_TLCQM,0.1037426542200237,300
XGBoost_Target_Only,0.0947858723268038,500
KRR_Target_Only,9.080488746291584,500
NN_Target_Only,6.049663881102108,500
XGBoost_Pool,0.0939206050511574,500
KRR_Pool,1.5758153582387369,500
NN_Pool,2.902893435351709,500
XGBoost_TLCQM,0.0996805960567605,500
KRR_TLCQM,1.67737981824921,500
NN_TLCQM,0.114230133580728,500
TKRR,1.8969521649907368,100
CDAR,6.24826256127638,100
DARC,42.51562028184254,100
VNCD_MDD,0.1506044359181046,100
M3SDA_Reg,0.1119685563325944,100
CMSS_Reg,0.1180739911088778,100
TKRR,1.944800813337611,200
CDAR,5.291609817697981,200
DARC,30.555624864202095,200
VNCD_MDD,0.1500911471741335,200
M3SDA_Reg,0.1097798272285364,200
CMSS_Reg,0.117223151931617,200
TKRR,1.904956531997046,300
CDAR,5.319578540301015,300
DARC,31.590529618005203,300
VNCD_MDD,0.1299937636435175,300
M3SDA_Reg,0.1139590794548113,300
CMSS_Reg,0.1067234190076396,300
TKRR,1.9508782585129685,500
CDAR,5.274661338829628,500
DARC,31.397394006115228,500
VNCD_MDD,0.1225334821651369,500
M3SDA_Reg,0.1119000651734166,500
CMSS_Reg,0.1039760883360754,500
XGBoost_Target_Only,0.1140098534900191,100
KRR_Target_Only,28.614371314271374,100
NN_Target_Only,19.69118337023516,100
XGBoost_Pool,0.1010212550081614,100
KRR_Pool,1.547849528699767,100
NN_Pool,6.342147628583242,100
XGBoost_TLCQM,0.1173764797345675,100
KRR_TLCQM,1.6182066464583238,100
NN_TLCQM,0.2946422500747966,100
XGBoost_Target_Only,0.1033545676435337,200
KRR_Target_Only,18.641910147501804,200
NN_Target_Only,19.70609882342155,200
XGBoost_Pool,0.100496175867781,200
KRR_Pool,1.5488870727982151,200
NN_Pool,3.542636007549089,200
XGBoost_TLCQM,0.1041949806107008,200
KRR_TLCQM,1.669927020293238,200
NN_TLCQM,1.0985673348713454,200
XGBoost_Target_Only,0.1021577518578738,300
KRR_Target_Only,13.99726121596508,300
NN_Target_Only,6.457577874949108,300
XGBoost_Pool,0.0982153731257665,300
KRR_Pool,1.5659173141281812,300
NN_Pool,2.582551165614144,300
XGBoost_TLCQM,0.1077733496775799,300
KRR_TLCQM,1.6779630726421575,300
NN_TLCQM,0.1577973058113788,300
XGBoost_Target_Only,0.097631960955789,500
KRR_Target_Only,8.85883443900529,500
NN_Target_Only,0.2535027213576072,500
XGBoost_Pool,0.0946772381138576,500
KRR_Pool,1.4947914565222469,500
NN_Pool,5.33768782889464,500
XGBoost_TLCQM,0.1122392332603644,500
KRR_TLCQM,1.5752511343249938,500
NN_TLCQM,0.1144160256969467,500
TKRR,1.90074532486316,100
CDAR,6.111914815927569,100
DARC,33.06636477681372,100
VNCD_MDD,0.1468608690508811,100
M3SDA_Reg,0.1130492037330559,100
CMSS_Reg,0.1170839364392388,100
TKRR,1.8344459928696923,200
CDAR,5.494418238954905,200
DARC,33.392368630128544,200
VNCD_MDD,0.1442197279552914,200
M3SDA_Reg,0.1188949105276235,200
CMSS_Reg,0.1099773411691111,200
TKRR,1.9275557963072176,300
CDAR,5.6200080287314105,300
DARC,34.01172908947876,300
VNCD_MDD,0.1415942219765454,300
M3SDA_Reg,0.1169951046392487,300
CMSS_Reg,0.107335429077018,300
TKRR,1.83542991682655,500
CDAR,5.386691447047942,500
DARC,36.32644869363517,500
VNCD_MDD,0.1246126935855201,500
M3SDA_Reg,0.1163450392924853,500
CMSS_Reg,0.1042711546935113,500
XGBoost_Target_Only,0.1183219377423502,100
KRR_Target_Only,27.766163222860584,100
NN_Target_Only,16.960034582159047,100
XGBoost_Pool,0.1003074953265182,100
KRR_Pool,1.6145408161788364,100
NN_Pool,4.802670106218553,100
XGBoost_TLCQM,0.1516970472365149,100
KRR_TLCQM,1.808408344502785,100
NN_TLCQM,0.2610011067677531,100
XGBoost_Target_Only,0.1092542682390229,200
KRR_Target_Only,19.00683265082462,200
NN_Target_Only,19.9994164993244,200
XGBoost_Pool,0.0973816684306263,200
KRR_Pool,1.5303967329560393,200
NN_Pool,3.259591863107412,200
XGBoost_TLCQM,0.1078334977823895,200
KRR_TLCQM,1.6279187713712953,200
NN_TLCQM,0.2833320461235016,200
XGBoost_Target_Only,0.0987885142527835,300
KRR_Target_Only,13.496775041250077,300
NN_Target_Only,6.857791337258266,300
XGBoost_Pool,0.0991154409702157,300
KRR_Pool,1.5206057013289591,300
NN_Pool,6.186172252177317,300
XGBoost_TLCQM,0.1082873494611274,300
KRR_TLCQM,1.6146335982585198,300
NN_TLCQM,0.1805813489801842,300
XGBoost_Target_Only,0.1016622793101097,500
KRR_Target_Only,8.819473718673494,500
NN_Target_Only,0.2729980614858545,500
XGBoost_Pool,0.0958346098399835,500
KRR_Pool,1.4628032423622588,500
NN_Pool,3.054415604951948,500
XGBoost_TLCQM,0.1014384646138972,500
KRR_TLCQM,1.534475425306352,500
NN_TLCQM,0.1031830104779657,500
TKRR,1.914583709926405,100
CDAR,6.685759387342325,100
DARC,20.98778952363605,100
VNCD_MDD,0.1815058871095067,100
M3SDA_Reg,0.115487326731492,100
CMSS_Reg,0.1258297420393383,100
TKRR,1.7933439374146714,200
CDAR,5.736398253958518,200
DARC,23.582667063982967,200
VNCD_MDD,0.1409113179942688,200
M3SDA_Reg,0.1130255049302122,200
CMSS_Reg,0.1104333450561844,200
TKRR,1.829703481896494,300
CDAR,5.839002950612112,300
DARC,23.901096856362173,300
VNCD_MDD,0.1312078041138644,300
M3SDA_Reg,0.1113559068385065,300
CMSS_Reg,0.1063458390052718,300
TKRR,1.8115840292232623,500
CDAR,5.819223526104336,500
DARC,24.13379714214437,500
VNCD_MDD,0.1250860171294286,500
M3SDA_Reg,0.1174355962272441,500
CMSS_Reg,0.1033316041080001,500
XGBoost_Target_Only,0.1263019476261896,100
KRR_Target_Only,29.64353788021942,100
NN_Target_Only,21.07028978873156,100
XGBoost_Pool,0.1048805779161257,100
KRR_Pool,1.5743824636920951,100
NN_Pool,3.2704054313480757,100
XGBoost_TLCQM,0.1242694431733553,100
KRR_TLCQM,1.6361601256098504,100
NN_TLCQM,0.1119692330993816,100
XGBoost_Target_Only,0.1061992737428709,200
KRR_Target_Only,19.157125313976078,200
NN_Target_Only,20.63471552513855,200
XGBoost_Pool,0.0968486992583038,200
KRR_Pool,1.5418954121359678,200
NN_Pool,3.3606974938765046,200
XGBoost_TLCQM,0.114210942665541,200
KRR_TLCQM,1.6182442557982095,200
NN_TLCQM,0.1066753166312929,200
XGBoost_Target_Only,0.1203759220274232,300
KRR_Target_Only,14.945100962396737,300
NN_Target_Only,0.3070200477400515,300
XGBoost_Pool,0.0947854670700137,300
KRR_Pool,1.493749964497625,300
NN_Pool,4.196951520554421,300
XGBoost_TLCQM,0.1133922003634945,300
KRR_TLCQM,1.559707053071215,300
NN_TLCQM,0.1226653660591238,300
XGBoost_Target_Only,0.1014443876500375,500
KRR_Target_Only,9.93557322005547,500
NN_Target_Only,6.282965263051603,500
XGBoost_Pool,0.0931842266986007,500
KRR_Pool,1.4506009951965526,500
NN_Pool,3.289304764663894,500
XGBoost_TLCQM,0.1078172141808664,500
KRR_TLCQM,1.5223038379198055,500
NN_TLCQM,0.1169041423963734,500
TKRR,1.855119556361225,100
CDAR,5.445581490713879,100
DARC,37.8710948194874,100
VNCD_MDD,0.1694815095597796,100
M3SDA_Reg,0.116650460438075,100
CMSS_Reg,0.1093582931062769,100
TKRR,1.8377690839950824,200
CDAR,6.032326568057419,200
DARC,25.600115816019105,200
VNCD_MDD,0.1414686883738798,200
M3SDA_Reg,0.116025228952603,200
CMSS_Reg,0.1079473378789332,200
TKRR,1.7656918246969735,300
CDAR,6.009732739706109,300
DARC,15.6798294831749,300
VNCD_MDD,0.1341414107314184,300
M3SDA_Reg,0.1125234527157617,300
CMSS_Reg,0.1093481152287611,300
TKRR,1.6970011462293546,500
CDAR,5.990391705140217,500
DARC,26.525834877049945,500
VNCD_MDD,0.1327237551138588,500
M3SDA_Reg,0.1166168077561581,500
CMSS_Reg,0.1072770969006279,500
XGBoost_Target_Only,0.1059918183452839,100
KRR_Target_Only,29.920994180071176,100
NN_Target_Only,22.94072031953326,100
XGBoost_Pool,0.100853212577848,100
KRR_Pool,1.50450158286367,100
NN_Pool,5.444042136728809,100
XGBoost_TLCQM,0.1081617314040681,100
KRR_TLCQM,1.586782755417662,100
NN_TLCQM,0.1085337481480367,100
XGBoost_Target_Only,0.0979255276082571,200
KRR_Target_Only,19.28790159204487,200
NN_Target_Only,21.111758507199845,200
XGBoost_Pool,0.0982492764433563,200
KRR_Pool,1.474178274483877,200
NN_Pool,3.203565740438686,200
XGBoost_TLCQM,0.1037180833935656,200
KRR_TLCQM,1.5642571142137425,200
NN_TLCQM,0.1460017453043263,200
XGBoost_Target_Only,0.1004594138027384,300
KRR_Target_Only,14.186256986857686,300
NN_Target_Only,6.820035869174019,300
XGBoost_Pool,0.0985054131994452,300
KRR_Pool,1.453128579410983,300
NN_Pool,3.2664143621829647,300
XGBoost_TLCQM,0.1003166314500078,300
KRR_TLCQM,1.5458875232503366,300
NN_TLCQM,0.1058370633899166,300
XGBoost_Target_Only,0.0959198781942781,500
KRR_Target_Only,8.885754482838866,500
NN_Target_Only,0.2205425124022557,500
XGBoost_Pool,0.0954428571590521,500
KRR_Pool,1.409106697558453,500
NN_Pool,2.496342910700368,500
XGBoost_TLCQM,0.1048593470513647,500
KRR_TLCQM,1.498421226062275,500
NN_TLCQM,0.1332274657730829,500
TKRR,1.8679671237730588,100
CDAR,5.809953011347597,100
DARC,43.07821466606266,100
VNCD_MDD,0.1649144527119182,100
M3SDA_Reg,0.1172576103645549,100
CMSS_Reg,0.1093377363792565,100
TKRR,1.9877083290410225,200
CDAR,5.580685568750571,200
DARC,33.3179425998439,200
VNCD_MDD,0.1555019949075589,200
M3SDA_Reg,0.1159900082967965,200
CMSS_Reg,0.1072706077808259,200
TKRR,1.7520373946690588,300
CDAR,5.56982614883507,300
DARC,32.24523064209058,300
VNCD_MDD,0.162064295952949,300
M3SDA_Reg,0.119851598937605,300
CMSS_Reg,0.1043788814528597,300
TKRR,1.654706393649291,500
CDAR,5.599612783644919,500
DARC,32.76282716075079,500
VNCD_MDD,0.1429642240099367,500
M3SDA_Reg,0.1186566397036284,500
CMSS_Reg,0.1032988980809088,500
XGBoost_Target_Only,0.1134408522377442,100
KRR_Target_Only,28.54665257144189,100
NN_Target_Only,20.72501939440387,100
XGBoost_Pool,0.100814366421216,100
KRR_Pool,1.6134862930920038,100
NN_Pool,5.456039243647053,100
XGBoost_TLCQM,0.1153718973142268,100
KRR_TLCQM,1.7453951704361237,100
NN_TLCQM,0.1289309693511227,100
XGBoost_Target_Only,0.1052401356718946,200
KRR_Target_Only,18.345427096339137,200
NN_Target_Only,20.97851410433068,200
XGBoost_Pool,0.09925851099937,200
KRR_Pool,1.5958895022090531,200
NN_Pool,3.2240941825672422,200
XGBoost_TLCQM,0.1088638970155646,200
KRR_TLCQM,1.7021962883636597,200
NN_TLCQM,0.1166615059826705,200
XGBoost_Target_Only,0.111723746964509,300
KRR_Target_Only,14.59847825859223,300
NN_Target_Only,6.231955508467059,300
XGBoost_Pool,0.0989654883237178,300
KRR_Pool,1.5277188883071893,300
NN_Pool,5.712933341132295,300
XGBoost_TLCQM,0.1069102789654051,300
KRR_TLCQM,1.6244184874285927,300
NN_TLCQM,0.1105897249284076,300
XGBoost_Target_Only,0.0935284454471301,500
KRR_Target_Only,8.679719619327326,500
NN_Target_Only,0.3942461058629771,500
XGBoost_Pool,0.0959732020004318,500
KRR_Pool,1.474049487200649,500
NN_Pool,3.678345871083696,500
XGBoost_TLCQM,0.1036406561525973,500
KRR_TLCQM,1.5567652884751495,500
NN_TLCQM,0.152589881035824,500
TKRR,1.8837540006920128,100
CDAR,5.409679328850614,100
DARC,26.118074310819985,100
VNCD_MDD,0.1594565652030181,100
M3SDA_Reg,0.1196148396626625,100
CMSS_Reg,0.1219060989128809,100
TKRR,1.9412732392410923,200
CDAR,54.60908170626572,200
DARC,42.06514131601305,200
VNCD_MDD,0.1449194851718829,200
M3SDA_Reg,0.1209643228683502,200
CMSS_Reg,0.1172740099629805,200
TKRR,1.8525363537949615,300
CDAR,54.60154395057285,300
DARC,41.81374999358419,300
VNCD_MDD,0.1420401905941053,300
M3SDA_Reg,0.1233908866110137,300
CMSS_Reg,0.1131413656038093,300
TKRR,1.7579740357950184,500
CDAR,54.59873133108268,500
DARC,41.72203973465972,500
VNCD_MDD,0.1231782117882656,500
M3SDA_Reg,0.1217685828369757,500
CMSS_Reg,0.1028341789918563,500
XGBoost_Target_Only,0.1059340782756712,100
KRR_Target_Only,29.66200123457476,100
NN_Target_Only,26.307304329480328,100
XGBoost_Pool,0.0999084588198619,100
KRR_Pool,1.607283956749979,100
NN_Pool,5.64477343874667,100
XGBoost_TLCQM,0.1117230171950558,100
KRR_TLCQM,1.7109551463559742,100
NN_TLCQM,0.1129032420482918,100
XGBoost_Target_Only,0.1024060196261136,200
KRR_Target_Only,19.22402926569333,200
NN_Target_Only,25.289161660553557,200
XGBoost_Pool,0.0990006368953696,200
KRR_Pool,1.554511239863168,200
NN_Pool,3.267833657631,200
XGBoost_TLCQM,0.103407221923555,200
KRR_TLCQM,1.641964268261057,200
NN_TLCQM,0.1258299701211487,200
XGBoost_Target_Only,0.0980316158741975,300
KRR_Target_Only,14.421307988060926,300
NN_Target_Only,6.171383914482988,300
XGBoost_Pool,0.0976695165421463,300
KRR_Pool,1.5055927395008193,300
NN_Pool,3.25595751411333,300
XGBoost_TLCQM,0.1038688433888676,300
KRR_TLCQM,1.5889630368484535,300
NN_TLCQM,0.1115511509618478,300
XGBoost_Target_Only,0.1009442714868188,500
KRR_Target_Only,8.864916689765442,500
NN_Target_Only,6.916522752620868,500
XGBoost_Pool,0.0950214146519127,500
KRR_Pool,1.4393505389001675,500
NN_Pool,3.537978810485396,500
XGBoost_TLCQM,0.0970618397283932,500
KRR_TLCQM,1.52592642245546,500
NN_TLCQM,0.1085133759086873,500
TKRR,1.8686608124936632,100
CDAR,6.291167453266592,100
DARC,25.703051623979093,100
VNCD_MDD,0.1681009327161329,100
M3SDA_Reg,0.1141655385656836,100
CMSS_Reg,0.1120801498587721,100
TKRR,1.805858630671013,200
CDAR,6.053378784470427,200
DARC,28.530300487497517,200
VNCD_MDD,0.1464068780541136,200
M3SDA_Reg,0.11534889002772,200
CMSS_Reg,0.1115365861797437,200
TKRR,1.8212089447891,300
CDAR,5.870589525602593,300
DARC,28.69558430106424,300
VNCD_MDD,0.1438672177431192,300
M3SDA_Reg,0.1129871511947577,300
CMSS_Reg,0.1093011893202992,300
TKRR,1.74001474113313,500
CDAR,5.88915314652309,500
DARC,28.482203867286376,500
VNCD_MDD,0.1385634312845271,500
M3SDA_Reg,0.1170420155407949,500
CMSS_Reg,0.1061541801701495,500
XGBoost_Target_Only,0.1277904697518565,100
KRR_Target_Only,29.7524916897268,100
NN_Target_Only,22.26984399884997,100
XGBoost_Pool,0.1026645958118673,100
KRR_Pool,1.554852222606418,100
NN_Pool,3.213173967404744,100
XGBoost_TLCQM,0.1138027009890843,100
KRR_TLCQM,1.6463613022530472,100
NN_TLCQM,0.2808676189915438,100
XGBoost_Target_Only,0.1067745574910061,200
KRR_Target_Only,19.764903026490487,200
NN_Target_Only,22.73294017428102,200
XGBoost_Pool,0.0992080779321501,200
KRR_Pool,1.5163910590491874,200
NN_Pool,3.4356278906680773,200
XGBoost_TLCQM,0.1105716636858537,200
KRR_TLCQM,1.599265997601355,200
NN_TLCQM,0.1213375374360656,200
XGBoost_Target_Only,0.0993859166004473,300
KRR_Target_Only,13.33767929943178,300
NN_Target_Only,6.308557254466831,300
XGBoost_Pool,0.0956916324531194,300
KRR_Pool,1.5192091555315432,300
NN_Pool,5.981857872569787,300
XGBoost_TLCQM,0.1080794613007635,300
KRR_TLCQM,1.594310457312812,300
NN_TLCQM,0.1653745166267123,300
XGBoost_Target_Only,0.0957985410183914,500
KRR_Target_Only,7.761153555010887,500
NN_Target_Only,1.853398849013037,500
XGBoost_Pool,0.0938735194321964,500
KRR_Pool,1.4721945418287332,500
NN_Pool,3.123907652031361,500
XGBoost_TLCQM,0.1012805974614832,500
KRR_TLCQM,1.5479217677534058,500
NN_TLCQM,0.1049977767901946,500
TKRR,1.9069985000981504,100
CDAR,5.902462543295074,100
DARC,38.503600188148575,100
VNCD_MDD,0.1800864250348989,100
M3SDA_Reg,0.1142339206882917,100
CMSS_Reg,0.1228520911610259,100
TKRR,1.9460995741427585,200
CDAR,5.748742384544402,200
DARC,24.89713801394748,200
VNCD_MDD,0.1552677856074774,200
M3SDA_Reg,0.1073616769043371,200
CMSS_Reg,0.1054794444443013,200
TKRR,1.786402909499846,300
CDAR,5.80056431931525,300
DARC,27.858572940471056,300
VNCD_MDD,0.1334197876509799,300
M3SDA_Reg,0.1088746943801877,300
CMSS_Reg,0.1004350118367353,300
TKRR,1.8052719465001583,500
CDAR,5.825261889945272,500
DARC,27.65985819825325,500
VNCD_MDD,0.1296168591830362,500
M3SDA_Reg,0.1041615385456343,500
CMSS_Reg,0.0959170331545207,500
XGBoost_Target_Only,0.1134814706817162,100
KRR_Target_Only,29.1395191637967,100
NN_Target_Only,20.863936928480197,100
XGBoost_Pool,0.1006669333374664,100
KRR_Pool,1.6503154283426409,100
NN_Pool,5.416010251631247,100
XGBoost_TLCQM,0.1047989121776918,100
KRR_TLCQM,1.7528275642093123,100
NN_TLCQM,0.106479539730194,100
XGBoost_Target_Only,0.1037491763351699,200
KRR_Target_Only,18.08245410840195,200
NN_Target_Only,22.903728185067298,200
XGBoost_Pool,0.0985203172956354,200
KRR_Pool,1.5545538265894072,200
NN_Pool,3.3552034064759138,200
XGBoost_TLCQM,0.1042349087217041,200
KRR_TLCQM,1.6566223153818176,200
NN_TLCQM,0.6568572991282264,200
XGBoost_Target_Only,0.0945087548406334,300
KRR_Target_Only,14.471958221218747,300
NN_Target_Only,6.275110746671336,300
XGBoost_Pool,0.0975430920653601,300
KRR_Pool,1.513096431008525,300
NN_Pool,6.132349503020414,300
XGBoost_TLCQM,0.1023224741109738,300
KRR_TLCQM,1.6139783097456093,300
NN_TLCQM,0.1714372154230375,300
XGBoost_Target_Only,0.0918516334402316,500
KRR_Target_Only,9.040456181920106,500
NN_Target_Only,0.387719360472131,500
XGBoost_Pool,0.0968219512435373,500
KRR_Pool,1.5443796839807546,500
NN_Pool,3.834115411505428,500
XGBoost_TLCQM,0.0999827331411617,500
KRR_TLCQM,1.652104526151699,500
NN_TLCQM,0.1022829325508271,500
TKRR,1.901531153383928,100
CDAR,5.311360009871007,100
DARC,25.2762293473214,100
VNCD_MDD,0.1405353800075835,100
M3SDA_Reg,0.1193356023549346,100
CMSS_Reg,0.1123381582181557,100
TKRR,1.8617577077232388,200
CDAR,6.051179991293775,200
DARC,30.752591551225727,200
VNCD_MDD,0.1453764271014017,200
M3SDA_Reg,0.1170844198786716,200
CMSS_Reg,0.1046651326935584,200
TKRR,1.849949433184462,300
CDAR,6.077669018565384,300
DARC,31.587178480536704,300
VNCD_MDD,0.1229198190146714,300
M3SDA_Reg,0.1160867691280304,300
CMSS_Reg,0.1057368082694061,300
TKRR,1.863208929407651,500
CDAR,6.201450359896656,500
DARC,31.44301248031497,500
VNCD_MDD,0.12242960531548,500
M3SDA_Reg,0.1102666036280234,500
CMSS_Reg,0.1001140054224277,500
XGBoost_Target_Only,0.1285625863422765,100
KRR_Target_Only,30.731761757045277,100
NN_Target_Only,25.09959059816093,100
XGBoost_Pool,0.1019714117595818,100
KRR_Pool,1.606996869903166,100
NN_Pool,5.922650443907794,100
XGBoost_TLCQM,0.1135303220003934,100
KRR_TLCQM,1.7788493127104668,100
NN_TLCQM,0.1866642554267506,100
XGBoost_Target_Only,0.1211237836062657,200
KRR_Target_Only,20.10950605651601,200
NN_Target_Only,24.179927011930893,200
XGBoost_Pool,0.101053795885253,200
KRR_Pool,1.5703783490372063,200
NN_Pool,3.4196027942802965,200
XGBoost_TLCQM,0.1038648167874963,200
KRR_TLCQM,1.722090312711369,200
NN_TLCQM,0.1129108981903985,200
XGBoost_Target_Only,0.1126757035549253,300
KRR_Target_Only,15.096981497676046,300
NN_Target_Only,1.1803376302145154,300
XGBoost_Pool,0.0983320842662872,300
KRR_Pool,1.553483228539159,300
NN_Pool,3.380743160744168,300
XGBoost_TLCQM,0.1039112102371948,300
KRR_TLCQM,1.670286606904647,300
NN_TLCQM,0.1062116787611673,300
XGBoost_Target_Only,0.1019728479663639,500
KRR_Target_Only,9.296960954472809,500
NN_Target_Only,0.4053653225855503,500
XGBoost_Pool,0.0964413091770167,500
KRR_Pool,1.582409119133877,500
NN_Pool,3.674983402744486,500
XGBoost_TLCQM,0.1019761738615612,500
KRR_TLCQM,1.7012798131222628,500
NN_TLCQM,0.1125909466440757,500
TKRR,1.9338435381441008,100
CDAR,5.35001370408885,100
DARC,35.18581865083372,100
VNCD_MDD,0.1750174454411865,100
M3SDA_Reg,0.1227291820820017,100
CMSS_Reg,0.1160154243262882,100
TKRR,1.9222451348987937,200
CDAR,5.130619020969789,200
DARC,36.32423669261935,200
VNCD_MDD,0.1607633124319628,200
M3SDA_Reg,0.1185921548755534,200
CMSS_Reg,0.1179652703851761,200
TKRR,1.8303798519616885,300
CDAR,5.114837484040803,300
DARC,36.386379399129225,300
VNCD_MDD,0.1515312421404855,300
M3SDA_Reg,0.1193163249810303,300
CMSS_Reg,0.1092810647842823,300
TKRR,1.8396182548463789,500
CDAR,5.139501310159518,500
DARC,36.52833152931066,500
VNCD_MDD,0.1364194445039762,500
M3SDA_Reg,0.1241683944041617,500
CMSS_Reg,0.1034180958906128,500
XGBoost_Target_Only,0.1091688647501406,100
KRR_Target_Only,29.93050623886569,100
NN_Target_Only,21.599721054232223,100
XGBoost_Pool,0.0993533834985217,100
KRR_Pool,1.5901856774300012,100
NN_Pool,5.629079873487382,100
XGBoost_TLCQM,0.118324301534327,100
KRR_TLCQM,1.6805929205387549,100
NN_TLCQM,0.1393826210402148,100
XGBoost_Target_Only,0.101003810980675,200
KRR_Target_Only,19.299646237503016,200
NN_Target_Only,20.85123788779902,200
XGBoost_Pool,0.0977903116323986,200
KRR_Pool,1.572326338445663,200
NN_Pool,3.5216933420308565,200
XGBoost_TLCQM,0.1108603399024191,200
KRR_TLCQM,1.6773672387588807,200
NN_TLCQM,0.1752146217197232,200
XGBoost_Target_Only,0.0961854979571407,300
KRR_Target_Only,14.14491552070998,300
NN_Target_Only,6.6910746658708256,300
XGBoost_Pool,0.0975394362509,300
KRR_Pool,1.53789264871073,300
NN_Pool,5.5371069484430775,300
XGBoost_TLCQM,0.1064107890186799,300
KRR_TLCQM,1.6425382664871109,300
NN_TLCQM,0.1674540983545772,300
XGBoost_Target_Only,0.0978663898040669,500
KRR_Target_Only,8.830865316878985,500
NN_Target_Only,1.053865650453106,500
XGBoost_Pool,0.0970132298082449,500
KRR_Pool,1.4727558658979525,500
NN_Pool,3.4918001358699597,500
XGBoost_TLCQM,0.1048668961840382,500
KRR_TLCQM,1.579422865504349,500
NN_TLCQM,0.1418800361867221,500
TKRR,1.8407100726408647,100
CDAR,5.915653687216852,100
DARC,19.02118479175072,100
VNCD_MDD,0.1631606832652475,100
M3SDA_Reg,0.1176120066825097,100
CMSS_Reg,0.1092183346037131,100
TKRR,1.8460535645470533,200
CDAR,5.679841759607336,200
DARC,36.74169301872855,200
VNCD_MDD,0.1406317363731795,200
M3SDA_Reg,0.1179700004610907,200
CMSS_Reg,0.109133798502165,200
TKRR,1.8704534217637852,300
CDAR,5.597395284218727,300
DARC,13.906704412721677,300
VNCD_MDD,0.1555248153169943,300
M3SDA_Reg,0.1207143638314335,300
CMSS_Reg,0.1058595670889592,300
TKRR,1.7656030700476213,500
CDAR,5.613214917652977,500
DARC,38.30655108875055,500
VNCD_MDD,0.1514622052177556,500
M3SDA_Reg,0.123675884183386,500
CMSS_Reg,0.104368140690063,500
XGBoost_Target_Only,0.1534055848897839,100
KRR_Target_Only,29.810419964975097,100
NN_Target_Only,21.57257158583792,100
XGBoost_Pool,0.1011583413803167,100
KRR_Pool,1.5854282098158885,100
NN_Pool,5.714216920674459,100
XGBoost_TLCQM,0.1229198909903082,100
KRR_TLCQM,1.690927513875614,100
NN_TLCQM,0.1280653998333396,100
XGBoost_Target_Only,0.1104259136289398,200
KRR_Target_Only,19.580113205130885,200
NN_Target_Only,22.589055326869897,200
XGBoost_Pool,0.1014377723321539,200
KRR_Pool,1.5686679188335402,200
NN_Pool,3.6764346076625625,200
XGBoost_TLCQM,0.1095002421627708,200
KRR_TLCQM,1.6693527113097797,200
NN_TLCQM,0.1371858816809889,200
XGBoost_Target_Only,0.1028358757555779,300
KRR_Target_Only,15.69570985404594,300
NN_Target_Only,6.30005112494342,300
XGBoost_Pool,0.0964658127669376,300
KRR_Pool,1.543983490679944,300
NN_Pool,3.3306034987427693,300
XGBoost_TLCQM,0.1090257849062866,300
KRR_TLCQM,1.6353514472114183,300
NN_TLCQM,0.1164023247785358,300
XGBoost_Target_Only,0.0944070576618807,500
KRR_Target_Only,10.08515471166064,500
NN_Target_Only,0.2091016955339636,500
XGBoost_Pool,0.0955448612910287,500
KRR_Pool,1.4934238330752878,500
NN_Pool,3.7336374644288695,500
XGBoost_TLCQM,0.103760389513278,500
KRR_TLCQM,1.589747527729105,500
NN_TLCQM,0.2118374803648368,500
TKRR,1.8772074974589992,100
CDAR,5.289130389873994,100
DARC,31.020926925410823,100
VNCD_MDD,0.1649120664963713,100
M3SDA_Reg,0.1172408583315975,100
CMSS_Reg,0.1144274198700218,100
TKRR,1.8344597558619544,200
CDAR,5.33607039717795,200
DARC,34.08706744919731,200
VNCD_MDD,0.1480660748369683,200
M3SDA_Reg,0.1189622330291101,200
CMSS_Reg,0.1205927147360981,200
TKRR,1.8045603739636689,300
CDAR,5.349953376584333,300
DARC,36.71383190252991,300
VNCD_MDD,0.1337989597349506,300
M3SDA_Reg,0.1124904513078262,300
CMSS_Reg,0.1111218956169431,300
TKRR,1.822517920237012,500
CDAR,5.358083398870461,500
DARC,33.634283623219524,500
VNCD_MDD,0.123517535591329,500
M3SDA_Reg,0.1148633960638413,500
CMSS_Reg,0.1089775224404723,500
XGBoost_Target_Only,0.1226778407666449,100
KRR_Target_Only,29.894859782641696,100
NN_Target_Only,23.64007118825509,100
XGBoost_Pool,0.0999096636336818,100
KRR_Pool,1.61294203555608,100
NN_Pool,3.4488939485082786,100
XGBoost_TLCQM,0.1078524816221693,100
KRR_TLCQM,1.718325977143083,100
NN_TLCQM,0.1109437016725717,100
XGBoost_Target_Only,0.1062858504040135,200
KRR_Target_Only,20.078183573581743,200
NN_Target_Only,22.59959787225341,200
XGBoost_Pool,0.0987596418836614,200
KRR_Pool,1.535447400068595,200
NN_Pool,3.96490603532808,200
XGBoost_TLCQM,0.1009010023516913,200
KRR_TLCQM,1.6273830533287952,200
NN_TLCQM,0.1229427497341981,200
XGBoost_Target_Only,0.1029322850360807,300
KRR_Target_Only,14.531086396134128,300
NN_Target_Only,0.3329314929825596,300
XGBoost_Pool,0.0992419446444914,300
KRR_Pool,1.5486673594016116,300
NN_Pool,3.48305015377803,300
XGBoost_TLCQM,0.1041412162941671,300
KRR_TLCQM,1.6427557791292384,300
NN_TLCQM,0.1430211513736446,300
XGBoost_Target_Only,0.0955131821260509,500
KRR_Target_Only,9.574969839544714,500
NN_Target_Only,0.6377661234972513,500
XGBoost_Pool,0.0968067381637007,500
KRR_Pool,1.4652039819377427,500
NN_Pool,4.660833707449607,500
XGBoost_TLCQM,0.1015779080048283,500
KRR_TLCQM,1.5666980084196978,500
NN_TLCQM,0.2339367629926425,500
TKRR,1.8907597923146149,100
CDAR,5.53067255990366,100
DARC,31.679346451979924,100
VNCD_MDD,0.1635251151335284,100
M3SDA_Reg,0.1148065944390195,100
CMSS_Reg,0.1150143683815106,100
TKRR,1.8340378746885977,200
CDAR,5.52074123698646,200
DARC,20.56823647578349,200
VNCD_MDD,0.1514581276663662,200
M3SDA_Reg,0.1191269018288635,200
CMSS_Reg,0.1117558407125722,200
TKRR,1.9834098718009123,300
CDAR,5.625374562384246,300
DARC,20.931442456601367,300
VNCD_MDD,0.128769716337898,300
M3SDA_Reg,0.1201935890109713,300
CMSS_Reg,0.1113224006932033,300
TKRR,1.7824192143067286,500
CDAR,5.506148397795642,500
DARC,20.8645839480376,500
VNCD_MDD,0.127279061202176,500
M3SDA_Reg,0.1207463101844905,500
CMSS_Reg,0.1085483209251723,500
XGBoost_Target_Only,0.1241561114023427,100
KRR_Target_Only,32.71836576344022,100
NN_Target_Only,27.35136107524603,100
XGBoost_Pool,0.100224887239599,100
KRR_Pool,1.5983797929369217,100
NN_Pool,5.622922389806529,100
XGBoost_TLCQM,0.1115867857786886,100
KRR_TLCQM,1.7179685946048897,100
NN_TLCQM,0.1989522312914938,100
XGBoost_Target_Only,0.1019336882270393,200
KRR_Target_Only,21.5752883764774,200
NN_Target_Only,25.067440377378635,200
XGBoost_Pool,0.0985959162592483,200
KRR_Pool,1.5607972008390167,200
NN_Pool,3.276865915114552,200
XGBoost_TLCQM,0.1118177865631971,200
KRR_TLCQM,1.6762065404268562,200
NN_TLCQM,0.1122376009277945,200
XGBoost_Target_Only,0.0990110808627505,300
KRR_Target_Only,15.823273818810826,300
NN_Target_Only,6.220896240431268,300
XGBoost_Pool,0.0959116910657904,300
KRR_Pool,1.4916644099752434,300
NN_Pool,2.449416649110048,300
XGBoost_TLCQM,0.1065928891922801,300
KRR_TLCQM,1.595429051345523,300
NN_TLCQM,0.1291346974833584,300
XGBoost_Target_Only,0.0945257465912276,500
KRR_Target_Only,10.107658960129688,500
NN_Target_Only,0.1909725536055383,500
XGBoost_Pool,0.0948050146335718,500
KRR_Pool,1.4157673970004396,500
NN_Pool,3.405471601040749,500
XGBoost_TLCQM,0.1044722913979881,500
KRR_TLCQM,1.5063768571418972,500
NN_TLCQM,0.1245013037985294,500
TKRR,1.9565435782669227,100
CDAR,5.811876652693269,100
DARC,36.82835651574842,100
VNCD_MDD,0.1799523991435456,100
M3SDA_Reg,0.1176170498514451,100
CMSS_Reg,0.1146816047139797,100
TKRR,1.820456479362755,200
CDAR,5.4325290080762425,200
DARC,28.614010694009806,200
VNCD_MDD,0.1543409080308708,200
M3SDA_Reg,0.119539075162389,200
CMSS_Reg,0.116396167697476,200
TKRR,1.7753795963968644,300
CDAR,5.351603630403239,300
DARC,28.32066132171696,300
VNCD_MDD,0.1475503206727844,300
M3SDA_Reg,0.118905580379869,300
CMSS_Reg,0.1065217488934551,300
TKRR,1.75360192884258,500
CDAR,5.300347574137736,500
DARC,28.62000187293826,500
VNCD_MDD,0.1402947680852098,500
M3SDA_Reg,0.1117121642974646,500
CMSS_Reg,0.1033566608913066,500
XGBoost_Target_Only,0.1193483481801898,100
KRR_Target_Only,29.344534464913377,100
NN_Target_Only,20.482621663467423,100
XGBoost_Pool,0.1009345580633458,100
KRR_Pool,1.6316360477944734,100
NN_Pool,5.343762962066155,100
XGBoost_TLCQM,0.1071958791806984,100
KRR_TLCQM,1.747271447982557,100
NN_TLCQM,0.1110756127501057,100
XGBoost_Target_Only,0.1189837233696025,200
KRR_Target_Only,19.101478411449506,200
NN_Target_Only,20.0518312484861,200
XGBoost_Pool,0.0992897656070487,200
KRR_Pool,1.6195511431323626,200
NN_Pool,3.329541482952601,200
XGBoost_TLCQM,0.1025104284505571,200
KRR_TLCQM,1.7285815015796688,200
NN_TLCQM,0.1057545419129192,200
XGBoost_Target_Only,0.1173830186564623,300
KRR_Target_Only,13.462834975413768,300
NN_Target_Only,6.608102114278664,300
XGBoost_Pool,0.0976258242041009,300
KRR_Pool,1.6115649686040954,300
NN_Pool,3.3051129088483213,300
XGBoost_TLCQM,0.1002325461620758,300
KRR_TLCQM,1.7238615419270822,300
NN_TLCQM,0.1030734327720656,300
XGBoost_Target_Only,0.0996455544640638,500
KRR_Target_Only,9.036315658271224,500
NN_Target_Only,0.2150942309145037,500
XGBoost_Pool,0.097683407095765,500
KRR_Pool,1.471349594742024,500
NN_Pool,3.6154084464108793,500
XGBoost_TLCQM,0.1009460336412467,500
KRR_TLCQM,1.56915850298403,500
NN_TLCQM,0.1413512176328002,500
TKRR,2.1844871978178704,100
CDAR,5.805527105940142,100
DARC,32.707392193119546,100
VNCD_MDD,0.2043283316354469,100
M3SDA_Reg,0.1102472388198295,100
CMSS_Reg,0.118383894766592,100
TKRR,1.984091152260795,200
CDAR,5.415661057996115,200
DARC,33.218734325007844,200
VNCD_MDD,0.1641172546427117,200
M3SDA_Reg,0.1126408625086746,200
CMSS_Reg,0.1163973201940469,200
TKRR,1.896621238629101,300
CDAR,5.375959043289934,300
DARC,33.328916375004034,300
VNCD_MDD,0.1610643081590795,300
M3SDA_Reg,0.1130873254244112,300
CMSS_Reg,0.1140417097837457,300
TKRR,2.0068774104249085,500
CDAR,5.247577456671429,500
DARC,32.83037831347658,500
VNCD_MDD,0.1571949947375158,500
M3SDA_Reg,0.1193074598260775,500
CMSS_Reg,0.1096497287614464,500
XGBoost_Target_Only,0.1175855857932235,100
KRR_Target_Only,28.98916410191157,100
NN_Target_Only,22.62140374034685,100
XGBoost_Pool,0.1014190317309693,100
KRR_Pool,1.5445123794953688,100
NN_Pool,5.206709823859126,100
XGBoost_TLCQM,0.1050397227258318,100
KRR_TLCQM,1.6456788258303034,100
NN_TLCQM,0.1156519207287932,100
XGBoost_Target_Only,0.1131296244490913,200
KRR_Target_Only,19.937895243408438,200
NN_Target_Only,24.965859405274024,200
XGBoost_Pool,0.100830766240785,200
KRR_Pool,1.4724782003538812,200
NN_Pool,3.492547041808716,200
XGBoost_TLCQM,0.1056860115227824,200
KRR_TLCQM,1.5927808862327306,200
NN_TLCQM,0.1044641566844727,200
XGBoost_Target_Only,0.1034613499930617,300
KRR_Target_Only,14.429358005712515,300
NN_Target_Only,1.3238887324994535,300
XGBoost_Pool,0.1003175011623799,300
KRR_Pool,1.4851152995732606,300
NN_Pool,3.879892480082385,300
XGBoost_TLCQM,0.1039169286125372,300
KRR_TLCQM,1.5972840502219003,300
NN_TLCQM,0.1037503398797646,300
XGBoost_Target_Only,0.0985479436254099,500
KRR_Target_Only,8.654649814623804,500
NN_Target_Only,0.4730761965638987,500
XGBoost_Pool,0.0982774799318913,500
KRR_Pool,1.44588177920781,500
NN_Pool,2.931645405239063,500
XGBoost_TLCQM,0.1060102883210047,500
KRR_TLCQM,1.5658753321975292,500
NN_TLCQM,0.1504775352268348,500
TKRR,1.834383059759904,100
CDAR,5.2713721869241095,100
DARC,24.265962794860723,100
VNCD_MDD,0.1977225260597472,100
M3SDA_Reg,0.1123521709441691,100
CMSS_Reg,0.1150015391149672,100
TKRR,1.7857467443994133,200
CDAR,6.087226658920921,200
DARC,27.04764503685977,200
VNCD_MDD,0.1460373823636193,200
M3SDA_Reg,0.1186415002200236,200
CMSS_Reg,0.1123112077683489,200
TKRR,1.7968917598973575,300
CDAR,6.004893179948609,300
DARC,27.61447286410368,300
VNCD_MDD,0.1496964802441433,300
M3SDA_Reg,0.119908831642018,300
CMSS_Reg,0.1102010700117348,300
TKRR,1.8091874315927627,500
CDAR,6.09343275252789,500
DARC,29.23771806022877,500
VNCD_MDD,0.137092850392741,500
M3SDA_Reg,0.1201164351292858,500
CMSS_Reg,0.1072601313587731,500
XGBoost_Target_Only,0.1141962885667721,100
KRR_Target_Only,28.773864187459505,100
NN_Target_Only,19.97795878699639,100
XGBoost_Pool,0.0990830985220954,100
KRR_Pool,1.6364703728968164,100
NN_Pool,3.5462208872629684,100
XGBoost_TLCQM,0.1148732310523754,100
KRR_TLCQM,1.7698256407361337,100
NN_TLCQM,0.1430461580395977,100
XGBoost_Target_Only,0.1039234465585427,200
KRR_Target_Only,19.41911440450742,200
NN_Target_Only,21.259291876061123,200
XGBoost_Pool,0.0978796842844955,200
KRR_Pool,1.6370932857264318,200
NN_Pool,3.441696306191826,200
XGBoost_TLCQM,0.101415688432609,200
KRR_TLCQM,1.7414078115729783,200
NN_TLCQM,0.1014793366178199,200
XGBoost_Target_Only,0.1004280373224572,300
KRR_Target_Only,14.661239924062585,300
NN_Target_Only,0.2792165993655328,300
XGBoost_Pool,0.0974870089932864,300
KRR_Pool,1.6478482165994388,300
NN_Pool,6.117834331946457,300
XGBoost_TLCQM,0.0988840496743969,300
KRR_TLCQM,1.7495141084402408,300
NN_TLCQM,0.1030961006804102,300
XGBoost_Target_Only,0.0936348116233611,500
KRR_Target_Only,8.452413897678511,500
NN_Target_Only,0.2728401607757075,500
XGBoost_Pool,0.0938168308952271,500
KRR_Pool,1.429911752189915,500
NN_Pool,3.1124722933212823,500
XGBoost_TLCQM,0.1062533474216606,500
KRR_TLCQM,1.5192432940469205,500
NN_TLCQM,0.1465923946568514,500
TKRR,2.078924173699753,100
CDAR,5.807663667459298,100
DARC,25.56692402698752,100
VNCD_MDD,0.1772761479079984,100
M3SDA_Reg,0.1123930596203502,100
CMSS_Reg,0.1202563135747443,100
TKRR,2.0718188826636,200
CDAR,6.132694382412768,200
DARC,28.7623697288692,200
VNCD_MDD,0.1414654160142751,200
M3SDA_Reg,0.1161459268721602,200
CMSS_Reg,0.1143275954537387,200
TKRR,1.9026345451730455,300
CDAR,6.204433919167419,300
DARC,28.83333261329061,300
VNCD_MDD,0.1232475450376993,300
M3SDA_Reg,0.1146262681924629,300
CMSS_Reg,0.1111036012878691,300
TKRR,1.7326306952600028,500
CDAR,6.120621882981275,500
DARC,29.065322458498656,500
VNCD_MDD,0.1168216948096996,500
M3SDA_Reg,0.1163044755377708,500
CMSS_Reg,0.1055634772203994,500
XGBoost_Target_Only,0.1216520295542789,100
KRR_Target_Only,28.79410001413265,100
NN_Target_Only,26.66962949632644,100
XGBoost_Pool,0.1017650532469027,100
KRR_Pool,1.5786350058063356,100
NN_Pool,5.5567242507605785,100
XGBoost_TLCQM,0.117257825673564,100
KRR_TLCQM,1.73807768066169,100
NN_TLCQM,0.1122712197785539,100
XGBoost_Target_Only,0.1089503546884173,200
KRR_Target_Only,17.810523560743626,200
NN_Target_Only,26.77389625773405,200
XGBoost_Pool,0.1010726643006953,200
KRR_Pool,1.5253028172107823,200
NN_Pool,3.372657399014404,200
XGBoost_TLCQM,0.1101631296583161,200
KRR_TLCQM,1.659611915141865,200
NN_TLCQM,0.1189925869003106,200
XGBoost_Target_Only,0.1046140577315087,300
KRR_Target_Only,13.806974474159007,300
NN_Target_Only,1.4721632915272986,300
XGBoost_Pool,0.0980897222080606,300
KRR_Pool,1.5268180974368577,300
NN_Pool,2.7793074857128586,300
XGBoost_TLCQM,0.1028410838465766,300
KRR_TLCQM,1.651154980774301,300
NN_TLCQM,0.1202980744247753,300
XGBoost_Target_Only,0.0952009650412586,500
KRR_Target_Only,8.987434982436627,500
NN_Target_Only,0.3185400803392922,500
XGBoost_Pool,0.0972539378487447,500
KRR_Pool,1.3669672185113553,500
NN_Pool,2.8015008328317337,500
XGBoost_TLCQM,0.0992424210988741,500
KRR_TLCQM,1.4624863415824043,500
NN_TLCQM,0.1209903881779739,500
TKRR,1.8793374610542448,100
CDAR,5.537147315291278,100
DARC,40.145967728008166,100
VNCD_MDD,0.1722500853089867,100
M3SDA_Reg,0.1186084179228281,100
CMSS_Reg,0.1215983973808595,100
TKRR,1.9165507155792567,200
CDAR,6.424352349426592,200
DARC,45.711694848168015,200
VNCD_MDD,0.1635691774299388,200
M3SDA_Reg,0.1216821261856484,200
CMSS_Reg,0.1160643615292446,200
TKRR,1.9631321494895624,300
CDAR,6.224005388907141,300
DARC,41.73526463740821,300
VNCD_MDD,0.1436426851882044,300
M3SDA_Reg,0.122325464289576,300
CMSS_Reg,0.1129558548236329,300
TKRR,1.7264125507330152,500
CDAR,6.106351985053132,500
DARC,42.88552507302391,500
VNCD_MDD,0.1342248888042727,500
M3SDA_Reg,0.1254134051029769,500
CMSS_Reg,0.1079048931335652,500
XGBoost_Target_Only,0.1126407663623774,100
KRR_Target_Only,29.48815806873389,100
NN_Target_Only,24.05377971010331,100
XGBoost_Pool,0.1021984300109206,100
KRR_Pool,1.6517214712394213,100
NN_Pool,3.384813800939627,100
XGBoost_TLCQM,0.1096098938575744,100
KRR_TLCQM,1.8043567054851684,100
NN_TLCQM,0.1200422141208418,100
XGBoost_Target_Only,0.1030075900941262,200
KRR_Target_Only,19.877104945202888,200
NN_Target_Only,22.191426930112996,200
XGBoost_Pool,0.0996683096376079,200
KRR_Pool,1.629769905616376,200
NN_Pool,3.3913810389986265,200
XGBoost_TLCQM,0.1057916740201444,200
KRR_TLCQM,1.7524818686314385,200
NN_TLCQM,0.2618129133829141,200
XGBoost_Target_Only,0.0962604559047781,300
KRR_Target_Only,15.097542714965636,300
NN_Target_Only,8.13572742200459,300
XGBoost_Pool,0.0987728851055217,300
KRR_Pool,1.6286683982326742,300
NN_Pool,5.943227774054529,300
XGBoost_TLCQM,0.1067674352318654,300
KRR_TLCQM,1.7622387237344674,300
NN_TLCQM,0.1132447159598736,300
XGBoost_Target_Only,0.0968486595258481,500
KRR_Target_Only,9.105022163891649,500
NN_Target_Only,0.1991483128746151,500
XGBoost_Pool,0.0987562767930128,500
KRR_Pool,1.633032604946987,500
NN_Pool,3.600418803638674,500
XGBoost_TLCQM,0.1024974459377996,500
KRR_TLCQM,1.756312419389745,500
NN_TLCQM,0.1049659254971815,500
TKRR,1.906728216975056,100
CDAR,5.139463414879493,100
DARC,35.95954543370451,100
VNCD_MDD,0.1706684165646172,100
M3SDA_Reg,0.1194748302317388,100
CMSS_Reg,0.1153694254092011,100
TKRR,2.071930771990137,200
CDAR,6.304437669639062,200
DARC,25.87816497545946,200
VNCD_MDD,0.1423467081871156,200
M3SDA_Reg,0.1210365592310313,200
CMSS_Reg,0.1066459724404806,200
TKRR,1.8980502224387596,300
CDAR,6.340873682737948,300
DARC,23.510558853789504,300
VNCD_MDD,0.147538851543939,300
M3SDA_Reg,0.1177443721064828,300
CMSS_Reg,0.1036030303583659,300
TKRR,1.9038496429276297,500
CDAR,6.421334798796177,500
DARC,26.05334568352456,500
VNCD_MDD,0.1453254952794205,500
M3SDA_Reg,0.1194085102779888,500
CMSS_Reg,0.1018538840812004,500
XGBoost_Target_Only,0.1166006665191464,100
KRR_Target_Only,29.52459167028737,100
NN_Target_Only,20.548499141401876,100
XGBoost_Pool,0.100561659731001,100
KRR_Pool,1.59955203134252,100
NN_Pool,5.7392576068707495,100
XGBoost_TLCQM,0.1091365638719677,100
KRR_TLCQM,1.7088007544960002,100
NN_TLCQM,0.132741299960037,100
XGBoost_Target_Only,0.0991834193672328,200
KRR_Target_Only,20.205144164780968,200
NN_Target_Only,20.59476548372608,200
XGBoost_Pool,0.09992666800876,200
KRR_Pool,1.584252647298534,200
NN_Pool,3.1863354004517865,200
XGBoost_TLCQM,0.1083831030030048,200
KRR_TLCQM,1.6950049189445395,200
NN_TLCQM,0.1140620200295164,200
XGBoost_Target_Only,0.094584673867177,300
KRR_Target_Only,13.945510296652916,300
NN_Target_Only,6.762070049821326,300
XGBoost_Pool,0.0974492744446808,300
KRR_Pool,1.533427513561355,300
NN_Pool,3.2970402809119235,300
XGBoost_TLCQM,0.1077276878024647,300
KRR_TLCQM,1.6228957292870647,300
NN_TLCQM,0.147561808862967,300
XGBoost_Target_Only,0.0983157449764929,500
KRR_Target_Only,8.696568247990884,500
NN_Target_Only,0.228122825614985,500
XGBoost_Pool,0.0966573794082722,500
KRR_Pool,1.4007470890895335,500
NN_Pool,3.556234617486309,500
XGBoost_TLCQM,0.1047085434542646,500
KRR_TLCQM,1.4921805582877563,500
NN_TLCQM,0.1156250207566291,500
TKRR,1.8917374944701493,100
CDAR,5.307834994274617,100
DARC,24.86935749143382,100
VNCD_MDD,0.1667559893206504,100
M3SDA_Reg,0.1198286754863775,100
CMSS_Reg,0.1169593525813646,100
TKRR,1.8639807027345208,200
CDAR,6.286844434491225,200
DARC,31.91808751454873,200
VNCD_MDD,0.1434763784273087,200
M3SDA_Reg,0.1141504087784619,200
CMSS_Reg,0.1078699077438608,200
TKRR,1.861110738145227,300
CDAR,6.225029659338154,300
DARC,32.020426311926585,300
VNCD_MDD,0.1480254429079854,300
M3SDA_Reg,0.1120556220429851,300
CMSS_Reg,0.106468261793962,300
TKRR,1.7282647833111462,500
CDAR,6.191146347948781,500
DARC,31.86662134231942,500
VNCD_MDD,0.147895488015475,500
M3SDA_Reg,0.117312684555295,500
CMSS_Reg,0.1034453546185106,500
XGBoost_Target_Only,0.1426152406863855,100
KRR_Target_Only,29.42453209323679,100
NN_Target_Only,22.95918579041943,100
XGBoost_Pool,0.1003253154619691,100
KRR_Pool,1.6143676113070295,100
NN_Pool,5.421575598799252,100
XGBoost_TLCQM,0.1111826090291321,100
KRR_TLCQM,1.704425169230749,100
NN_TLCQM,0.1146981540434292,100
XGBoost_Target_Only,0.1078461680168579,200
KRR_Target_Only,19.90132761851397,200
NN_Target_Only,21.879370254803828,200
XGBoost_Pool,0.1011794359675326,200
KRR_Pool,1.5508407645370623,200
NN_Pool,4.956684941480969,200
XGBoost_TLCQM,0.1117570244645853,200
KRR_TLCQM,1.6427630998031204,200
NN_TLCQM,0.1280402030034675,200
XGBoost_Target_Only,0.101703931216668,300
KRR_Target_Only,14.40190274849988,300
NN_Target_Only,1.2751086795490807,300
XGBoost_Pool,0.0997510906396205,300
KRR_Pool,1.4988332191293072,300
NN_Pool,3.2374065023750624,300
XGBoost_TLCQM,0.1101609360246547,300
KRR_TLCQM,1.5825606342944245,300
NN_TLCQM,0.1627482972886226,300
XGBoost_Target_Only,0.0957743113747309,500
KRR_Target_Only,8.40877151655658,500
NN_Target_Only,0.3386669996041186,500
XGBoost_Pool,0.0974211327347517,500
KRR_Pool,1.4182235758727118,500
NN_Pool,3.295009643928446,500
XGBoost_TLCQM,0.1060010336987131,500
KRR_TLCQM,1.513662065947902,500
NN_TLCQM,0.1165846554595597,500
TKRR,1.8751130082832328,100
CDAR,5.33217087460686,100
DARC,34.58937006128669,100
VNCD_MDD,0.1699155969776944,100
M3SDA_Reg,0.1106734593390596,100
CMSS_Reg,0.1127510940768231,100
TKRR,1.821174223480626,200
CDAR,5.4338113579040535,200
DARC,18.45812143444052,200
VNCD_MDD,0.145430931227957,200
M3SDA_Reg,0.1120055691090183,200
CMSS_Reg,0.110033398533252,200
TKRR,1.810232625718891,300
CDAR,5.40736743287968,300
DARC,35.121834915647284,300
VNCD_MDD,0.134058894711124,300
M3SDA_Reg,0.1154964632510586,300
CMSS_Reg,0.1083729708087098,300
TKRR,1.7027025240973472,500
CDAR,5.382179148757484,500
DARC,37.02625539504246,500
VNCD_MDD,0.121773624546492,500
M3SDA_Reg,0.1152784973188948,500
CMSS_Reg,0.0991025590711085,500
XGBoost_Target_Only,0.1234671243407328,100
KRR_Target_Only,32.48386065806108,100
NN_Target_Only,23.906217233154617,100
XGBoost_Pool,0.1019776364670222,100
KRR_Pool,1.54408678408118,100
NN_Pool,5.273944670903327,100
XGBoost_TLCQM,0.1049898393318673,100
KRR_TLCQM,1.6433739097333633,100
NN_TLCQM,0.1076094577874133,100
XGBoost_Target_Only,0.1103922916373211,200
KRR_Target_Only,20.123363034967124,200
NN_Target_Only,22.771115240323837,200
XGBoost_Pool,0.0995927133490778,200
KRR_Pool,1.5262718593589473,200
NN_Pool,3.1719689686482297,200
XGBoost_TLCQM,0.1070836728384915,200
KRR_TLCQM,1.6149770017424132,200
NN_TLCQM,0.2404234903943798,200
XGBoost_Target_Only,0.093299154774932,300
KRR_Target_Only,13.938396125208897,300
NN_Target_Only,6.277722016611293,300
XGBoost_Pool,0.0979084544970708,300
KRR_Pool,1.5366903576188886,300
NN_Pool,3.2108173559576176,300
XGBoost_TLCQM,0.1122854764022468,300
KRR_TLCQM,1.6300581066255395,300
NN_TLCQM,0.2988499408024751,300
XGBoost_Target_Only,0.0930032894301641,500
KRR_Target_Only,8.524072029287323,500
NN_Target_Only,0.2037560030651346,500
XGBoost_Pool,0.0954070198311819,500
KRR_Pool,1.4290151084759446,500
NN_Pool,4.417866822743331,500
XGBoost_TLCQM,0.1014990955066598,500
KRR_TLCQM,1.5139970277262718,500
NN_TLCQM,0.1118922704012811,500
TKRR,1.909937983897445,100
CDAR,6.033822805490751,100
DARC,36.23383376175945,100
VNCD_MDD,0.1676824173841528,100
M3SDA_Reg,0.1393896539613594,100
CMSS_Reg,0.122764560479747,100
TKRR,1.779701101114674,200
CDAR,5.754770936154845,200
DARC,38.019438798063305,200
VNCD_MDD,0.1880792003694621,200
M3SDA_Reg,0.122770364359067,200
CMSS_Reg,0.1148537920625812,200
TKRR,1.7869062780634968,300
CDAR,5.802382287941867,300
DARC,37.37593855714203,300
VNCD_MDD,0.1643241445030292,300
M3SDA_Reg,0.1164562342555749,300
CMSS_Reg,0.1050212949875566,300
TKRR,1.7503359568394965,500
CDAR,5.7541888362510445,500
DARC,39.350342850411145,500
VNCD_MDD,0.1459754912728017,500
M3SDA_Reg,0.1290671985306229,500
CMSS_Reg,0.1039675441624851,500
XGBoost_Target_Only,0.1099442581207016,100
KRR_Target_Only,28.69152753485927,100
NN_Target_Only,18.68803237389249,100
XGBoost_Pool,0.0980487695833853,100
KRR_Pool,1.5990554903092953,100
NN_Pool,3.38665570656379,100
XGBoost_TLCQM,0.1013941928729902,100
KRR_TLCQM,1.7067520275689871,100
NN_TLCQM,0.1266294368354258,100
XGBoost_Target_Only,0.0979792622038977,200
KRR_Target_Only,18.72689890768452,200
NN_Target_Only,20.10673171176995,200
XGBoost_Pool,0.098386662419953,200
KRR_Pool,1.5300761391444602,200
NN_Pool,3.430826008881247,200
XGBoost_TLCQM,0.1016437751240936,200
KRR_TLCQM,1.6272617820800033,200
NN_TLCQM,0.1012804366099119,200
XGBoost_Target_Only,0.0944908379119145,300
KRR_Target_Only,13.58312828721341,300
NN_Target_Only,6.794321351784543,300
XGBoost_Pool,0.0989618897883682,300
KRR_Pool,1.5294079268316758,300
NN_Pool,3.032299838114477,300
XGBoost_TLCQM,0.0991659537305743,300
KRR_TLCQM,1.613089421527241,300
NN_TLCQM,0.214254306935681,300
XGBoost_Target_Only,0.0936632954544871,500
KRR_Target_Only,9.191640390945205,500
NN_Target_Only,0.3189070807534647,500
XGBoost_Pool,0.0963443240036554,500
KRR_Pool,1.498013385432381,500
NN_Pool,3.0399346744527493,500
XGBoost_TLCQM,0.0995674212631341,500
KRR_TLCQM,1.591032561153933,500
NN_TLCQM,0.108620969888453,500
TKRR,2.2372944085260453,100
CDAR,5.827106327241033,100
DARC,33.0911559832616,100
VNCD_MDD,0.185130605080228,100
M3SDA_Reg,0.112369467622995,100
CMSS_Reg,0.1183554475148557,100
TKRR,1.877689920411588,200
CDAR,5.755981181083385,200
DARC,32.995357458077855,200
VNCD_MDD,0.1612443933835171,200
M3SDA_Reg,0.1134819004029744,200
CMSS_Reg,0.1156086115947738,200
TKRR,1.8133243041112392,300
CDAR,5.6534998556602,300
DARC,31.69244031832429,300
VNCD_MDD,0.1361995824727007,300
M3SDA_Reg,0.1138920655940726,300
CMSS_Reg,0.1043375332812291,300
TKRR,1.8618812004818213,500
CDAR,5.615664277598123,500
DARC,32.07123680010285,500
VNCD_MDD,0.1426299080889781,500
M3SDA_Reg,0.1162011006907281,500
CMSS_Reg,0.1011942312866264,500
XGBoost_Target_Only,0.1109644493446317,100
KRR_Target_Only,30.74836040149468,100
NN_Target_Only,25.059615131973622,100
XGBoost_Pool,0.1033764852614229,100
KRR_Pool,1.5587748667789254,100
NN_Pool,5.097376958572898,100
XGBoost_TLCQM,0.1055410898044869,100
KRR_TLCQM,1.649492168486726,100
NN_TLCQM,0.137004350992645,100
XGBoost_Target_Only,0.1002580968952167,200
KRR_Target_Only,20.85254207514767,200
NN_Target_Only,22.12347220537093,200
XGBoost_Pool,0.1025585854394706,200
KRR_Pool,1.553044561854568,200
NN_Pool,3.617563199588737,200
XGBoost_TLCQM,0.1056629873477668,200
KRR_TLCQM,1.654366647096482,200
NN_TLCQM,0.3819618948533843,200
XGBoost_Target_Only,0.1011805285652677,300
KRR_Target_Only,15.099289876992366,300
NN_Target_Only,6.291444706129859,300
XGBoost_Pool,0.100425479225119,300
KRR_Pool,1.5525413024800525,300
NN_Pool,3.872068332990143,300
XGBoost_TLCQM,0.1043683349384394,300
KRR_TLCQM,1.6361020130883197,300
NN_TLCQM,0.4549896632852857,300
XGBoost_Target_Only,0.0942059122996116,500
KRR_Target_Only,8.825278703564658,500
NN_Target_Only,0.317988083918114,500
XGBoost_Pool,0.0979454455834158,500
KRR_Pool,1.5434060078338545,500
NN_Pool,3.7499786540956346,500
XGBoost_TLCQM,0.1033806826426137,500
KRR_TLCQM,1.631724436515226,500
NN_TLCQM,0.1218745697257191,500
TKRR,2.004805919103592,100
CDAR,6.177582066669228,100
DARC,36.03418935893114,100
VNCD_MDD,0.183782422144692,100
M3SDA_Reg,0.1201431680223575,100
CMSS_Reg,0.1082799890280297,100
TKRR,1.977681202241976,200
CDAR,6.147375279253535,200
DARC,36.552163087314206,200
VNCD_MDD,0.1410833964480466,200
M3SDA_Reg,0.1164823711243592,200
CMSS_Reg,0.1123252601912842,200
TKRR,1.812172351939366,300
CDAR,6.240430336307509,300
DARC,36.39943388848842,300
VNCD_MDD,0.128037937184373,300
M3SDA_Reg,0.1134236864137633,300
CMSS_Reg,0.1088143770147716,300
TKRR,1.835143041975088,500
CDAR,6.334262342674709,500
DARC,33.15417227581273,500
VNCD_MDD,0.1278959328469731,500
M3SDA_Reg,0.1152915719352351,500
CMSS_Reg,0.0984229171634207,500
XGBoost_Target_Only,0.1157180481940461,100
KRR_Target_Only,30.282875937675115,100
NN_Target_Only,23.281502395506543,100
XGBoost_Pool,0.1044339428075322,100
KRR_Pool,1.6385021568297709,100
NN_Pool,5.440698637006619,100
XGBoost_TLCQM,0.1032050096508991,100
KRR_TLCQM,1.731964676695112,100
NN_TLCQM,0.1060001873959824,100
XGBoost_Target_Only,0.120299414987413,200
KRR_Target_Only,20.504476874371957,200
NN_Target_Only,24.11798466148573,200
XGBoost_Pool,0.0998775959749097,200
KRR_Pool,1.617908813765597,200
NN_Pool,3.554015007456828,200
XGBoost_TLCQM,0.1075989356953001,200
KRR_TLCQM,1.7029487966996406,200
NN_TLCQM,0.2177017385847396,200
XGBoost_Target_Only,0.1039506053882475,300
KRR_Target_Only,14.763124485877714,300
NN_Target_Only,0.485764654183515,300
XGBoost_Pool,0.097264425820057,300
KRR_Pool,1.5821772877991878,300
NN_Pool,6.081445912218896,300
XGBoost_TLCQM,0.1035670905929921,300
KRR_TLCQM,1.6809316384972983,300
NN_TLCQM,0.1147395244877571,300
XGBoost_Target_Only,0.0923851170841173,500
KRR_Target_Only,9.708994952246249,500
NN_Target_Only,1.954785577466794,500
XGBoost_Pool,0.0935900311613845,500
KRR_Pool,1.427972720884855,500
NN_Pool,3.68132577646038,500
XGBoost_TLCQM,0.1014458774493923,500
KRR_TLCQM,1.5254198095656233,500
NN_TLCQM,0.1308550858216143,500
TKRR,1.931935391743811,100
CDAR,5.190090549800546,100
DARC,31.353262016467315,100
VNCD_MDD,0.171066875876376,100
M3SDA_Reg,0.1191421440511679,100
CMSS_Reg,0.12170211421845,100
TKRR,1.887912732032753,200
CDAR,5.767521767716214,200
DARC,32.16669500704323,200
VNCD_MDD,0.1676830988845195,200
M3SDA_Reg,0.1125974290306703,200
CMSS_Reg,0.1221752913900107,200
TKRR,1.8534537866862533,300
CDAR,5.76140329666862,300
DARC,26.85904830622453,300
VNCD_MDD,0.1275378835402098,300
M3SDA_Reg,0.1098792663186374,300
CMSS_Reg,0.1103833238406627,300
TKRR,1.7994335663895862,500
CDAR,5.714930425919755,500
DARC,28.28592917603198,500
VNCD_MDD,0.1289022693796491,500
M3SDA_Reg,0.114787948212391,500
CMSS_Reg,0.1050504115993197,500
XGBoost_Target_Only,0.1066508406728091,100
KRR_Target_Only,29.269232980504064,100
NN_Target_Only,27.95324841066128,100
XGBoost_Pool,0.1018862527125484,100
KRR_Pool,1.590138944984428,100
NN_Pool,5.502643840099721,100
XGBoost_TLCQM,0.1033680377658413,100
KRR_TLCQM,1.6890456660206437,100
NN_TLCQM,0.1034242285685356,100
XGBoost_Target_Only,0.1114870984691873,200
KRR_Target_Only,19.15089403291591,200
NN_Target_Only,23.713362758505653,200
XGBoost_Pool,0.1000179991097629,200
KRR_Pool,1.579391848379852,200
NN_Pool,3.297995451227223,200
XGBoost_TLCQM,0.1028827826891969,200
KRR_TLCQM,1.6698181466423196,200
NN_TLCQM,0.1236172097414721,200
XGBoost_Target_Only,0.1087895528030158,300
KRR_Target_Only,14.732235530693076,300
NN_Target_Only,6.252379270314487,300
XGBoost_Pool,0.0994501526834154,300
KRR_Pool,1.5306396055020275,300
NN_Pool,3.280708467948991,300
XGBoost_TLCQM,0.1073421873068169,300
KRR_TLCQM,1.6221726212971377,300
NN_TLCQM,0.1091496388998684,300
XGBoost_Target_Only,0.0924542820918958,500
KRR_Target_Only,8.618477536889515,500
NN_Target_Only,0.2268125908131609,500
XGBoost_Pool,0.0967332984055683,500
KRR_Pool,1.5435311064149255,500
NN_Pool,3.4966088426262902,500
XGBoost_TLCQM,0.1038894165201679,500
KRR_TLCQM,1.6425322412508936,500
NN_TLCQM,0.1085892972229326,500
TKRR,1.8418982053701576,100
CDAR,6.689532896446676,100
DARC,28.81441033164088,100
VNCD_MDD,0.159942979143391,100
M3SDA_Reg,0.1174618451735629,100
CMSS_Reg,0.1072773102467433,100
TKRR,1.8512304647752764,200
CDAR,6.155599821575125,200
DARC,29.610206185706872,200
VNCD_MDD,0.1487501378472369,200
M3SDA_Reg,0.1235727770682045,200
CMSS_Reg,0.1080114360270686,200
TKRR,1.8726444920856384,300
CDAR,6.1477419897975,300
DARC,30.1063129061812,300
VNCD_MDD,0.1267270776850175,300
M3SDA_Reg,0.119252960284827,300
CMSS_Reg,0.1055391502029921,300
TKRR,1.845249968307273,500
CDAR,6.143231585541013,500
DARC,29.340362955772825,500
VNCD_MDD,0.116827769472917,500
M3SDA_Reg,0.1244478086925976,500
CMSS_Reg,0.0988136606527602,500
XGBoost_Target_Only,0.1123343334591379,100
KRR_Target_Only,29.603482034407133,100
NN_Target_Only,22.954226637800343,100
XGBoost_Pool,0.1003328004780053,100
KRR_Pool,1.5991547976889882,100
NN_Pool,3.1920958275243256,100
XGBoost_TLCQM,0.1117156116873341,100
KRR_TLCQM,1.6998275438908976,100
NN_TLCQM,0.8821741711908938,100
XGBoost_Target_Only,0.1005143688884766,200
KRR_Target_Only,19.704048510469573,200
NN_Target_Only,20.722363354889048,200
XGBoost_Pool,0.0993381003304447,200
KRR_Pool,1.5856894573411675,200
NN_Pool,3.223487843097716,200
XGBoost_TLCQM,0.10805090477125,200
KRR_TLCQM,1.69768122226448,200
NN_TLCQM,0.8653020046047954,200
XGBoost_Target_Only,0.1003617210561453,300
KRR_Target_Only,14.370445498420686,300
NN_Target_Only,6.710662121342419,300
XGBoost_Pool,0.0980542065774159,300
KRR_Pool,1.542122056618109,300
NN_Pool,4.033396453488622,300
XGBoost_TLCQM,0.10346501885317,300
KRR_TLCQM,1.652470732003899,300
NN_TLCQM,0.113465601192997,300
XGBoost_Target_Only,0.0958753214425728,500
KRR_Target_Only,9.577660741786651,500
NN_Target_Only,0.2916739021376887,500
XGBoost_Pool,0.0956709419888613,500
KRR_Pool,1.5329500588576483,500
NN_Pool,4.163262311124016,500
XGBoost_TLCQM,0.1038432511439904,500
KRR_TLCQM,1.627596387435872,500
NN_TLCQM,0.1153501396521632,500
TKRR,1.938480201943449,100
CDAR,5.349700173293273,100
DARC,28.500170012765405,100
VNCD_MDD,0.1423893447975194,100
M3SDA_Reg,0.1176481764515742,100
CMSS_Reg,0.113653749154438,100
TKRR,2.0574793590259346,200
CDAR,6.041173823537385,200
DARC,30.344344952173696,200
VNCD_MDD,0.1511227702241232,200
M3SDA_Reg,0.1225916466462114,200
CMSS_Reg,0.111724519639701,200
TKRR,1.8254748058279997,300
CDAR,5.990078425540077,300
DARC,30.302683223570565,300
VNCD_MDD,0.1503267265972583,300
M3SDA_Reg,0.1210328293452274,300
CMSS_Reg,0.1094428715980236,300
TKRR,1.8072741190419448,500
CDAR,6.008812987994695,500
DARC,30.584594004267963,500
VNCD_MDD,0.1328347071529335,500
M3SDA_Reg,0.1200456574814473,500
CMSS_Reg,0.1064244303566047,500
XGBoost_Target_Only,0.12831365333286,100
KRR_Target_Only,28.63044219381357,100
NN_Target_Only,20.62229560143825,100
XGBoost_Pool,0.1067066581762927,100
KRR_Pool,1.6338103820097414,100
NN_Pool,6.333376117169068,100
XGBoost_TLCQM,0.1083760705059766,100
KRR_TLCQM,1.7698132829359563,100
NN_TLCQM,0.1185231964945306,100
XGBoost_Target_Only,0.1161646011425067,200
KRR_Target_Only,19.61510851085765,200
NN_Target_Only,21.764363257022644,200
XGBoost_Pool,0.0997029805498527,200
KRR_Pool,1.5189977525353149,200
NN_Pool,3.34701639898478,200
XGBoost_TLCQM,0.1057622199015812,200
KRR_TLCQM,1.6226632669017658,200
NN_TLCQM,0.1252015515048157,200
XGBoost_Target_Only,0.1019318014555071,300
KRR_Target_Only,13.836702534811272,300
NN_Target_Only,0.7416605705642813,300
XGBoost_Pool,0.0997172829489245,300
KRR_Pool,1.5263900859196358,300
NN_Pool,6.084216819599136,300
XGBoost_TLCQM,0.111470454260768,300
KRR_TLCQM,1.6814590052094038,300
NN_TLCQM,0.198022007759699,300
XGBoost_Target_Only,0.0982700314212272,500
KRR_Target_Only,8.475828002786567,500
NN_Target_Only,0.2074509477413508,500
XGBoost_Pool,0.096885645730578,500
KRR_Pool,1.553582217350976,500
NN_Pool,3.4377133938332896,500
XGBoost_TLCQM,0.1024807575501919,500
KRR_TLCQM,1.701744651975245,500
NN_TLCQM,0.1163771639862706,500
TKRR,1.8875621078362776,100
CDAR,6.115992293425704,100
DARC,35.28174209928024,100
VNCD_MDD,0.2094819459025828,100
M3SDA_Reg,0.1289957637105823,100
CMSS_Reg,0.1342348013642928,100
TKRR,1.7605621876444044,200
CDAR,6.30625215208067,200
DARC,21.586721071191565,200
VNCD_MDD,0.1499724998489449,200
M3SDA_Reg,0.1191789468072108,200
CMSS_Reg,0.1148829965889392,200
TKRR,1.8535593486404531,300
CDAR,6.365203051347187,300
DARC,22.217723305927876,300
VNCD_MDD,0.1518470541507872,300
M3SDA_Reg,0.1189971080156537,300
CMSS_Reg,0.1083107850482216,300
TKRR,1.8884746093626272,500
CDAR,6.591715069295852,500
DARC,29.78538474729948,500
VNCD_MDD,0.1355962541780555,500
M3SDA_Reg,0.1205484816579958,500
CMSS_Reg,0.1067708386634913,500
XGBoost_Target_Only,0.1134759144877369,100
KRR_Target_Only,28.84180788148078,100
NN_Target_Only,17.381633850393623,100
XGBoost_Pool,0.1006692662541557,100
KRR_Pool,1.6676913551547548,100
NN_Pool,5.784671272084063,100
XGBoost_TLCQM,0.11529998248189,100
KRR_TLCQM,1.7970416319949358,100
NN_TLCQM,0.1164047975560772,100
XGBoost_Target_Only,0.1087599883420418,200
KRR_Target_Only,20.036688220820416,200
NN_Target_Only,20.957174308328245,200
XGBoost_Pool,0.0993416755719918,200
KRR_Pool,1.6381716594537694,200
NN_Pool,3.667934929981049,200
XGBoost_TLCQM,0.0999286111834552,200
KRR_TLCQM,1.7547257909437637,200
NN_TLCQM,0.1063080786094393,200
XGBoost_Target_Only,0.1121604056938386,300
KRR_Target_Only,13.566784401514592,300
NN_Target_Only,0.1962698471893613,300
XGBoost_Pool,0.0990629065159537,300
KRR_Pool,1.6193480437358552,300
NN_Pool,2.875584709288665,300
XGBoost_TLCQM,0.0967944115561724,300
KRR_TLCQM,1.7466417322749177,300
NN_TLCQM,0.7810098657378926,300
XGBoost_Target_Only,0.0922593518248796,500
KRR_Target_Only,8.614902507724466,500
NN_Target_Only,0.3424884834532728,500
XGBoost_Pool,0.0949166116055382,500
KRR_Pool,1.5382397758149156,500
NN_Pool,3.4384831413647534,500
XGBoost_TLCQM,0.1011960669655938,500
KRR_TLCQM,1.6193782645641228,500
NN_TLCQM,0.1869306622819986,500
TKRR,1.9274060658700287,100
CDAR,6.381218448575551,100
DARC,27.09437455860143,100
VNCD_MDD,0.1338205070480707,100
M3SDA_Reg,0.1071629078666014,100
CMSS_Reg,0.1169082580472348,100
TKRR,1.904042299165717,200
CDAR,6.2236164310521245,200
DARC,38.69240257508192,200
VNCD_MDD,0.144631528547111,200
M3SDA_Reg,0.1086399668362321,200
CMSS_Reg,0.1180218877492387,200
TKRR,1.9029559617809388,300
CDAR,6.301570978707653,300
DARC,39.22455016856659,300
VNCD_MDD,0.1394649017566784,300
M3SDA_Reg,0.1124485657154418,300
CMSS_Reg,0.1134866763715683,300
TKRR,1.7968334575477372,500
CDAR,6.169190201552387,500
DARC,37.91352160658657,500
VNCD_MDD,0.1191506950724782,500
M3SDA_Reg,0.1142341977214932,500
CMSS_Reg,0.1033328362960775,500
XGBoost_Target_Only,0.1242871010129018,100
KRR_Target_Only,28.890588187154403,100
NN_Target_Only,22.4526922618786,100
XGBoost_Pool,0.1009795590084086,100
KRR_Pool,1.6488482686657024,100
NN_Pool,5.497739101102183,100
XGBoost_TLCQM,0.1044457764843225,100
KRR_TLCQM,1.751594657449608,100
NN_TLCQM,1.1195161696743217,100
XGBoost_Target_Only,0.1126213199964189,200
KRR_Target_Only,20.14004981576409,200
NN_Target_Only,22.54605826953687,200
XGBoost_Pool,0.1009822395106283,200
KRR_Pool,1.6114838089116843,200
NN_Pool,3.3826983353771563,200
XGBoost_TLCQM,0.1029702862312311,200
KRR_TLCQM,1.7215225589189358,200
NN_TLCQM,0.1098091950948339,200
XGBoost_Target_Only,0.1053722422924158,300
KRR_Target_Only,14.411940273121417,300
NN_Target_Only,0.3113156169398655,300
XGBoost_Pool,0.0988016270183497,300
KRR_Pool,1.5557926396457458,300
NN_Pool,3.3450608276035023,300
XGBoost_TLCQM,0.1027212393871517,300
KRR_TLCQM,1.6723848551806326,300
NN_TLCQM,0.1138237085822399,300
XGBoost_Target_Only,0.1042379937959331,500
KRR_Target_Only,8.211696856480765,500
NN_Target_Only,0.2421104027587508,500
XGBoost_Pool,0.0964919686057158,500
KRR_Pool,1.485215228970425,500
NN_Pool,3.0523048193893425,500
XGBoost_TLCQM,0.1019949272635427,500
KRR_TLCQM,1.5965900919601597,500
NN_TLCQM,0.1970133660720133,500
TKRR,1.9321879422053592,100
CDAR,48.810081586754045,100
DARC,38.83778574221745,100
VNCD_MDD,0.1568062794798351,100
M3SDA_Reg,0.1138817980165415,100
CMSS_Reg,0.117640861471089,100
TKRR,1.8707886216884104,200
CDAR,5.473868850584958,200
DARC,38.48703205703218,200
VNCD_MDD,0.1519752920173839,200
M3SDA_Reg,0.1123859153579018,200
CMSS_Reg,0.1121273316471667,200
TKRR,1.8402615977376269,300
CDAR,5.50523456986293,300
DARC,38.46703977815071,300
VNCD_MDD,0.1480145783876735,300
M3SDA_Reg,0.1184855167757989,300
CMSS_Reg,0.1104603392553821,300
TKRR,1.798530874114271,500
CDAR,5.544166949989863,500
DARC,37.9787044851134,500
VNCD_MDD,0.1356730216670237,500
M3SDA_Reg,0.1210741166840546,500
CMSS_Reg,0.1051006350980169,500
XGBoost_Target_Only,0.1333189858497227,100
KRR_Target_Only,28.70868922868697,100
NN_Target_Only,19.58777800832609,100
XGBoost_Pool,0.1005641439715704,100
KRR_Pool,1.657434207979823,100
NN_Pool,5.635245056860375,100
XGBoost_TLCQM,0.105567650785916,100
KRR_TLCQM,1.8162794027550209,100
NN_TLCQM,0.1624719344089903,100
XGBoost_Target_Only,0.103846874497455,200
KRR_Target_Only,18.18076806888449,200
NN_Target_Only,22.65443552464272,200
XGBoost_Pool,0.0980701474000141,200
KRR_Pool,1.525246723064161,200
NN_Pool,3.2669453318393216,200
XGBoost_TLCQM,0.1076318224874156,200
KRR_TLCQM,1.628471658351241,200
NN_TLCQM,0.1154536553543393,200
XGBoost_Target_Only,0.1011586398030372,300
KRR_Target_Only,14.153361838651902,300
NN_Target_Only,0.4658236164384136,300
XGBoost_Pool,0.0996272574851402,300
KRR_Pool,1.4505373141352422,300
NN_Pool,5.141962521817926,300
XGBoost_TLCQM,0.1052548577778525,300
KRR_TLCQM,1.5333727449601318,300
NN_TLCQM,0.1095964992975064,300
XGBoost_Target_Only,0.092414771430326,500
KRR_Target_Only,8.738467731986994,500
NN_Target_Only,1.2191055805750397,500
XGBoost_Pool,0.0967406399084629,500
KRR_Pool,1.431875735511596,500
NN_Pool,5.074487747125758,500
XGBoost_TLCQM,0.1022312492444108,500
KRR_TLCQM,1.5010716830233537,500
NN_TLCQM,0.1516405073311463,500
TKRR,2.091894069776204,100
CDAR,5.780337152683927,100
DARC,43.63725123807775,100
VNCD_MDD,0.1331878556495379,100
M3SDA_Reg,0.1262895513049537,100
CMSS_Reg,0.1311273391232514,100
TKRR,1.8780606073691632,200
CDAR,5.369400408277666,200
DARC,28.22033203327708,200
VNCD_MDD,0.1431563625677808,200
M3SDA_Reg,0.1172030284117367,200
CMSS_Reg,0.1170632380810153,200
TKRR,1.7879472111964654,300
CDAR,5.396470122435928,300
DARC,28.54965203867408,300
VNCD_MDD,0.1282687728509563,300
M3SDA_Reg,0.116828073360401,300
CMSS_Reg,0.1136115998688184,300
TKRR,1.794067235769538,500
CDAR,5.421879000723207,500
DARC,27.88328515922035,500
VNCD_MDD,0.1271666491900446,500
M3SDA_Reg,0.1195489122657421,500
CMSS_Reg,0.1096829992491108,500
XGBoost_Target_Only,0.1520268856192877,100
KRR_Target_Only,29.39308355177061,100
NN_Target_Only,18.469554312476653,100
XGBoost_Pool,0.1056796684147191,100
KRR_Pool,1.6525344673553906,100
NN_Pool,3.3741174346207803,100
XGBoost_TLCQM,0.104076108443773,100
KRR_TLCQM,1.7704484913375242,100
NN_TLCQM,0.1046369695574303,100
XGBoost_Target_Only,0.1078550548499068,200
KRR_Target_Only,18.292559865093097,200
NN_Target_Only,24.90514251886821,200
XGBoost_Pool,0.098935361324946,200
KRR_Pool,1.6220832863167514,200
NN_Pool,3.448091019945229,200
XGBoost_TLCQM,0.0990833564325814,200
KRR_TLCQM,1.7559197530431971,200
NN_TLCQM,0.1099475445816315,200
XGBoost_Target_Only,0.1119127769047349,300
KRR_Target_Only,12.770740332433066,300
NN_Target_Only,6.69127022802451,300
XGBoost_Pool,0.0996595149797924,300
KRR_Pool,1.576846479085235,300
NN_Pool,3.5298596847939723,300
XGBoost_TLCQM,0.0974110913098089,300
KRR_TLCQM,1.7007975287593464,300
NN_TLCQM,0.1019700898890778,300
XGBoost_Target_Only,0.0925330993140781,500
KRR_Target_Only,8.508877307039182,500
NN_Target_Only,0.1423520908194286,500
XGBoost_Pool,0.0969569849760616,500
KRR_Pool,1.43974453608882,500
NN_Pool,2.8624383913046536,500
XGBoost_TLCQM,0.095677475920635,500
KRR_TLCQM,1.5470764634809575,500
NN_TLCQM,0.101425674523421,500
TKRR,1.9135428510360752,100
CDAR,5.625674905435118,100
DARC,23.124146291344047,100
VNCD_MDD,0.1785979466506383,100
M3SDA_Reg,0.1170041103355099,100
CMSS_Reg,0.1258004754748244,100
TKRR,1.9528476664757504,200
CDAR,51.16474195516745,200
DARC,36.43439183995579,200
VNCD_MDD,0.1596043146519069,200
M3SDA_Reg,0.1187487385641807,200
CMSS_Reg,0.1171062221233247,200
TKRR,1.888397850689506,300
CDAR,51.17072516093525,300
DARC,36.69830757697134,300
VNCD_MDD,0.1310311572385571,300
M3SDA_Reg,0.1181999519194752,300
CMSS_Reg,0.1147205836947035,300
TKRR,1.9225135789603365,500
CDAR,51.14719362918928,500
DARC,36.20185792885235,500
VNCD_MDD,0.1259856848455313,500
M3SDA_Reg,0.1171703150094451,500
CMSS_Reg,0.1047251417687457,500
XGBoost_Target_Only,0.109765567308188,100
KRR_Target_Only,29.18086876845885,100
NN_Target_Only,21.25159570049477,100
XGBoost_Pool,0.1028039438937761,100
KRR_Pool,1.6326573072482324,100
NN_Pool,5.783551420754908,100
XGBoost_TLCQM,0.1157812155976195,100
KRR_TLCQM,1.7509319198522937,100
NN_TLCQM,0.1145490308343673,100
XGBoost_Target_Only,0.1018534232250965,200
KRR_Target_Only,20.4286333039885,200
NN_Target_Only,22.92382929628588,200
XGBoost_Pool,0.0982736471902692,200
KRR_Pool,1.5704765289608706,200
NN_Pool,5.54289431496508,200
XGBoost_TLCQM,0.1046078549868888,200
KRR_TLCQM,1.6716837459708709,200
NN_TLCQM,0.1087107387420908,200
XGBoost_Target_Only,0.1061358346442659,300
KRR_Target_Only,14.45980899886962,300
NN_Target_Only,0.6341246207549956,300
XGBoost_Pool,0.0969401293002538,300
KRR_Pool,1.553483445713251,300
NN_Pool,3.448837989326844,300
XGBoost_TLCQM,0.1026608134485825,300
KRR_TLCQM,1.646603093912158,300
NN_TLCQM,0.106729909264732,300
XGBoost_Target_Only,0.0947055946078517,500
KRR_Target_Only,10.305378002289675,500
NN_Target_Only,0.4296450396537917,500
XGBoost_Pool,0.0974352914681637,500
KRR_Pool,1.4845230368639588,500
NN_Pool,2.9854685172075364,500
XGBoost_TLCQM,0.1007683028201151,500
KRR_TLCQM,1.5815629862955325,500
NN_TLCQM,0.1043234003299239,500
TKRR,1.8928271494642916,100
CDAR,5.203172919553751,100
DARC,31.478329005577383,100
VNCD_MDD,0.1510850402265239,100
M3SDA_Reg,0.1118919511504545,100
CMSS_Reg,0.1056176526739101,100
TKRR,2.013583095854853,200
CDAR,5.160844009557703,200
DARC,25.278976963112004,200
VNCD_MDD,0.1324877745882883,200
M3SDA_Reg,0.1212756905076872,200
CMSS_Reg,0.1057003867008161,200
TKRR,1.8307027765566444,300
CDAR,5.143681002460273,300
DARC,25.46925869442631,300
VNCD_MDD,0.1324428068808056,300
M3SDA_Reg,0.1164958396061844,300
CMSS_Reg,0.1036928682425773,300
TKRR,1.815296499079589,500
CDAR,5.144685210823631,500
DARC,25.22440120945311,500
VNCD_MDD,0.1282671112788814,500
M3SDA_Reg,0.120142131612939,500
CMSS_Reg,0.0990759884893718,500
XGBoost_Target_Only,0.1096776547791303,100
KRR_Target_Only,29.90633307463916,100
NN_Target_Only,22.39521059395845,100
XGBoost_Pool,0.1018776496987046,100
KRR_Pool,1.602559232010491,100
NN_Pool,5.733995839925824,100
XGBoost_TLCQM,0.1119268669283464,100
KRR_TLCQM,1.7152031118569375,100
NN_TLCQM,0.1146358641110031,100
XGBoost_Target_Only,0.1041421578608477,200
KRR_Target_Only,19.522623981497933,200
NN_Target_Only,21.196609768806116,200
XGBoost_Pool,0.0983166614731746,200
KRR_Pool,1.5562531794912708,200
NN_Pool,5.607054429062858,200
XGBoost_TLCQM,0.1003389421016146,200
KRR_TLCQM,1.654447529672065,200
NN_TLCQM,0.1001157905213109,200
XGBoost_Target_Only,0.0990944903678864,300
KRR_Target_Only,14.059497657689668,300
NN_Target_Only,6.299176633583857,300
XGBoost_Pool,0.0980983053517668,300
KRR_Pool,1.5651324809482523,300
NN_Pool,2.8749472731325216,300
XGBoost_TLCQM,0.0988140347106268,300
KRR_TLCQM,1.663404268032472,300
NN_TLCQM,0.1024812704158391,300
XGBoost_Target_Only,0.0982617009194453,500
KRR_Target_Only,9.04848879730926,500
NN_Target_Only,0.1411750271731523,500
XGBoost_Pool,0.0955829053312533,500
KRR_Pool,1.4733407680535633,500
NN_Pool,3.592409701956964,500
XGBoost_TLCQM,0.102165388276962,500
KRR_TLCQM,1.5621708366251363,500
NN_TLCQM,0.1068968595914451,500
TKRR,1.883454150522177,100
CDAR,5.50620281098132,100
DARC,32.67435887245144,100
VNCD_MDD,0.1515417954517414,100
M3SDA_Reg,0.1063233207366471,100
CMSS_Reg,0.1157595938022319,100
TKRR,1.838310545693652,200
CDAR,5.489644235636984,200
DARC,28.56765096049744,200
VNCD_MDD,0.1291314143402208,200
M3SDA_Reg,0.113909889820769,200
CMSS_Reg,0.108572760890889,200
TKRR,1.8789390940702817,300
CDAR,5.515763807346013,300
DARC,23.511802512365698,300
VNCD_MDD,0.1208550617124743,300
M3SDA_Reg,0.1110267308357269,300
CMSS_Reg,0.1009890831792533,300
TKRR,1.7777102552429065,500
CDAR,5.531141288282405,500
DARC,32.973052036977016,500
VNCD_MDD,0.1172771298978056,500
M3SDA_Reg,0.1139759998647205,500
CMSS_Reg,0.1029820848270661,500
XGBoost_Target_Only,0.1185934205846987,100
KRR_Target_Only,29.45350383034473,100
NN_Target_Only,20.848209350513358,100
XGBoost_Pool,0.1019128165784786,100
KRR_Pool,1.623080373558957,100
NN_Pool,6.154766393574044,100
XGBoost_TLCQM,0.1092131462135761,100
KRR_TLCQM,1.7110429663367028,100
NN_TLCQM,0.1085588581978894,100
XGBoost_Target_Only,0.1152430527502163,200
KRR_Target_Only,18.162928206565944,200
NN_Target_Only,21.757552035692253,200
XGBoost_Pool,0.0967129247525398,200
KRR_Pool,1.5764677872607082,200
NN_Pool,3.270229016162544,200
XGBoost_TLCQM,0.1060143884749135,200
KRR_TLCQM,1.6780252148574597,200
NN_TLCQM,0.1112419848185514,200
XGBoost_Target_Only,0.0961283546358198,300
KRR_Target_Only,14.783596250190731,300
NN_Target_Only,0.6512363967436521,300
XGBoost_Pool,0.0962220942686135,300
KRR_Pool,1.5289758698273597,300
NN_Pool,3.4451873153443118,300
XGBoost_TLCQM,0.1018890563256334,300
KRR_TLCQM,1.62048059565225,300
NN_TLCQM,0.1056869151212163,300
XGBoost_Target_Only,0.091586132947686,500
KRR_Target_Only,9.88026934789799,500
NN_Target_Only,0.1729917096578178,500
XGBoost_Pool,0.0962602231413856,500
KRR_Pool,1.4985760516258655,500
NN_Pool,3.4573469348296846,500
XGBoost_TLCQM,0.1022036683662363,500
KRR_TLCQM,1.5906598110269237,500
NN_TLCQM,0.1065741450387526,500
TKRR,1.898847852143752,100
CDAR,6.484962331746648,100
DARC,21.62110267885809,100
VNCD_MDD,0.1654862798525221,100
M3SDA_Reg,0.1182954743632802,100
CMSS_Reg,0.1179716873452065,100
TKRR,1.8704180121281733,200
CDAR,4.983896124257367,200
DARC,30.668089259247168,200
VNCD_MDD,0.1539944200829182,200
M3SDA_Reg,0.1173833408562776,200
CMSS_Reg,0.1197536665913663,200
TKRR,1.8923995524953676,300
CDAR,4.933480919436979,300
DARC,31.04228897193488,300
VNCD_MDD,0.1449563959908823,300
M3SDA_Reg,0.1150160583059788,300
CMSS_Reg,0.1123187095028189,300
TKRR,1.8000373727001322,500
CDAR,5.00950019509192,500
DARC,30.995498204842505,500
VNCD_MDD,0.170731469258473,500
M3SDA_Reg,0.1195412218715157,500
CMSS_Reg,0.1087234715495544,500
XGBoost_Target_Only,0.1182379775170239,100
KRR_Target_Only,28.14287634883224,100
NN_Target_Only,18.26796831147553,100
XGBoost_Pool,0.102027036975519,100
KRR_Pool,1.6257335743949617,100
NN_Pool,5.711508592368732,100
XGBoost_TLCQM,0.1025380169584039,100
KRR_TLCQM,1.728719023257463,100
NN_TLCQM,0.1148529348609548,100
XGBoost_Target_Only,0.1054611296457569,200
KRR_Target_Only,17.356372521977082,200
NN_Target_Only,18.36406162940559,200
XGBoost_Pool,0.0981876424602338,200
KRR_Pool,1.644830228607512,200
NN_Pool,4.868405502024346,200
XGBoost_TLCQM,0.103456011114456,200
KRR_TLCQM,1.7775995273753609,200
NN_TLCQM,0.2516168096049159,200
XGBoost_Target_Only,0.1018487664626145,300
KRR_Target_Only,13.795899815075646,300
NN_Target_Only,7.113201501488964,300
XGBoost_Pool,0.0973303628299349,300
KRR_Pool,1.6660031129077617,300
NN_Pool,3.4090222865124256,300
XGBoost_TLCQM,0.1027187268941766,300
KRR_TLCQM,1.8094237899332903,300
NN_TLCQM,0.1292478631712149,300
XGBoost_Target_Only,0.093908134848025,500
KRR_Target_Only,8.021327203946523,500
NN_Target_Only,0.2067781342643416,500
XGBoost_Pool,0.0955524133064955,500
KRR_Pool,1.5410429000490928,500
NN_Pool,3.252277458737984,500
XGBoost_TLCQM,0.1060282591748616,500
KRR_TLCQM,1.6327945491970692,500
NN_TLCQM,0.3094307153186589,500
TKRR,2.0617443633803165,100
CDAR,5.52570293812033,100
DARC,25.54130524446088,100
VNCD_MDD,0.1763199276099648,100
M3SDA_Reg,0.1134816162724167,100
CMSS_Reg,0.1165011777749067,100
TKRR,1.9131639955261603,200
CDAR,6.00124529322505,200
DARC,28.37102148426608,200
VNCD_MDD,0.1824940449647343,200
M3SDA_Reg,0.1090150107352288,200
CMSS_Reg,0.1162382379605444,200
TKRR,2.0627382864069066,300
CDAR,6.169972778850112,300
DARC,28.72915075533978,300
VNCD_MDD,0.2020107029038637,300
M3SDA_Reg,0.1047847998880957,300
CMSS_Reg,0.1093185388639621,300
TKRR,1.855956994638081,500
CDAR,5.933107721979545,500
DARC,28.32619721818661,500
VNCD_MDD,0.193244391442772,500
M3SDA_Reg,0.1151175848500742,500
CMSS_Reg,0.1062938037727085,500
XGBoost_Target_Only,0.1094035393281192,100
KRR_Target_Only,30.387682668559957,100
NN_Target_Only,22.25770920086716,100
XGBoost_Pool,0.0993062685785605,100
KRR_Pool,1.6354834124783766,100
NN_Pool,5.442655241127225,100
XGBoost_TLCQM,0.1066058002381164,100
KRR_TLCQM,1.7757705274015745,100
NN_TLCQM,0.1071023855880633,100
XGBoost_Target_Only,0.1073979265578316,200
KRR_Target_Only,21.37035919168612,200
NN_Target_Only,21.145225169423373,200
XGBoost_Pool,0.099765279709791,200
KRR_Pool,1.6475521491564056,200
NN_Pool,5.054226369725101,200
XGBoost_TLCQM,0.1062776584934662,200
KRR_TLCQM,1.7801937505204877,200
NN_TLCQM,0.1798926920951707,200
XGBoost_Target_Only,0.099165135366296,300
KRR_Target_Only,15.771858583999627,300
NN_Target_Only,0.3813673290759841,300
XGBoost_Pool,0.0991897307666466,300
KRR_Pool,1.6181286572996998,300
NN_Pool,3.3098814317722614,300
XGBoost_TLCQM,0.1049755837293218,300
KRR_TLCQM,1.7399531903020204,300
NN_TLCQM,0.1164867880631618,300
XGBoost_Target_Only,0.0953416442344921,500
KRR_Target_Only,9.953184658123291,500
NN_Target_Only,6.121255938494803,500
XGBoost_Pool,0.0967297403595751,500
KRR_Pool,1.5919598031149382,500
NN_Pool,3.3952081273527406,500
XGBoost_TLCQM,0.1003366407794631,500
KRR_TLCQM,1.694413253041216,500
NN_TLCQM,0.1084948543785745,500
TKRR,1.9436807871708537,100
CDAR,5.7600012581934426,100
DARC,6.611020272376535,100
VNCD_MDD,0.1587234739795324,100
M3SDA_Reg,0.1150431775391866,100
CMSS_Reg,0.1119408426172289,100
TKRR,1.9104582371085552,200
CDAR,6.279841250277055,200
DARC,24.703700454544947,200
VNCD_MDD,0.1589375160456953,200
M3SDA_Reg,0.1164617930212773,200
CMSS_Reg,0.1110422028420092,200
TKRR,1.8926314944639284,300
CDAR,6.297351582603525,300
DARC,24.823730273674133,300
VNCD_MDD,0.1278684765293855,300
M3SDA_Reg,0.1165633928747331,300
CMSS_Reg,0.10690184556444,300
TKRR,2.000093049049288,500
CDAR,6.3292044819385564,500
DARC,24.95815771067396,500
VNCD_MDD,0.1248003242883058,500
M3SDA_Reg,0.1156094083188427,500
CMSS_Reg,0.1067973178953007,500
XGBoost_Target_Only,0.1239985692390499,100
KRR_Target_Only,29.56443867528913,100
NN_Target_Only,20.38829717983954,100
XGBoost_Pool,0.1041660093443521,100
KRR_Pool,1.605367903916323,100
NN_Pool,5.091675745337326,100
XGBoost_TLCQM,0.1081728497966562,100
KRR_TLCQM,1.7297703893707796,100
NN_TLCQM,0.1070346366150049,100
XGBoost_Target_Only,0.1013733263014746,200
KRR_Target_Only,19.922504125423757,200
NN_Target_Only,20.16058585646517,200
XGBoost_Pool,0.1001475659103702,200
KRR_Pool,1.6088795010682857,200
NN_Pool,3.2821697254843696,200
XGBoost_TLCQM,0.1049313193720685,200
KRR_TLCQM,1.695330867694128,200
NN_TLCQM,0.2100952357937757,200
XGBoost_Target_Only,0.1053228850182767,300
KRR_Target_Only,15.636203540780365,300
NN_Target_Only,7.79611438296319,300
XGBoost_Pool,0.0981657011290671,300
KRR_Pool,1.5985466574931133,300
NN_Pool,3.3319820652424674,300
XGBoost_TLCQM,0.1035176487821519,300
KRR_TLCQM,1.6886777513910276,300
NN_TLCQM,0.1087062659938972,300
XGBoost_Target_Only,0.0952221006587736,500
KRR_Target_Only,9.213597244226545,500
NN_Target_Only,0.206630509913859,500
XGBoost_Pool,0.0963399434894542,500
KRR_Pool,1.5748663924927313,500
NN_Pool,3.3710712228986157,500
XGBoost_TLCQM,0.109914743415131,500
KRR_TLCQM,1.677941055609345,500
NN_TLCQM,0.2153797901350742,500
TKRR,1.8853998642302432,100
CDAR,6.379820507897304,100
DARC,26.06364965732352,100
VNCD_MDD,0.1672237433617616,100
M3SDA_Reg,0.1277719606814816,100
CMSS_Reg,0.1099624363866453,100
TKRR,1.8873337530982648,200
CDAR,32.753691227793034,200
DARC,36.019727294173656,200
VNCD_MDD,0.1509069651893742,200
M3SDA_Reg,0.1171664343871145,200
CMSS_Reg,0.1081772469942558,200
TKRR,1.8789999475723227,300
CDAR,32.40004560654653,300
DARC,36.93201462588043,300
VNCD_MDD,0.1491145184665168,300
M3SDA_Reg,0.1181319100457031,300
CMSS_Reg,0.1044808773942105,300
TKRR,1.8794709255028064,500
CDAR,32.6512824942986,500
DARC,36.64315072842649,500
VNCD_MDD,0.1373741415260889,500
M3SDA_Reg,0.1167260539184953,500
CMSS_Reg,0.100166333626658,500
XGBoost_Target_Only,0.1142462603977018,100
KRR_Target_Only,31.30042984443385,100
NN_Target_Only,21.822148062883613,100
XGBoost_Pool,0.1018848078759382,100
KRR_Pool,1.6108419625079915,100
NN_Pool,5.7445370181845,100
XGBoost_TLCQM,0.1043523222469871,100
KRR_TLCQM,1.7225376870131148,100
NN_TLCQM,0.1490136606524065,100
XGBoost_Target_Only,0.1159696314023732,200
KRR_Target_Only,18.753740020343383,200
NN_Target_Only,22.387804069284897,200
XGBoost_Pool,0.1006495516256392,200
KRR_Pool,1.592376690477144,200
NN_Pool,3.4956865287940597,200
XGBoost_TLCQM,0.1030085254490968,200
KRR_TLCQM,1.720540471511293,200
NN_TLCQM,1.3591240747366256,200
XGBoost_Target_Only,0.1033335455840439,300
KRR_Target_Only,13.551243383018509,300
NN_Target_Only,6.66485463344248,300
XGBoost_Pool,0.0971503781649868,300
KRR_Pool,1.5607991059946558,300
NN_Pool,3.2275761840421846,300
XGBoost_TLCQM,0.107476897959128,300
KRR_TLCQM,1.6767436048234212,300
NN_TLCQM,0.1418162654450726,300
XGBoost_Target_Only,0.0955290273626083,500
KRR_Target_Only,8.493986328372289,500
NN_Target_Only,0.1523427014543032,500
XGBoost_Pool,0.0932332570320779,500
KRR_Pool,1.5129368108650534,500
NN_Pool,4.418061238621133,500
XGBoost_TLCQM,0.1046583489187445,500
KRR_TLCQM,1.6007163107366535,500
NN_TLCQM,0.1102689855442046,500
TKRR,1.850476161005853,100
CDAR,5.620275928262883,100
DARC,32.132890991042885,100
VNCD_MDD,0.1891573519499418,100
M3SDA_Reg,0.1215671136690877,100
CMSS_Reg,0.1138125819837882,100
TKRR,1.907338441361964,200
CDAR,6.178022061921524,200
DARC,28.690725713992997,200
VNCD_MDD,0.1679971008950723,200
M3SDA_Reg,0.1205073867353004,200
CMSS_Reg,0.1121266799181916,200
TKRR,1.885429448136285,300
CDAR,6.182749257616894,300
DARC,28.571439501916192,300
VNCD_MDD,0.1375658466106485,300
M3SDA_Reg,0.1223422614122996,300
CMSS_Reg,0.1126663884795422,300
TKRR,1.8104650981819403,500
CDAR,6.214609729856358,500
DARC,30.37868404572434,500
VNCD_MDD,0.1340066904202481,500
M3SDA_Reg,0.1197157418228543,500
CMSS_Reg,0.1042901059144643,500
XGBoost_Target_Only,0.1086964941183955,100
KRR_Target_Only,29.646856952482405,100
NN_Target_Only,22.946705134666704,100
XGBoost_Pool,0.1012745291191671,100
KRR_Pool,1.5637511698986144,100
NN_Pool,5.409865259527193,100
XGBoost_TLCQM,0.1028670407376786,100
KRR_TLCQM,1.673564361125603,100
NN_TLCQM,0.7789243126661872,100
XGBoost_Target_Only,0.1028579742495238,200
KRR_Target_Only,19.81867581448955,200
NN_Target_Only,21.313142994456705,200
XGBoost_Pool,0.1029432196247059,200
KRR_Pool,1.5695837622129265,200
NN_Pool,3.616350189006495,200
XGBoost_TLCQM,0.1012899148917216,200
KRR_TLCQM,1.6762847289360026,200
NN_TLCQM,0.1227972743413952,200
XGBoost_Target_Only,0.098537124626907,300
KRR_Target_Only,12.975644783171628,300
NN_Target_Only,6.707135682694942,300
XGBoost_Pool,0.098628247356649,300
KRR_Pool,1.490477009273719,300
NN_Pool,3.279284836137062,300
XGBoost_TLCQM,0.1017273896516023,300
KRR_TLCQM,1.6008289465446035,300
NN_TLCQM,0.1073200841795859,300
XGBoost_Target_Only,0.1087854953320824,500
KRR_Target_Only,9.163338279554004,500
NN_Target_Only,0.3004029437916616,500
XGBoost_Pool,0.0954511680759585,500
KRR_Pool,1.4062392884051786,500
NN_Pool,3.2323213232550394,500
XGBoost_TLCQM,0.099799736936834,500
KRR_TLCQM,1.483918676152954,500
NN_TLCQM,0.1054840515039137,500
TKRR,1.8697463288049343,100
CDAR,6.188096843504851,100
DARC,29.636990227843384,100
VNCD_MDD,0.1534235423621387,100
M3SDA_Reg,0.120171047194578,100
CMSS_Reg,0.1185232746612225,100
TKRR,1.8759333121854007,200
CDAR,5.720189536054891,200
DARC,32.025775694362075,200
VNCD_MDD,0.1545983388903917,200
M3SDA_Reg,0.1198954111376302,200
CMSS_Reg,0.1138344406244879,200
TKRR,1.8382593383458183,300
CDAR,5.677309416909456,300
DARC,32.31966580824568,300
VNCD_MDD,0.1375751287180928,300
M3SDA_Reg,0.1206582478249209,300
CMSS_Reg,0.1074224799137329,300
TKRR,1.7192597874087516,500
CDAR,5.669284156692761,500
DARC,32.31352965558794,500
VNCD_MDD,0.1413336801496415,500
M3SDA_Reg,0.1219175742518407,500
CMSS_Reg,0.1044021824672074,500
XGBoost_Target_Only,0.1134227941848368,100
KRR_Target_Only,30.97645881173036,100
NN_Target_Only,18.711419045431413,100
XGBoost_Pool,0.0977943707180089,100
KRR_Pool,1.6539830957083144,100
NN_Pool,5.765194144511942,100
XGBoost_TLCQM,0.1042418378909627,100
KRR_TLCQM,1.7930887661790471,100
NN_TLCQM,0.1613175026603612,100
XGBoost_Target_Only,0.1023382384366396,200
KRR_Target_Only,20.757682394155548,200
NN_Target_Only,22.234280230663927,200
XGBoost_Pool,0.098061582260382,200
KRR_Pool,1.611100942619227,200
NN_Pool,3.93428773891229,200
XGBoost_TLCQM,0.1022630510502833,200
KRR_TLCQM,1.734609660763509,200
NN_TLCQM,0.1046104781525806,200
XGBoost_Target_Only,0.096408572193688,300
KRR_Target_Only,14.202665678487447,300
NN_Target_Only,6.576981808249744,300
XGBoost_Pool,0.0986823305137045,300
KRR_Pool,1.5733294854111484,300
NN_Pool,3.6852966925327735,300
XGBoost_TLCQM,0.101628745892718,300
KRR_TLCQM,1.6876704365324728,300
NN_TLCQM,0.1491458759334873,300
XGBoost_Target_Only,0.0967550936332079,500
KRR_Target_Only,8.966738536671164,500
NN_Target_Only,0.1718375183328564,500
XGBoost_Pool,0.0954663183351718,500
KRR_Pool,1.4378673362792602,500
NN_Pool,5.346632476223796,500
XGBoost_TLCQM,0.1037121269125385,500
KRR_TLCQM,1.528478389566141,500
NN_TLCQM,0.1094164448609809,500
TKRR,2.103279793626938,100
CDAR,6.047424517233933,100
DARC,28.79649205919552,100
VNCD_MDD,0.1529031807741134,100
M3SDA_Reg,0.1111922959102958,100
CMSS_Reg,0.1078578415882589,100
TKRR,1.9735527996307656,200
CDAR,5.018549912568969,200
DARC,26.10242935846348,200
VNCD_MDD,0.1506236380602378,200
M3SDA_Reg,0.1121267444013565,200
CMSS_Reg,0.1085249229056731,200
TKRR,1.865972887567816,300
CDAR,4.986288969550605,300
DARC,25.85826498025148,300
VNCD_MDD,0.1400112079522869,300
M3SDA_Reg,0.1176774729954477,300
CMSS_Reg,0.1069238621759202,300
TKRR,1.7902120462293238,500
CDAR,5.045470372366819,500
DARC,25.740277379846823,500
VNCD_MDD,0.1265886006307839,500
M3SDA_Reg,0.1175426206938832,500
CMSS_Reg,0.104476502432757,500
XGBoost_Target_Only,0.1202179287895683,100
KRR_Target_Only,30.60619551563553,100
NN_Target_Only,22.05154054871508,100
XGBoost_Pool,0.1022490581672874,100
KRR_Pool,1.605869835549447,100
NN_Pool,5.914559798642014,100
XGBoost_TLCQM,0.1068358299680812,100
KRR_TLCQM,1.7307969932294889,100
NN_TLCQM,0.112048712750813,100
XGBoost_Target_Only,0.1060182543128289,200
KRR_Target_Only,19.48599833897261,200
NN_Target_Only,24.930413990960258,200
XGBoost_Pool,0.1003746889227293,200
KRR_Pool,1.5610003864635889,200
NN_Pool,3.6088430450775792,200
XGBoost_TLCQM,0.1016454523630381,200
KRR_TLCQM,1.659424319729463,200
NN_TLCQM,0.124373632086991,200
XGBoost_Target_Only,0.1012492288570807,300
KRR_Target_Only,13.843660707213784,300
NN_Target_Only,0.2442954435121075,300
XGBoost_Pool,0.0976630618687304,300
KRR_Pool,1.5652404531841737,300
NN_Pool,3.1645378007416745,300
XGBoost_TLCQM,0.0987494739958918,300
KRR_TLCQM,1.6698951173340002,300
NN_TLCQM,0.100078231913102,300
XGBoost_Target_Only,0.0980636179966343,500
KRR_Target_Only,9.563619934466388,500
NN_Target_Only,6.133529169809379,500
XGBoost_Pool,0.0942359329351144,500
KRR_Pool,1.5579156872765612,500
NN_Pool,3.4985725445380877,500
XGBoost_TLCQM,0.1032933180555669,500
KRR_TLCQM,1.6554041176017722,500
NN_TLCQM,0.1103451416166095,500
TKRR,2.0012822315273344,100
CDAR,5.783234511458385,100
DARC,26.791859629776344,100
VNCD_MDD,0.16840481381905,100
M3SDA_Reg,0.1315583004167154,100
CMSS_Reg,0.1258957311363003,100
TKRR,1.90367743919462,200
CDAR,4.892067255404635,200
DARC,30.685682458771645,200
VNCD_MDD,0.1725322553969598,200
M3SDA_Reg,0.1211153102894109,200
CMSS_Reg,0.1172491849808573,200
TKRR,1.9554561990166957,300
CDAR,4.770514847002411,300
DARC,31.72581169739246,300
VNCD_MDD,0.1305566053637634,300
M3SDA_Reg,0.1205815997841303,300
CMSS_Reg,0.1114175152350103,300
TKRR,1.8481763516958487,500
CDAR,4.851546656768115,500
DARC,31.28043935994959,500
VNCD_MDD,0.1280578187401116,500
M3SDA_Reg,0.1216145173998135,500
CMSS_Reg,0.1040084922444573,500
XGBoost_Target_Only,0.1114492051258816,100
KRR_Target_Only,30.280738796555077,100
NN_Target_Only,18.961013318386687,100
XGBoost_Pool,0.1006795152593178,100
KRR_Pool,1.615478970399765,100
NN_Pool,5.83201998875532,100
XGBoost_TLCQM,0.1030618779980393,100
KRR_TLCQM,1.7585711387117302,100
NN_TLCQM,0.1635759353044706,100
XGBoost_Target_Only,0.110446745974614,200
KRR_Target_Only,20.627987726423992,200
NN_Target_Only,21.06743325128589,200
XGBoost_Pool,0.0996806377466452,200
KRR_Pool,1.5201005732822677,200
NN_Pool,3.4407428693396023,200
XGBoost_TLCQM,0.1046679746881282,200
KRR_TLCQM,1.6216217974385558,200
NN_TLCQM,0.3604884910205776,200
XGBoost_Target_Only,0.1077802624563985,300
KRR_Target_Only,15.131780618153856,300
NN_Target_Only,7.827435701795562,300
XGBoost_Pool,0.0973810886718787,300
KRR_Pool,1.5004243113517033,300
NN_Pool,4.106563874866622,300
XGBoost_TLCQM,0.1039880173483599,300
KRR_TLCQM,1.600076304161485,300
NN_TLCQM,0.2552846095938776,300
XGBoost_Target_Only,0.0944618008745385,500
KRR_Target_Only,9.771569720534083,500
NN_Target_Only,6.437885070557079,500
XGBoost_Pool,0.0953766492902554,500
KRR_Pool,1.5044218772688691,500
NN_Pool,4.084605978399578,500
XGBoost_TLCQM,0.1045798937998356,500
KRR_TLCQM,1.5950574271301576,500
NN_TLCQM,0.1075915012082746,500
TKRR,1.8730133702721972,100
CDAR,5.554772015946127,100
DARC,23.28531095277861,100
VNCD_MDD,0.2034456227242886,100
M3SDA_Reg,0.106493914363902,100
CMSS_Reg,0.113165240815429,100
TKRR,1.8807318508691335,200
CDAR,6.072295460710073,200
DARC,29.139294472061565,200
VNCD_MDD,0.149896043960483,200
M3SDA_Reg,0.1144151125152269,200
CMSS_Reg,0.1111154754166018,200
TKRR,1.863563776176684,300
CDAR,6.123963789517821,300
DARC,29.36613509761005,300
VNCD_MDD,0.1446839447664555,300
M3SDA_Reg,0.1161111760563965,300
CMSS_Reg,0.1044690445803349,300
TKRR,1.857657458251047,500
CDAR,6.23100806149444,500
DARC,29.466818037102676,500
VNCD_MDD,0.1427507413402501,500
M3SDA_Reg,0.1125565254711408,500
CMSS_Reg,0.1007276807356477,500
XGBoost_Target_Only,0.1182118352254914,100
KRR_Target_Only,30.211857790196703,100
NN_Target_Only,23.571474568855667,100
XGBoost_Pool,0.1011033368411179,100
KRR_Pool,1.6480600688305274,100
NN_Pool,5.547636414268319,100
XGBoost_TLCQM,0.1042469932960246,100
KRR_TLCQM,1.7597530762986997,100
NN_TLCQM,0.1071538794545247,100
XGBoost_Target_Only,0.1135824024293831,200
KRR_Target_Only,19.536115722634943,200
NN_Target_Only,22.30471452040789,200
XGBoost_Pool,0.0994702997111308,200
KRR_Pool,1.6365195269328954,200
NN_Pool,3.2460994821199463,200
XGBoost_TLCQM,0.1073222838588379,200
KRR_TLCQM,1.7427032500015902,200
NN_TLCQM,0.206162169292145,200
XGBoost_Target_Only,0.0989575778234954,300
KRR_Target_Only,14.233641343736448,300
NN_Target_Only,8.204333168595207,300
XGBoost_Pool,0.0989293965612761,300
KRR_Pool,1.5528071580512912,300
NN_Pool,3.0563282194140573,300
XGBoost_TLCQM,0.1091324865064127,300
KRR_TLCQM,1.6431877232117038,300
NN_TLCQM,0.5569376591990884,300
XGBoost_Target_Only,0.0927126075092805,500
KRR_Target_Only,9.0697908361554,500
NN_Target_Only,0.2896580672551314,500
XGBoost_Pool,0.0961457079202539,500
KRR_Pool,1.4977724120904,500
NN_Pool,3.262813027343259,500
XGBoost_TLCQM,0.1046444128557809,500
KRR_TLCQM,1.5878083359508095,500
NN_TLCQM,0.2581372483119598,500
TKRR,1.9435366979693165,100
CDAR,5.587649301066628,100
DARC,21.419791660668388,100
VNCD_MDD,0.1630425781902348,100
M3SDA_Reg,0.1224165652139234,100
CMSS_Reg,0.1177807618451492,100
TKRR,1.8985909883049283,200
CDAR,5.822475816888174,200
DARC,38.600166847199134,200
VNCD_MDD,0.1566383854900103,200
M3SDA_Reg,0.1196733734740447,200
CMSS_Reg,0.1145093455067654,200
TKRR,1.8272378369054096,300
CDAR,5.799150295707843,300
DARC,37.265426951507685,300
VNCD_MDD,0.1329636047308918,300
M3SDA_Reg,0.1155970831259233,300
CMSS_Reg,0.1137903256967121,300
TKRR,1.8944065085569444,500
CDAR,5.834695246708924,500
DARC,37.53894541784637,500
VNCD_MDD,0.129052501733953,500
M3SDA_Reg,0.1197597339788005,500
CMSS_Reg,0.1080897704850438,500
XGBoost_Target_Only,0.1098809029032347,100
KRR_Target_Only,31.020432760699965,100
NN_Target_Only,23.127360169612,100
XGBoost_Pool,0.1005803399623945,100
KRR_Pool,1.6156671185008462,100
NN_Pool,3.214262247187832,100
XGBoost_TLCQM,0.1046480305165767,100
KRR_TLCQM,1.7341289217898868,100
NN_TLCQM,0.1114620095499942,100
XGBoost_Target_Only,0.1110053943059416,200
KRR_Target_Only,20.635166007121768,200
NN_Target_Only,24.085337273082075,200
XGBoost_Pool,0.0998934342549484,200
KRR_Pool,1.504327476945596,200
NN_Pool,4.088810932556172,200
XGBoost_TLCQM,0.107165885217774,200
KRR_TLCQM,1.5841530992598516,200
NN_TLCQM,0.1707399347763668,200
XGBoost_Target_Only,0.1015859439511085,300
KRR_Target_Only,14.378896865172694,300
NN_Target_Only,10.130684113668714,300
XGBoost_Pool,0.0974816821271537,300
KRR_Pool,1.4689558301889734,300
NN_Pool,6.116744189943542,300
XGBoost_TLCQM,0.1038453509397699,300
KRR_TLCQM,1.538539700237204,300
NN_TLCQM,0.1469056994498852,300
XGBoost_Target_Only,0.0938796402953143,500
KRR_Target_Only,8.527461196357141,500
NN_Target_Only,1.2313318299539853,500
XGBoost_Pool,0.0949344334460017,500
KRR_Pool,1.4271274894115349,500
NN_Pool,4.07603115415387,500
XGBoost_TLCQM,0.0998640531928213,500
KRR_TLCQM,1.4920314880593948,500
NN_TLCQM,0.1448705320641231,500
TKRR,1.8754738931943231,100
CDAR,6.388029817265342,100
DARC,18.80918612574375,100
VNCD_MDD,0.1603237609837718,100
M3SDA_Reg,0.1216676383198424,100
CMSS_Reg,0.1158904778365107,100
TKRR,1.737111688900048,200
CDAR,5.380571992982929,200
DARC,29.881895399816173,200
VNCD_MDD,0.1347586861625349,200
M3SDA_Reg,0.1222348592073986,200
CMSS_Reg,0.1111921102313003,200
TKRR,1.7358278578271011,300
CDAR,5.419069050409994,300
DARC,30.196859303107782,300
VNCD_MDD,0.1294417938661105,300
M3SDA_Reg,0.1258419223083553,300
CMSS_Reg,0.1123280050200669,300
TKRR,1.7569076649743045,500
CDAR,5.2915766347744615,500
DARC,30.24554618610834,500
VNCD_MDD,0.1142725768899981,500
M3SDA_Reg,0.1239961871497581,500
CMSS_Reg,0.099697785354582,500
XGBoost_Target_Only,0.1422767385437931,100
KRR_Target_Only,29.278726708697175,100
NN_Target_Only,16.743146415830736,100
XGBoost_Pool,0.1018618717946718,100
KRR_Pool,1.6363392103254222,100
NN_Pool,5.834511314439852,100
XGBoost_TLCQM,0.1151925131162477,100
KRR_TLCQM,1.739886047399121,100
NN_TLCQM,0.1362953781297959,100
XGBoost_Target_Only,0.1096606447584361,200
KRR_Target_Only,19.43482165703616,200
NN_Target_Only,17.543608048238553,200
XGBoost_Pool,0.1002246167842531,200
KRR_Pool,1.5958195257273775,200
NN_Pool,3.361736954358276,200
XGBoost_TLCQM,0.0993563210877436,200
KRR_TLCQM,1.693957553205525,200
NN_TLCQM,0.136792602691304,200
XGBoost_Target_Only,0.103470880917264,300
KRR_Target_Only,14.682519469481996,300
NN_Target_Only,0.3498798255658683,300
XGBoost_Pool,0.0969040339432665,300
KRR_Pool,1.577102551439658,300
NN_Pool,4.164929600530087,300
XGBoost_TLCQM,0.1040023159801944,300
KRR_TLCQM,1.6703304715121028,300
NN_TLCQM,0.1085180227838509,300
XGBoost_Target_Only,0.0939088480377694,500
KRR_Target_Only,9.220491107270764,500
NN_Target_Only,0.2659230560478629,500
XGBoost_Pool,0.0941691444355676,500
KRR_Pool,1.4190322132576112,500
NN_Pool,3.2054133405127256,500
XGBoost_TLCQM,0.1043394013894412,500
KRR_TLCQM,1.500436916842405,500
NN_TLCQM,0.1059426964302975,500
TKRR,1.897182214084551,100
CDAR,6.4416703183953326,100
DARC,28.231587877853823,100
VNCD_MDD,0.191286944364799,100
M3SDA_Reg,0.1093611861133614,100
CMSS_Reg,0.1205285530059982,100
TKRR,1.9701719906648496,200
CDAR,6.532738790043617,200
DARC,16.24197793156122,200
VNCD_MDD,0.1535097656246687,200
M3SDA_Reg,0.1054445165112508,200
CMSS_Reg,0.1106822156714623,200
TKRR,1.952522880669859,300
CDAR,6.1646461453663495,300
DARC,19.915211995061867,300
VNCD_MDD,0.1364742446531029,300
M3SDA_Reg,0.1110449585546347,300
CMSS_Reg,0.1094011735826116,300
TKRR,1.7819021204844985,500
CDAR,6.10004140209072,500
DARC,18.56429453444852,500
VNCD_MDD,0.1219828956792979,500
M3SDA_Reg,0.1125230592044972,500
CMSS_Reg,0.1026796083790065,500
XGBoost_Target_Only,0.1349402030296562,100
KRR_Target_Only,31.376947669841574,100
NN_Target_Only,21.701965836996223,100
XGBoost_Pool,0.1000527471509973,100
KRR_Pool,1.6427341381435092,100
NN_Pool,5.257486318593492,100
XGBoost_TLCQM,0.10489881840887,100
KRR_TLCQM,1.779219720790361,100
NN_TLCQM,0.1227861471142931,100
XGBoost_Target_Only,0.1056121742749756,200
KRR_Target_Only,19.5416097604104,200
NN_Target_Only,20.31115234455224,200
XGBoost_Pool,0.0976904153727444,200
KRR_Pool,1.584409830026743,200
NN_Pool,3.653042905234967,200
XGBoost_TLCQM,0.1016085713150601,200
KRR_TLCQM,1.7121223330377773,200
NN_TLCQM,0.1133827901387801,200
XGBoost_Target_Only,0.1022709349299157,300
KRR_Target_Only,14.266469611287564,300
NN_Target_Only,6.218151857364686,300
XGBoost_Pool,0.0990283000374782,300
KRR_Pool,1.5664195554345008,300
NN_Pool,4.69338785513305,300
XGBoost_TLCQM,0.1009881033374695,300
KRR_TLCQM,1.674046834472811,300
NN_TLCQM,0.1116155677424641,300
XGBoost_Target_Only,0.0957002984847371,500
KRR_Target_Only,9.145355823485817,500
NN_Target_Only,0.3172069775421327,500
XGBoost_Pool,0.0962132243417573,500
KRR_Pool,1.5258913964685636,500
NN_Pool,3.44764649840979,500
XGBoost_TLCQM,0.0992051227024085,500
KRR_TLCQM,1.62655952112476,500
NN_TLCQM,0.1179969772812171,500
TKRR,1.9708544593420112,100
CDAR,6.360038695086362,100
DARC,23.930034849790072,100
VNCD_MDD,0.1615555898174704,100
M3SDA_Reg,0.1210784284019409,100
CMSS_Reg,0.1201882196637926,100
TKRR,1.8920333847720867,200
CDAR,6.185452436905394,200
DARC,44.34911813076823,200
VNCD_MDD,0.1537518651509767,200
M3SDA_Reg,0.1154909375335235,200
CMSS_Reg,0.110966362562392,200
TKRR,1.9066982510076964,300
CDAR,6.05428170535627,300
DARC,44.06481573249327,300
VNCD_MDD,0.1343425076968559,300
M3SDA_Reg,0.1221821563592487,300
CMSS_Reg,0.1115848671713273,300
TKRR,1.7805053917458766,500
CDAR,6.049459848987591,500
DARC,44.01249067828529,500
VNCD_MDD,0.1187172909056272,500
M3SDA_Reg,0.119590680662613,500
CMSS_Reg,0.1059847700236201,500
XGBoost_Target_Only,0.1039692483138553,100
KRR_Target_Only,29.688655917003107,100
NN_Target_Only,23.2177524305862,100
XGBoost_Pool,0.0993287940491065,100
KRR_Pool,1.6218998711857722,100
NN_Pool,5.966357681983016,100
XGBoost_TLCQM,0.1152117547129638,100
KRR_TLCQM,1.7454752423605588,100
NN_TLCQM,0.1187190045448911,100
XGBoost_Target_Only,0.0992262096882429,200
KRR_Target_Only,20.194863753114912,200
NN_Target_Only,23.69929210085494,200
XGBoost_Pool,0.096146559612766,200
KRR_Pool,1.601817579444952,200
NN_Pool,3.204451295526848,200
XGBoost_TLCQM,0.1039569342536149,200
KRR_TLCQM,1.712007115367801,200
NN_TLCQM,0.2939464011179737,200
XGBoost_Target_Only,0.0984304535975067,300
KRR_Target_Only,14.477029937861593,300
NN_Target_Only,5.631048276251857,300
XGBoost_Pool,0.0960122313395673,300
KRR_Pool,1.5880144019509352,300
NN_Pool,6.255360442051867,300
XGBoost_TLCQM,0.1055952776606018,300
KRR_TLCQM,1.6950536758633303,300
NN_TLCQM,0.1240438427711685,300
XGBoost_Target_Only,0.0956340105746521,500
KRR_Target_Only,9.16719631431865,500
NN_Target_Only,0.2149217134551499,500
XGBoost_Pool,0.0951297969889722,500
KRR_Pool,1.5213332931055543,500
NN_Pool,3.275285318766045,500
XGBoost_TLCQM,0.0976614536081476,500
KRR_TLCQM,1.62043908580218,500
NN_TLCQM,0.1031712493301766,500
TKRR,1.9602904195996849,100
CDAR,5.629165199851324,100
DARC,23.08648354621247,100
VNCD_MDD,0.1579739186958643,100
M3SDA_Reg,0.1198372233449909,100
CMSS_Reg,0.1121820176911015,100
TKRR,1.9889444937239276,200
CDAR,5.324053608097588,200
DARC,23.444202767606377,200
VNCD_MDD,0.1311172318476126,200
M3SDA_Reg,0.1200105242134411,200
CMSS_Reg,0.1107766991769353,200
TKRR,2.0007731757532925,300
CDAR,5.294121275639667,300
DARC,23.4003680642934,300
VNCD_MDD,0.1327613410017916,300
M3SDA_Reg,0.1225951819762467,300
CMSS_Reg,0.1041204544382461,300
TKRR,1.8718186254373557,500
CDAR,5.285501344727448,500
DARC,23.614469913538542,500
VNCD_MDD,0.1249844725817775,500
M3SDA_Reg,0.128944477083075,500
CMSS_Reg,0.1047401010180169,500
XGBoost_Target_Only,0.129514507420443,100
KRR_Target_Only,29.516667438809858,100
NN_Target_Only,18.994618806369584,100
XGBoost_Pool,0.1008345473256246,100
KRR_Pool,1.63364969815455,100
NN_Pool,5.598466755064023,100
XGBoost_TLCQM,0.1004799289697792,100
KRR_TLCQM,1.7701762862670845,100
NN_TLCQM,0.1209297475888023,100
XGBoost_Target_Only,0.1127381359693071,200
KRR_Target_Only,19.28261623548121,200
NN_Target_Only,20.84650784899819,200
XGBoost_Pool,0.0999964434647761,200
KRR_Pool,1.6174763201931546,200
NN_Pool,5.082254825517338,200
XGBoost_TLCQM,0.1008691375528305,200
KRR_TLCQM,1.7295311072886632,200
NN_TLCQM,0.1053480859059117,200
XGBoost_Target_Only,0.1029506247856742,300
KRR_Target_Only,13.917928961989288,300
NN_Target_Only,0.3044159036495872,300
XGBoost_Pool,0.0988588686375452,300
KRR_Pool,1.5689506904269337,300
NN_Pool,3.3071224316756247,300
XGBoost_TLCQM,0.1068589872413302,300
KRR_TLCQM,1.6739051257739554,300
NN_TLCQM,0.1197982456803431,300
XGBoost_Target_Only,0.0944045921146325,500
KRR_Target_Only,8.599306522991643,500
NN_Target_Only,0.6135900376277379,500
XGBoost_Pool,0.096086036421623,500
KRR_Pool,1.542299563782521,500
NN_Pool,4.216816005525284,500
XGBoost_TLCQM,0.0969764869251853,500
KRR_TLCQM,1.6528476273836197,500
NN_TLCQM,0.1009054257294193,500
TKRR,1.907515830096526,100
CDAR,6.53133728431863,100
DARC,31.474374762496847,100
VNCD_MDD,0.1646216548382897,100
M3SDA_Reg,0.1078171393058264,100
CMSS_Reg,0.1071790226792099,100
TKRR,1.8944471590961784,200
CDAR,6.618216182613197,200
DARC,32.953041730295254,200
VNCD_MDD,0.1630588829219396,200
M3SDA_Reg,0.1175966061626844,200
CMSS_Reg,0.1101971314799472,200
TKRR,1.8770548299080645,300
CDAR,6.59814448111805,300
DARC,33.31222029118296,300
VNCD_MDD,0.1637538430540386,300
M3SDA_Reg,0.1155429691339542,300
CMSS_Reg,0.1127228362808555,300
TKRR,2.0239489993303152,500
CDAR,6.654170350205374,500
DARC,32.919153258769505,500
VNCD_MDD,0.1480168784796309,500
M3SDA_Reg,0.1175863635145164,500
CMSS_Reg,0.1027631162833558,500
XGBoost_Target_Only,0.1124492597818725,100
KRR_Target_Only,29.8691329100262,100
NN_Target_Only,20.04933174185388,100
XGBoost_Pool,0.1030133771671,100
KRR_Pool,1.6431412006516888,100
NN_Pool,5.867835062301807,100
XGBoost_TLCQM,0.1126399702784198,100
KRR_TLCQM,1.7931045379590531,100
NN_TLCQM,0.1998523043040287,100
XGBoost_Target_Only,0.1029761601858147,200
KRR_Target_Only,18.838135370300403,200
NN_Target_Only,21.493112889141862,200
XGBoost_Pool,0.1003340215248534,200
KRR_Pool,1.6044565414872642,200
NN_Pool,3.524688146167329,200
XGBoost_TLCQM,0.1039620645130022,200
KRR_TLCQM,1.7001940835695706,200
NN_TLCQM,0.1154423946935823,200
XGBoost_Target_Only,0.0979463045749951,300
KRR_Target_Only,13.226444125245656,300
NN_Target_Only,7.584949118141048,300
XGBoost_Pool,0.0993140537149087,300
KRR_Pool,1.562885831016054,300
NN_Pool,4.209920398505126,300
XGBoost_TLCQM,0.1013416738713582,300
KRR_TLCQM,1.6473525090497014,300
NN_TLCQM,0.1084230725071963,300
XGBoost_Target_Only,0.0934633773500458,500
KRR_Target_Only,8.623387642487296,500
NN_Target_Only,4.706828778740284,500
XGBoost_Pool,0.0960164143531527,500
KRR_Pool,1.5240686840867996,500
NN_Pool,3.4253844042197925,500
XGBoost_TLCQM,0.1031328615996688,500
KRR_TLCQM,1.6018469540151026,500
NN_TLCQM,0.1252216640654912,500
TKRR,1.9622104859854332,100
CDAR,6.483574359317822,100
DARC,30.336409053619164,100
VNCD_MDD,0.1705976106192421,100
M3SDA_Reg,0.1149609949890055,100
CMSS_Reg,0.1152812314761857,100
TKRR,1.8976693823655368,200
CDAR,5.974051425395979,200
DARC,36.237100972008776,200
VNCD_MDD,0.1581940573300535,200
M3SDA_Reg,0.111296039231748,200
CMSS_Reg,0.1093460717915582,200
TKRR,1.857099768124027,300
CDAR,5.926313778779737,300
DARC,36.86559561935452,300
VNCD_MDD,0.1600929191041873,300
M3SDA_Reg,0.1106953126415334,300
CMSS_Reg,0.1107808931666207,300
TKRR,1.8095788132869604,500
CDAR,5.926879614002061,500
DARC,34.48739363819527,500
VNCD_MDD,0.1630258799425645,500
M3SDA_Reg,0.1118975493537885,500
CMSS_Reg,0.1045026462596525,500
XGBoost_Target_Only,0.1191816959339926,100
KRR_Target_Only,28.576271489113168,100
NN_Target_Only,21.304365725932165,100
XGBoost_Pool,0.1026707734622443,100
KRR_Pool,1.6395387024061432,100
NN_Pool,5.7896330520751045,100
XGBoost_TLCQM,0.1057319344568981,100
KRR_TLCQM,1.7481297861702392,100
NN_TLCQM,0.1079207765108541,100
XGBoost_Target_Only,0.1116152552587525,200
KRR_Target_Only,19.630941921832257,200
NN_Target_Only,19.541264087097797,200
XGBoost_Pool,0.1016665644113928,200
KRR_Pool,1.6456593662931482,200
NN_Pool,3.1759994192870926,200
XGBoost_TLCQM,0.1025668314254815,200
KRR_TLCQM,1.757578194846484,200
NN_TLCQM,0.1030991210735174,200
XGBoost_Target_Only,0.103348652833957,300
KRR_Target_Only,14.654541213961076,300
NN_Target_Only,6.498758112209763,300
XGBoost_Pool,0.0988718149030741,300
KRR_Pool,1.608400517640472,300
NN_Pool,2.6789384737111472,300
XGBoost_TLCQM,0.0972426308446585,300
KRR_TLCQM,1.726818177519577,300
NN_TLCQM,0.1383648223931012,300
XGBoost_Target_Only,0.0933300429770538,500
KRR_Target_Only,9.375356588138064,500
NN_Target_Only,0.3100247799313291,500
XGBoost_Pool,0.0953801486967071,500
KRR_Pool,1.5321258820704875,500
NN_Pool,4.183516481453286,500
XGBoost_TLCQM,0.1021965721727485,500
KRR_TLCQM,1.6325395263810274,500
NN_TLCQM,0.1254172264561838,500
TKRR,1.9352331265989928,100
CDAR,5.749430580178424,100
DARC,37.36811864859524,100
VNCD_MDD,0.1665024499827585,100
M3SDA_Reg,0.1133302342989889,100
CMSS_Reg,0.1190558923428452,100
TKRR,1.9652006872032424,200
CDAR,6.654078462375875,200
DARC,36.65275865388024,200
VNCD_MDD,0.1873438336732527,200
M3SDA_Reg,0.1138389030117889,200
CMSS_Reg,0.1136163020179525,200
TKRR,1.9120356628751776,300
CDAR,6.574279120243538,300
DARC,36.6469537649309,300
VNCD_MDD,0.1667265150056599,300
M3SDA_Reg,0.1152635863423795,300
CMSS_Reg,0.1131384055892078,300
TKRR,1.8244123917911783,500
CDAR,6.550488646557821,500
DARC,35.8855665870055,500
VNCD_MDD,0.1305050822283668,500
M3SDA_Reg,0.1162263393958667,500
CMSS_Reg,0.1046956100402663,500
XGBoost_Target_Only,0.1070392080960408,100
KRR_Target_Only,28.758523171291177,100
NN_Target_Only,21.214514195698545,100
XGBoost_Pool,0.1011599622902333,100
KRR_Pool,1.583795732441045,100
NN_Pool,5.41193654418004,100
XGBoost_TLCQM,0.1163295235269965,100
KRR_TLCQM,1.727929596045393,100
NN_TLCQM,0.1127731312114509,100
XGBoost_Target_Only,0.1049287431268592,200
KRR_Target_Only,19.04846633603105,200
NN_Target_Only,20.22339168568271,200
XGBoost_Pool,0.1005442405707561,200
KRR_Pool,1.5895888403439302,200
NN_Pool,3.4901362215063703,200
XGBoost_TLCQM,0.1013076613710675,200
KRR_TLCQM,1.6940774463327728,200
NN_TLCQM,0.1039563666311158,200
XGBoost_Target_Only,0.1129204052483174,300
KRR_Target_Only,14.636533946663754,300
NN_Target_Only,0.2939056101659539,300
XGBoost_Pool,0.0992452879693348,300
KRR_Pool,1.607585358088744,300
NN_Pool,3.4368808553323915,300
XGBoost_TLCQM,0.1003004066308826,300
KRR_TLCQM,1.7347122395784214,300
NN_TLCQM,0.1393858273901432,300
XGBoost_Target_Only,0.0969720888320194,500
KRR_Target_Only,8.916273093580987,500
NN_Target_Only,0.2082558791419255,500
XGBoost_Pool,0.0970684833045637,500
KRR_Pool,1.6426280278831078,500
NN_Pool,3.67003712791353,500
XGBoost_TLCQM,0.1045754785852911,500
KRR_TLCQM,1.7939346404750685,500
NN_TLCQM,0.1134845814033701,500
TKRR,1.8763450347014048,100
CDAR,6.071854182796967,100
DARC,30.46746538750324,100
VNCD_MDD,0.1588352005679782,100
M3SDA_Reg,0.1161273428237466,100
CMSS_Reg,0.1094458161385599,100
TKRR,1.9868143990553475,200
CDAR,5.904920559750914,200
DARC,22.45381118309394,200
VNCD_MDD,0.1516004332210252,200
M3SDA_Reg,0.11778983600908,200
CMSS_Reg,0.1072794724899698,200
TKRR,1.9145422464653208,300
CDAR,6.179895465028454,300
DARC,22.3557135160262,300
VNCD_MDD,0.1512493872214389,300
M3SDA_Reg,0.1150279341708552,300
CMSS_Reg,0.1086825939013515,300
TKRR,1.9169722388972013,500
CDAR,6.126419506398155,500
DARC,22.36690309771372,500
VNCD_MDD,0.1380808090105609,500
M3SDA_Reg,0.1235694112486588,500
CMSS_Reg,0.1019946255150204,500
XGBoost_Target_Only,0.1276931326251522,100
KRR_Target_Only,30.23987506441337,100
NN_Target_Only,18.451211905129696,100
XGBoost_Pool,0.1016603703882816,100
KRR_Pool,1.5966515897975522,100
NN_Pool,5.771897838175033,100
XGBoost_TLCQM,0.1045181222328574,100
KRR_TLCQM,1.7005853767674304,100
NN_TLCQM,0.1141434828141516,100
XGBoost_Target_Only,0.1094201682043486,200
KRR_Target_Only,17.906658461146435,200
NN_Target_Only,22.996994341772456,200
XGBoost_Pool,0.1005934620280427,200
KRR_Pool,1.542647706150617,200
NN_Pool,3.30389084856042,200
XGBoost_TLCQM,0.0981126577912074,200
KRR_TLCQM,1.6436120195856485,200
NN_TLCQM,0.4595218333474328,200
XGBoost_Target_Only,0.1065600549548603,300
KRR_Target_Only,13.462389556577143,300
NN_Target_Only,7.42579163554865,300
XGBoost_Pool,0.1004752813582861,300
KRR_Pool,1.5501131514182491,300
NN_Pool,2.5226998139328827,300
XGBoost_TLCQM,0.0987195588052082,300
KRR_TLCQM,1.643658439700909,300
NN_TLCQM,0.297393893067966,300
XGBoost_Target_Only,0.0966235915634814,500
KRR_Target_Only,9.224128504170364,500
NN_Target_Only,0.4973353489207183,500
XGBoost_Pool,0.0964375414635527,500
KRR_Pool,1.4952275681781464,500
NN_Pool,3.4897167205343957,500
XGBoost_TLCQM,0.101134096779208,500
KRR_TLCQM,1.563469608320082,500
NN_TLCQM,0.2052984582668855,500
TKRR,1.859183055577171,100
CDAR,5.765248795202149,100
DARC,21.785729438440157,100
VNCD_MDD,0.1814903765295802,100
M3SDA_Reg,0.1184135366659046,100
CMSS_Reg,0.1189467045195441,100
TKRR,1.7882503292147809,200
CDAR,6.175821985106375,200
DARC,21.00971562805804,200
VNCD_MDD,0.1407619908197406,200
M3SDA_Reg,0.1151048647702224,200
CMSS_Reg,0.1142064659457337,200
TKRR,1.837196351958494,300
CDAR,6.2022951234546655,300
DARC,21.480374737645384,300
VNCD_MDD,0.1395913600142949,300
M3SDA_Reg,0.1174604129864369,300
CMSS_Reg,0.1128380097721228,300
TKRR,1.7421698052856924,500
CDAR,6.266415935836147,500
DARC,22.156359355182857,500
VNCD_MDD,0.1311352582725843,500
M3SDA_Reg,0.1198841944544822,500
CMSS_Reg,0.108043895603557,500
XGBoost_Target_Only,0.1172570935246534,100
KRR_Target_Only,30.27603084188092,100
NN_Target_Only,22.182373504281536,100
XGBoost_Pool,0.099020288295705,100
KRR_Pool,1.5477734916283885,100
NN_Pool,5.660926157262785,100
XGBoost_TLCQM,0.1002910050674668,100
KRR_TLCQM,1.661363616557342,100
NN_TLCQM,1.9034458536459973,100
XGBoost_Target_Only,0.102268368863845,200
KRR_Target_Only,18.79684621105197,200
NN_Target_Only,18.87239083920085,200
XGBoost_Pool,0.0987257161437285,200
KRR_Pool,1.565130154732275,200
NN_Pool,3.4299789557864675,200
XGBoost_TLCQM,0.1061548865315196,200
KRR_TLCQM,1.702363588350604,200
NN_TLCQM,0.1128110552040719,200
XGBoost_Target_Only,0.098534163107082,300
KRR_Target_Only,13.85561378121933,300
NN_Target_Only,1.3898559359060303,300
XGBoost_Pool,0.0971243420507293,300
KRR_Pool,1.4946906896471204,300
NN_Pool,3.212486001679012,300
XGBoost_TLCQM,0.1016651439332601,300
KRR_TLCQM,1.58755217257534,300
NN_TLCQM,0.1056383395935823,300
XGBoost_Target_Only,0.0981245315422523,500
KRR_Target_Only,8.696392351490966,500
NN_Target_Only,0.6082400162043784,500
XGBoost_Pool,0.0962742413579209,500
KRR_Pool,1.431023100063904,500
NN_Pool,2.8868053941273417,500
XGBoost_TLCQM,0.1021458724591799,500
KRR_TLCQM,1.5117097500241052,500
NN_TLCQM,0.1177148850629123,500
TKRR,2.056768362261645,100
CDAR,5.693710043127122,100
DARC,28.567591455092444,100
VNCD_MDD,0.1755673300250989,100
M3SDA_Reg,0.1110847498490432,100
CMSS_Reg,0.1184766824846348,100
TKRR,1.866967286938064,200
CDAR,6.332847970658322,200
DARC,27.078538459438764,200
VNCD_MDD,0.1504230168968549,200
M3SDA_Reg,0.1078054993071383,200
CMSS_Reg,0.1185693400006398,200
TKRR,1.841085564137063,300
CDAR,6.245233844892335,300
DARC,27.172493217954447,300
VNCD_MDD,0.1550762914290945,300
M3SDA_Reg,0.1078695548723188,300
CMSS_Reg,0.1133902737529619,300
TKRR,1.8014936990233927,500
CDAR,6.185181875823667,500
DARC,27.47566374623196,500
VNCD_MDD,0.1405565473723486,500
M3SDA_Reg,0.1073929418028984,500
CMSS_Reg,0.104961530163887,500
XGBoost_Target_Only,0.1036557333529949,100
KRR_Target_Only,28.809281152334236,100
NN_Target_Only,21.765767324846085,100
XGBoost_Pool,0.1017012239726959,100
KRR_Pool,1.6274753079902158,100
NN_Pool,6.193423326913613,100
XGBoost_TLCQM,0.1147912156634181,100
KRR_TLCQM,1.7306449126199777,100
NN_TLCQM,0.1255307137281307,100
XGBoost_Target_Only,0.1095943001725131,200
KRR_Target_Only,19.068225871571247,200
NN_Target_Only,21.54050157829391,200
XGBoost_Pool,0.0996070264351338,200
KRR_Pool,1.6039479970061683,200
NN_Pool,3.187522362225236,200
XGBoost_TLCQM,0.1161695574324779,200
KRR_TLCQM,1.7089868420537704,200
NN_TLCQM,0.1178923869172694,200
XGBoost_Target_Only,0.0958935493566503,300
KRR_Target_Only,13.692365931125522,300
NN_Target_Only,6.248657547059342,300
XGBoost_Pool,0.0988844700499165,300
KRR_Pool,1.6006800045431446,300
NN_Pool,3.1983523388393245,300
XGBoost_TLCQM,0.1147122319248214,300
KRR_TLCQM,1.6928495909880044,300
NN_TLCQM,2.7034267668995486,300
XGBoost_Target_Only,0.0925888270299722,500
KRR_Target_Only,9.1761238611045,500
NN_Target_Only,0.7911198851521865,500
XGBoost_Pool,0.0932418636440009,500
KRR_Pool,1.4901101441981728,500
NN_Pool,3.2180917666657662,500
XGBoost_TLCQM,0.1110467993044841,500
KRR_TLCQM,1.605062317822896,500
NN_TLCQM,0.1147871931499467,500
TKRR,1.9041938757431227,100
CDAR,6.436617473407752,100
DARC,39.23614318728175,100
VNCD_MDD,0.1495227182197805,100
M3SDA_Reg,0.1164798132883239,100
CMSS_Reg,0.1176310776434119,100
TKRR,1.876246944378349,200
CDAR,5.431198501605227,200
DARC,18.75173744029234,200
VNCD_MDD,0.1301710562759763,200
M3SDA_Reg,0.1192835923750593,200
CMSS_Reg,0.114356431215524,200
TKRR,2.0049548830214943,300
CDAR,5.411502992035281,300
DARC,19.054022428723385,300
VNCD_MDD,0.1208269978564756,300
M3SDA_Reg,0.1166485343632943,300
CMSS_Reg,0.1075117300973376,300
TKRR,1.830925588709952,500
CDAR,5.388637922711884,500
DARC,19.954593417276108,500
VNCD_MDD,0.1216805712477959,500
M3SDA_Reg,0.1208975373820828,500
CMSS_Reg,0.1016813377669901,500
XGBoost_Target_Only,0.1103733354839819,100
KRR_Target_Only,30.468150789774104,100
NN_Target_Only,17.36828483881318,100
XGBoost_Pool,0.099475527129748,100
KRR_Pool,1.6618875387097345,100
NN_Pool,5.650049889519531,100
XGBoost_TLCQM,0.1050625687282273,100
KRR_TLCQM,1.789172902455416,100
NN_TLCQM,0.1879482934460376,100
XGBoost_Target_Only,0.109255434782448,200
KRR_Target_Only,20.583845640765784,200
NN_Target_Only,17.80615876233745,200
XGBoost_Pool,0.0986054678193447,200
KRR_Pool,1.653030602590993,200
NN_Pool,3.2182667567684264,200
XGBoost_TLCQM,0.1105701432049993,200
KRR_TLCQM,1.7516472341252187,200
NN_TLCQM,0.1200366043447313,200
XGBoost_Target_Only,0.1018399353550458,300
KRR_Target_Only,15.430944973607197,300
NN_Target_Only,6.416156654154815,300
XGBoost_Pool,0.0983466940428667,300
KRR_Pool,1.536230731820089,300
NN_Pool,3.7430857003996167,300
XGBoost_TLCQM,0.1022588956797999,300
KRR_TLCQM,1.6373816929556884,300
NN_TLCQM,0.1157309081710592,300
XGBoost_Target_Only,0.0981214173602833,500
KRR_Target_Only,9.091040818284226,500
NN_Target_Only,0.1940251948764196,500
XGBoost_Pool,0.0967320786343984,500
KRR_Pool,1.499146901246195,500
NN_Pool,3.2434321538725515,500
XGBoost_TLCQM,0.1048886712883895,500
KRR_TLCQM,1.6046921034366186,500
NN_TLCQM,0.1109014769299704,500
TKRR,1.9218405335170063,100
CDAR,6.39934278426515,100
DARC,22.565699885018734,100
VNCD_MDD,0.1802319524283813,100
M3SDA_Reg,0.1029624129118826,100
CMSS_Reg,0.1165279275961102,100
TKRR,1.9241706057696648,200
CDAR,6.94392678335738,200
DARC,34.348112029572434,200
VNCD_MDD,0.1465183345157689,200
M3SDA_Reg,0.1047138813167807,200
CMSS_Reg,0.1176694641646038,200
TKRR,1.87384891753012,300
CDAR,6.620578522914294,300
DARC,34.787132313368055,300
VNCD_MDD,0.1385897500955084,300
M3SDA_Reg,0.112393314560603,300
CMSS_Reg,0.1141343605867816,300
TKRR,1.806645768857079,500
CDAR,6.704254095463538,500
DARC,34.0710280226373,500
VNCD_MDD,0.12125998135336,500
M3SDA_Reg,0.1121451407379405,500
CMSS_Reg,0.1023966988881097,500
XGBoost_Target_Only,0.1225632482651873,100
KRR_Target_Only,28.05309762988038,100
NN_Target_Only,22.208237886809695,100
XGBoost_Pool,0.1019843734112904,100
KRR_Pool,1.6330476175650517,100
NN_Pool,5.535148635453117,100
XGBoost_TLCQM,0.1130872521213439,100
KRR_TLCQM,1.7973966108332675,100
NN_TLCQM,0.1752398000357242,100
XGBoost_Target_Only,0.1011217828209318,200
KRR_Target_Only,18.8371988920437,200
NN_Target_Only,23.585273010924887,200
XGBoost_Pool,0.1018146816780845,200
KRR_Pool,1.5880480719715748,200
NN_Pool,3.6104643100707015,200
XGBoost_TLCQM,0.0982125784816015,200
KRR_TLCQM,1.709683745004953,200
NN_TLCQM,0.1508936325087694,200
XGBoost_Target_Only,0.1014318287973977,300
KRR_Target_Only,13.446463826170406,300
NN_Target_Only,0.2934266475434985,300
XGBoost_Pool,0.0990100429385559,300
KRR_Pool,1.574976598072658,300
NN_Pool,5.483512102757301,300
XGBoost_TLCQM,0.1023304583924755,300
KRR_TLCQM,1.6850372780256664,300
NN_TLCQM,0.1187517423058875,300
XGBoost_Target_Only,0.0936497138935189,500
KRR_Target_Only,9.193971682135937,500
NN_Target_Only,0.4153490177516792,500
XGBoost_Pool,0.0971051824003935,500
KRR_Pool,1.5173542322969893,500
NN_Pool,3.2032999205741817,500
XGBoost_TLCQM,0.1057472387991282,500
KRR_TLCQM,1.6322588489295455,500
NN_TLCQM,0.11217605409085,500
TKRR,2.026768366039495,100
CDAR,6.009629308435231,100
DARC,30.37652423310129,100
VNCD_MDD,0.2236555316272292,100
M3SDA_Reg,0.1234042123231778,100
CMSS_Reg,0.1198796375616569,100
TKRR,1.9459214609974949,200
CDAR,5.6505172392488525,200
DARC,45.52892099127911,200
VNCD_MDD,0.1409596771849529,200
M3SDA_Reg,0.1216605656759602,200
CMSS_Reg,0.1111183505593004,200
TKRR,1.8657474479769196,300
CDAR,5.625561488526468,300
DARC,45.21913218629251,300
VNCD_MDD,0.1414220056715212,300
M3SDA_Reg,0.1197698311744084,300
CMSS_Reg,0.1089240964081337,300
TKRR,1.96388025885586,500
CDAR,5.499881371074008,500
DARC,46.1062557236807,500
VNCD_MDD,0.1308645440805378,500
M3SDA_Reg,0.1191102324602738,500
CMSS_Reg,0.1066743994404386,500
XGBoost_Target_Only,0.1148491515864788,100
KRR_Target_Only,30.653928561935817,100
NN_Target_Only,22.31910524455112,100
XGBoost_Pool,0.1007109674549963,100
KRR_Pool,1.6214680765936131,100
NN_Pool,3.382892951185677,100
XGBoost_TLCQM,0.1067112201619115,100
KRR_TLCQM,1.723905007217352,100
NN_TLCQM,0.1752110550157468,100
XGBoost_Target_Only,0.1155804298964066,200
KRR_Target_Only,17.46570549296797,200
NN_Target_Only,22.357386251443,200
XGBoost_Pool,0.099326970908203,200
KRR_Pool,1.6005764200139927,200
NN_Pool,3.345396636216743,200
XGBoost_TLCQM,0.1004769491035913,200
KRR_TLCQM,1.7318600273560654,200
NN_TLCQM,0.1340491524932808,200
XGBoost_Target_Only,0.1091648304114723,300
KRR_Target_Only,13.894897778693656,300
NN_Target_Only,0.3184735015214406,300
XGBoost_Pool,0.0989876064189611,300
KRR_Pool,1.5404147612022296,300
NN_Pool,5.569655198163122,300
XGBoost_TLCQM,0.1049634075617009,300
KRR_TLCQM,1.6521132191242076,300
NN_TLCQM,0.1382076216006325,300
XGBoost_Target_Only,0.099163958117289,500
KRR_Target_Only,9.235767590886043,500
NN_Target_Only,0.1824435565868293,500
XGBoost_Pool,0.0989623243971801,500
KRR_Pool,1.4653582640670122,500
NN_Pool,3.270831156930399,500
XGBoost_TLCQM,0.1038679993239616,500
KRR_TLCQM,1.5622168113594177,500
NN_TLCQM,0.1133603829718642,500
TKRR,1.979322224675853,100
CDAR,5.177761543524782,100
DARC,38.337926186835176,100
VNCD_MDD,0.2077967023499459,100
M3SDA_Reg,0.1219592150738017,100
CMSS_Reg,0.1163916490550799,100
TKRR,1.8855619202089549,200
CDAR,6.084867092101615,200
DARC,33.490825564276,200
VNCD_MDD,0.2101738832827832,200
M3SDA_Reg,0.1217471895665043,200
CMSS_Reg,0.1235187367133143,200
TKRR,1.8313249895750587,300
CDAR,6.17059038108189,300
DARC,34.00467206642269,300
VNCD_MDD,0.2001154309126689,300
M3SDA_Reg,0.1222535332573824,300
CMSS_Reg,0.1166560487831063,300
TKRR,1.7737867610152034,500
CDAR,6.202958449783478,500
DARC,37.773406891198285,500
VNCD_MDD,0.1563338069561526,500
M3SDA_Reg,0.1215999201674548,500
CMSS_Reg,0.1103083891776253,500
XGBoost_Target_Only,0.1156854826854382,100
KRR_Target_Only,28.96420605158737,100
NN_Target_Only,21.203670817214856,100
XGBoost_Pool,0.0992831476999241,100
KRR_Pool,1.6458345925380875,100
NN_Pool,3.415751678392523,100
XGBoost_TLCQM,0.1065109552589326,100
KRR_TLCQM,1.7816980398986326,100
NN_TLCQM,0.1175950085985586,100
XGBoost_Target_Only,0.1111605649747473,200
KRR_Target_Only,19.219398828874752,200
NN_Target_Only,21.9397586169423,200
XGBoost_Pool,0.099411306806308,200
KRR_Pool,1.6406666972421156,200
NN_Pool,3.4407767020439097,200
XGBoost_TLCQM,0.1024898769987983,200
KRR_TLCQM,1.7826570194614475,200
NN_TLCQM,0.2393800710382367,200
XGBoost_Target_Only,0.1003411711195331,300
KRR_Target_Only,14.64723972138454,300
NN_Target_Only,0.3220999713005537,300
XGBoost_Pool,0.0967943313163652,300
KRR_Pool,1.626489799070474,300
NN_Pool,5.099968138738059,300
XGBoost_TLCQM,0.1021098909356421,300
KRR_TLCQM,1.7528874126667262,300
NN_TLCQM,0.8085116458176104,300
XGBoost_Target_Only,0.0968233214035086,500
KRR_Target_Only,8.763603872349941,500
NN_Target_Only,0.2733914511316589,500
XGBoost_Pool,0.0950129747594399,500
KRR_Pool,1.533911608933519,500
NN_Pool,5.105490885634412,500
XGBoost_TLCQM,0.1062563660975794,500
KRR_TLCQM,1.6310322508763295,500
NN_TLCQM,0.1103481792228224,500
TKRR,1.936652152877356,100
CDAR,5.452042556214939,100
DARC,39.23580945157178,100
VNCD_MDD,0.1568362723015528,100
M3SDA_Reg,0.1205606533495949,100
CMSS_Reg,0.113844307106479,100
TKRR,1.946549014003389,200
CDAR,5.914061192632297,200
DARC,25.24844910227644,200
VNCD_MDD,0.1439986299122355,200
M3SDA_Reg,0.1228840365355282,200
CMSS_Reg,0.1065065094862714,200
TKRR,1.931966255114259,300
CDAR,5.990553704118184,300
DARC,25.22515330869227,300
VNCD_MDD,0.1308226962928518,300
M3SDA_Reg,0.1219570284672655,300
CMSS_Reg,0.1076458661112695,300
TKRR,1.8447053526907429,500
CDAR,5.943735940993355,500
DARC,24.71899754831541,500
VNCD_MDD,0.118656636346765,500
M3SDA_Reg,0.1193166294125354,500
CMSS_Reg,0.1038712967454705,500
XGBoost_Target_Only,0.1225567316655452,100
KRR_Target_Only,28.555544116931014,100
NN_Target_Only,22.367864845139465,100
XGBoost_Pool,0.1035003447711055,100
KRR_Pool,1.6306185314124488,100
NN_Pool,5.712326925176587,100
XGBoost_TLCQM,0.1016962610194675,100
KRR_TLCQM,1.7730446431870432,100
NN_TLCQM,0.1337658103926056,100
XGBoost_Target_Only,0.1018184495972441,200
KRR_Target_Only,18.161771422796736,200
NN_Target_Only,23.81524371909907,200
XGBoost_Pool,0.1007771734320672,200
KRR_Pool,1.5463831612929233,200
NN_Pool,3.534946680905072,200
XGBoost_TLCQM,0.0990951638052591,200
KRR_TLCQM,1.656496389050478,200
NN_TLCQM,0.1028544601445168,200
XGBoost_Target_Only,0.0965002583265066,300
KRR_Target_Only,12.730604054687731,300
NN_Target_Only,6.689552469773045,300
XGBoost_Pool,0.0992926624746125,300
KRR_Pool,1.5385009016281097,300
NN_Pool,3.3189681810360807,300
XGBoost_TLCQM,0.0979540562903907,300
KRR_TLCQM,1.636858083182166,300
NN_TLCQM,0.0999092090014822,300
XGBoost_Target_Only,0.0995929373782529,500
KRR_Target_Only,8.225710267758986,500
NN_Target_Only,0.3473355362125425,500
XGBoost_Pool,0.0994277244102535,500
KRR_Pool,1.458856557492875,500
NN_Pool,3.3036072665326603,500
XGBoost_TLCQM,0.1031944917285496,500
KRR_TLCQM,1.548837447217698,500
NN_TLCQM,0.1112708609914993,500
TKRR,2.0690761621840656,100
CDAR,6.404913790776682,100
DARC,29.547164258135886,100
VNCD_MDD,0.1470127778129988,100
M3SDA_Reg,0.1242720145041735,100
CMSS_Reg,0.1244138528193263,100
TKRR,1.8033610242835776,200
CDAR,5.001326713219235,200
DARC,42.37354438318637,200
VNCD_MDD,0.135721802130671,200
M3SDA_Reg,0.1169703181107253,200
CMSS_Reg,0.1077239977966859,200
TKRR,1.8005905096603136,300
CDAR,4.9380634135526265,300
DARC,42.38456009691517,300
VNCD_MDD,0.1310726484422532,300
M3SDA_Reg,0.1134149225573747,300
CMSS_Reg,0.1077455874076256,300
TKRR,1.788805186462712,500
CDAR,4.977028892934657,500
DARC,42.50665805244267,500
VNCD_MDD,0.1240475312138497,500
M3SDA_Reg,0.1230931085207303,500
CMSS_Reg,0.1074916164805046,500
XGBoost_Target_Only,0.125185832817795,100
KRR_Target_Only,30.997461889522675,100
NN_Target_Only,25.3418154553176,100
XGBoost_Pool,0.1013064516918853,100
KRR_Pool,1.6224674356981188,100
NN_Pool,5.757944868116561,100
XGBoost_TLCQM,0.1073370988906635,100
KRR_TLCQM,1.758369053065672,100
NN_TLCQM,0.1160591194917597,100
XGBoost_Target_Only,0.1112179806890095,200
KRR_Target_Only,18.66893580348196,200
NN_Target_Only,22.044361793502222,200
XGBoost_Pool,0.1005151074504987,200
KRR_Pool,1.591911812189072,200
NN_Pool,3.216628791306806,200
XGBoost_TLCQM,0.1054580561014844,200
KRR_TLCQM,1.7107842957225383,200
NN_TLCQM,1.0674356834040026,200
XGBoost_Target_Only,0.1071909639491648,300
KRR_Target_Only,13.017911958442845,300
NN_Target_Only,6.26482854036927,300
XGBoost_Pool,0.0994464782569697,300
KRR_Pool,1.589374223862542,300
NN_Pool,3.367633367997386,300
XGBoost_TLCQM,0.1045451193404822,300
KRR_TLCQM,1.6979828877389802,300
NN_TLCQM,0.1070941684927255,300
XGBoost_Target_Only,0.1002663535211703,500
KRR_Target_Only,8.671968417059505,500
NN_Target_Only,0.1479586304375102,500
XGBoost_Pool,0.0994367302617595,500
KRR_Pool,1.5190200808567509,500
NN_Pool,3.7803647861288807,500
XGBoost_TLCQM,0.1042027200211378,500
KRR_TLCQM,1.6105341217820126,500
NN_TLCQM,0.1276161982216172,500
TKRR,1.960889465749075,100
CDAR,5.614705670014904,100
DARC,39.36353969553434,100
VNCD_MDD,0.1622386957354131,100
M3SDA_Reg,0.1386661142428331,100
CMSS_Reg,0.1321967469382877,100
TKRR,1.9782974485710056,200
CDAR,6.086516847246657,200
DARC,28.605991968186647,200
VNCD_MDD,0.1646873064095551,200
M3SDA_Reg,0.1251468321410251,200
CMSS_Reg,0.1201691838485146,200
TKRR,1.869897165062998,300
CDAR,6.08518952801044,300
DARC,28.485335288261115,300
VNCD_MDD,0.154660906726803,300
M3SDA_Reg,0.1248021662210714,300
CMSS_Reg,0.1143955483189413,300
TKRR,1.7965568845363828,500
CDAR,6.095406756693095,500
DARC,27.977844765146923,500
VNCD_MDD,0.1207443205047424,500
M3SDA_Reg,0.1277116057354395,500
CMSS_Reg,0.1116439882023737,500
XGBoost_Target_Only,0.1226626951584905,100
KRR_Target_Only,27.3347299932814,100
NN_Target_Only,20.026673047182896,100
XGBoost_Pool,0.1010614400075509,100
KRR_Pool,1.6418665144867377,100
NN_Pool,5.495367745368803,100
XGBoost_TLCQM,0.109014757640837,100
KRR_TLCQM,1.7496283909472454,100
NN_TLCQM,0.1422045935570219,100
XGBoost_Target_Only,0.1072534784346433,200
KRR_Target_Only,18.86330361381413,200
NN_Target_Only,24.84290047904221,200
XGBoost_Pool,0.0995298351478824,200
KRR_Pool,1.5599434408660475,200
NN_Pool,4.022416464891215,200
XGBoost_TLCQM,0.1023942501250355,200
KRR_TLCQM,1.6485680801282503,200
NN_TLCQM,0.1944941220274927,200
XGBoost_Target_Only,0.098492748849205,300
KRR_Target_Only,14.311485609529695,300
NN_Target_Only,0.6064204243028093,300
XGBoost_Pool,0.0984635283884835,300
KRR_Pool,1.5071464225029765,300
NN_Pool,5.339798349440871,300
XGBoost_TLCQM,0.1068451880014009,300
KRR_TLCQM,1.5931753839391805,300
NN_TLCQM,0.3254189776948709,300
XGBoost_Target_Only,0.0953531792032759,500
KRR_Target_Only,8.909593444929591,500
NN_Target_Only,0.3927380601514419,500
XGBoost_Pool,0.0969353263221834,500
KRR_Pool,1.419409442719955,500
NN_Pool,3.2932509164274584,500
XGBoost_TLCQM,0.1045060884639457,500
KRR_TLCQM,1.5153367524644834,500
NN_TLCQM,0.1275565953844501,500
TKRR,2.1617872368825752,100
CDAR,6.326084635848476,100
DARC,35.65078813332978,100
VNCD_MDD,0.1578321577958188,100
M3SDA_Reg,0.1154508502684121,100
CMSS_Reg,0.129633936642316,100
TKRR,1.7940504499263477,200
CDAR,5.860714509792065,200
DARC,34.52349788295475,200
VNCD_MDD,0.1775869562307852,200
M3SDA_Reg,0.1121176412100489,200
CMSS_Reg,0.115799919513614,200
TKRR,1.760950758685555,300
CDAR,5.894513772088325,300
DARC,33.753800335955404,300
VNCD_MDD,0.1453810512130756,300
M3SDA_Reg,0.1151435149451379,300
CMSS_Reg,0.1109103185856347,300
TKRR,1.795430705637426,500
CDAR,5.788241523475897,500
DARC,34.26398595749634,500
VNCD_MDD,0.1468192897090708,500
M3SDA_Reg,0.1171048135926448,500
CMSS_Reg,0.1050768462009666,500
XGBoost_Target_Only,0.1372577554319608,100
KRR_Target_Only,31.290869888319243,100
NN_Target_Only,22.445353305511805,100
XGBoost_Pool,0.0981066240552089,100
KRR_Pool,1.5914504284698856,100
NN_Pool,6.227239860955465,100
XGBoost_TLCQM,0.1118738835793961,100
KRR_TLCQM,1.67186847434942,100
NN_TLCQM,0.1099899231091144,100
XGBoost_Target_Only,0.1176520278378069,200
KRR_Target_Only,18.42155017448407,200
NN_Target_Only,20.447212014819662,200
XGBoost_Pool,0.096918658353801,200
KRR_Pool,1.5886065892150003,200
NN_Pool,3.6954977604523616,200
XGBoost_TLCQM,0.1012007715019331,200
KRR_TLCQM,1.6906858279222032,200
NN_TLCQM,0.1371532941442101,200
XGBoost_Target_Only,0.0979853804298114,300
KRR_Target_Only,13.01956233269091,300
NN_Target_Only,6.5594548771428975,300
XGBoost_Pool,0.0959380922535111,300
KRR_Pool,1.529894514328594,300
NN_Pool,4.115754827000842,300
XGBoost_TLCQM,0.1174578133527042,300
KRR_TLCQM,1.6468588105612114,300
NN_TLCQM,0.1365680238176822,300
XGBoost_Target_Only,0.0976489964062989,500
KRR_Target_Only,8.634164441595718,500
NN_Target_Only,0.3247417189062329,500
XGBoost_Pool,0.0975500415020537,500
KRR_Pool,1.492186520132682,500
NN_Pool,3.363073532108538,500
XGBoost_TLCQM,0.1008624032925149,500
KRR_TLCQM,1.5788907361930304,500
NN_TLCQM,0.1971758758824925,500
TKRR,2.038034293361618,100
CDAR,5.908289655260556,100
DARC,31.305371970850054,100
VNCD_MDD,0.1594663239196247,100
M3SDA_Reg,0.121482322086117,100
CMSS_Reg,0.115359953050027,100
TKRR,1.844573056051231,200
CDAR,5.961003559079282,200
DARC,37.909227131886496,200
VNCD_MDD,0.1648415696841313,200
M3SDA_Reg,0.1157297594658516,200
CMSS_Reg,0.1159314549294128,200
TKRR,1.8307524354095983,300
CDAR,5.981038818211335,300
DARC,38.20803721692325,300
VNCD_MDD,0.1516595311865771,300
M3SDA_Reg,0.1254513420267374,300
CMSS_Reg,0.1126848158892196,300
TKRR,1.825763387976067,500
CDAR,6.038077952091682,500
DARC,38.53215685355913,500
VNCD_MDD,0.1308020784944258,500
M3SDA_Reg,0.1239430776705367,500
CMSS_Reg,0.1048575740582433,500
XGBoost_Target_Only,0.1119951054840619,100
KRR_Target_Only,29.64639089677149,100
NN_Target_Only,20.97049673402214,100
XGBoost_Pool,0.0993143885231668,100
KRR_Pool,1.6258815531691877,100
NN_Pool,5.616834840829273,100
XGBoost_TLCQM,0.1133615710545692,100
KRR_TLCQM,1.774556054313424,100
NN_TLCQM,0.111231310100701,100
XGBoost_Target_Only,0.110079788419623,200
KRR_Target_Only,20.45231555349054,200
NN_Target_Only,21.18923761506601,200
XGBoost_Pool,0.0972643515808134,200
KRR_Pool,1.6001737668319107,200
NN_Pool,3.346205233545492,200
XGBoost_TLCQM,0.1067117043529379,200
KRR_TLCQM,1.7499296887771694,200
NN_TLCQM,0.4813651201883603,200
XGBoost_Target_Only,0.1004842685112502,300
KRR_Target_Only,15.18617635976446,300
NN_Target_Only,0.325970740554613,300
XGBoost_Pool,0.0981320356925806,300
KRR_Pool,1.547716152861004,300
NN_Pool,5.549041794461394,300
XGBoost_TLCQM,0.1096384853370281,300
KRR_TLCQM,1.6876515384665127,300
NN_TLCQM,0.2859855537713002,300
XGBoost_Target_Only,0.0959028871907169,500
KRR_Target_Only,9.40542602881177,500
NN_Target_Only,0.1970041334905808,500
XGBoost_Pool,0.0970917186513537,500
KRR_Pool,1.4590396827745404,500
NN_Pool,2.930389242977991,500
XGBoost_TLCQM,0.1014286571016978,500
KRR_TLCQM,1.5785088551644375,500
NN_TLCQM,0.1098924539476047,500
TKRR,2.0635450868557306,100
CDAR,5.68453388832415,100
DARC,22.802959353206266,100
VNCD_MDD,0.1752362325317635,100
M3SDA_Reg,0.1167577710103464,100
CMSS_Reg,0.1221038909315475,100
TKRR,2.0530690562266525,200
CDAR,6.2518938945285045,200
DARC,33.62766280234334,200
VNCD_MDD,0.1385279350528045,200
M3SDA_Reg,0.1175679400670445,200
CMSS_Reg,0.1138764643209566,200
TKRR,1.971007335629236,300
CDAR,6.259802028513962,300
DARC,33.237225087131925,300
VNCD_MDD,0.1432058660917964,300
M3SDA_Reg,0.1182119171369996,300
CMSS_Reg,0.1162768978733542,300
TKRR,1.8551525045150192,500
CDAR,6.170529139108103,500
DARC,32.58149831237612,500
VNCD_MDD,0.125321403143799,500
M3SDA_Reg,0.1191472936529973,500
CMSS_Reg,0.1133893984320807,500
XGBoost_Target_Only,0.1180172191330708,100
KRR_Target_Only,28.037082934159923,100
NN_Target_Only,19.89281285470775,100
XGBoost_Pool,0.0988389523123409,100
KRR_Pool,1.6354832951778029,100
NN_Pool,5.7214725226357,100
XGBoost_TLCQM,0.1021241005780918,100
KRR_TLCQM,1.762916315536479,100
NN_TLCQM,0.1075659740554069,100
XGBoost_Target_Only,0.1012722247153565,200
KRR_Target_Only,18.511136932108368,200
NN_Target_Only,22.57627586472957,200
XGBoost_Pool,0.1007204668120992,200
KRR_Pool,1.6105727778156531,200
NN_Pool,3.404566525261337,200
XGBoost_TLCQM,0.1078354977637601,200
KRR_TLCQM,1.718596946205426,200
NN_TLCQM,0.1097449189713108,200
XGBoost_Target_Only,0.0987252860336991,300
KRR_Target_Only,14.01667963047637,300
NN_Target_Only,6.754728860116116,300
XGBoost_Pool,0.0975704993212861,300
KRR_Pool,1.5640490939294247,300
NN_Pool,3.45567782931358,300
XGBoost_TLCQM,0.1037609780417848,300
KRR_TLCQM,1.6724271609812429,300
NN_TLCQM,0.1062598657548766,300
XGBoost_Target_Only,0.0959363491885123,500
KRR_Target_Only,8.811483150175897,500
NN_Target_Only,0.1847577854581361,500
XGBoost_Pool,0.0970612507433093,500
KRR_Pool,1.5331702652327237,500
NN_Pool,3.413133635861059,500
XGBoost_TLCQM,0.1065546846111761,500
KRR_TLCQM,1.6426957338148964,500
NN_TLCQM,0.1373691009069101,500
TKRR,1.9487346287491407,100
CDAR,5.533706435003476,100
DARC,40.61196531763656,100
VNCD_MDD,0.1524709313983074,100
M3SDA_Reg,0.1183710802138176,100
CMSS_Reg,0.1170942892521669,100
TKRR,1.9233213467966697,200
CDAR,5.760703228566388,200
DARC,6.033706690289852,200
VNCD_MDD,0.1496730182313613,200
M3SDA_Reg,0.124810140445672,200
CMSS_Reg,0.1098775826051402,200
TKRR,1.9427772358644084,300
CDAR,5.775135057545592,300
DARC,31.80002775010748,300
VNCD_MDD,0.1440361929645423,300
M3SDA_Reg,0.1169209048223857,300
CMSS_Reg,0.106526574889947,300
TKRR,1.8128718341828052,500
CDAR,5.749461856498149,500
DARC,40.00363803104197,500
VNCD_MDD,0.1462320966638838,500
M3SDA_Reg,0.1217916820591167,500
CMSS_Reg,0.1020191637273596,500
XGBoost_Target_Only,0.1281860813601479,100
KRR_Target_Only,28.233620329047795,100
NN_Target_Only,20.77117132145213,100
XGBoost_Pool,0.1002529133316362,100
KRR_Pool,1.63450648288482,100
NN_Pool,5.279122054828417,100
XGBoost_TLCQM,0.1000443573527149,100
KRR_TLCQM,1.7514363205776788,100
NN_TLCQM,1.3350628995675704,100
XGBoost_Target_Only,0.1181302498171526,200
KRR_Target_Only,18.75391865982525,200
NN_Target_Only,19.87867720346465,200
XGBoost_Pool,0.1000161185243627,200
KRR_Pool,1.637434021553631,200
NN_Pool,3.686848259996637,200
XGBoost_TLCQM,0.1063670180637807,200
KRR_TLCQM,1.767263786079996,200
NN_TLCQM,0.1102091952165641,200
XGBoost_Target_Only,0.0992415004236231,300
KRR_Target_Only,13.45919494836573,300
NN_Target_Only,0.2484755946360536,300
XGBoost_Pool,0.0995000745747411,300
KRR_Pool,1.5263856039305677,300
NN_Pool,5.30380841288674,300
XGBoost_TLCQM,0.1070518166530621,300
KRR_TLCQM,1.617074925189505,300
NN_TLCQM,0.1072721780032253,300
XGBoost_Target_Only,0.0932292030790282,500
KRR_Target_Only,8.567944219793338,500
NN_Target_Only,0.1469385086028657,500
XGBoost_Pool,0.0947894677372207,500
KRR_Pool,1.5022837842080352,500
NN_Pool,5.362945137906368,500
XGBoost_TLCQM,0.10919526784841,500
KRR_TLCQM,1.5924742545489976,500
NN_TLCQM,0.1097944233522615,500
TKRR,1.8986440103010596,100
CDAR,5.415695951204488,100
DARC,39.35284496104512,100
VNCD_MDD,0.1577848511983754,100
M3SDA_Reg,0.1202611397371072,100
CMSS_Reg,0.122282010492408,100
TKRR,1.946799089796197,200
CDAR,5.288057447855735,200
DARC,35.34143671301751,200
VNCD_MDD,0.1712728756769439,200
M3SDA_Reg,0.1155113789372479,200
CMSS_Reg,0.1197843414173306,200
TKRR,1.9518084250321,300
CDAR,5.193193470815938,300
DARC,33.071271777904926,300
VNCD_MDD,0.1389632243619959,300
M3SDA_Reg,0.1208694671401984,300
CMSS_Reg,0.1113584370259704,300
TKRR,1.843870723354056,500
CDAR,5.290419451934021,500
DARC,35.68392122871687,500
VNCD_MDD,0.139851805890907,500
M3SDA_Reg,0.115975823583308,500
CMSS_Reg,0.1047006407397537,500
XGBoost_Target_Only,0.1034547819708688,100
KRR_Target_Only,29.263015510593625,100
NN_Target_Only,17.82155540945756,100
XGBoost_Pool,0.1016955770957317,100
KRR_Pool,1.6268625199997084,100
NN_Pool,3.246066370531368,100
XGBoost_TLCQM,0.1377003618401901,100
KRR_TLCQM,1.7127020969239768,100
NN_TLCQM,0.1535994426979286,100
XGBoost_Target_Only,0.1015152591292125,200
KRR_Target_Only,20.66252995225957,200
NN_Target_Only,20.256769392411204,200
XGBoost_Pool,0.0997227605836005,200
KRR_Pool,1.587082217696207,200
NN_Pool,3.347431055076515,200
XGBoost_TLCQM,0.1209783222369725,200
KRR_TLCQM,1.669876867246958,200
NN_TLCQM,0.118993315015672,200
XGBoost_Target_Only,0.1030292829716328,300
KRR_Target_Only,13.90447578500298,300
NN_Target_Only,0.2914227271418198,300
XGBoost_Pool,0.0988661884872584,300
KRR_Pool,1.5645650586297848,300
NN_Pool,3.270322478400084,300
XGBoost_TLCQM,0.1085757290708911,300
KRR_TLCQM,1.6555336887586032,300
NN_TLCQM,0.2023587122116996,300
XGBoost_Target_Only,0.0956518295085181,500
KRR_Target_Only,9.005296989656244,500
NN_Target_Only,0.2681991728231595,500
XGBoost_Pool,0.0940655273215835,500
KRR_Pool,1.5657453108068506,500
NN_Pool,3.128059504436714,500
XGBoost_TLCQM,0.1046807937184388,500
KRR_TLCQM,1.6569765342536358,500
NN_TLCQM,0.1081429000026129,500
TKRR,1.896188788856726,100
CDAR,5.790915186743299,100
DARC,24.162081295444278,100
VNCD_MDD,0.1735537107905579,100
M3SDA_Reg,0.1142351684194081,100
CMSS_Reg,0.1158883231753083,100
TKRR,1.8694846725944416,200
CDAR,5.513246237534202,200
DARC,36.79030544889261,200
VNCD_MDD,0.1497359141319178,200
M3SDA_Reg,0.1133937411343775,200
CMSS_Reg,0.1117999157872992,200
TKRR,1.871506339660548,300
CDAR,5.405828726377276,300
DARC,37.05621843457942,300
VNCD_MDD,0.1456296981644554,300
M3SDA_Reg,0.1145286614245775,300
CMSS_Reg,0.108084816013488,300
TKRR,1.858985540609142,500
CDAR,5.37473734528552,500
DARC,38.198426878021685,500
VNCD_MDD,0.1309206686692565,500
M3SDA_Reg,0.1160544290754286,500
CMSS_Reg,0.1025251433449089,500
XGBoost_Target_Only,0.1075751508900485,100
KRR_Target_Only,28.706743200463134,100
NN_Target_Only,21.178878273835693,100
XGBoost_Pool,0.1009827701074965,100
KRR_Pool,1.6356039354781382,100
NN_Pool,3.927400298051292,100
XGBoost_TLCQM,0.1127722449125717,100
KRR_TLCQM,1.74834888876006,100
NN_TLCQM,0.1391370899285281,100
XGBoost_Target_Only,0.0980372402029666,200
KRR_Target_Only,20.52468060065406,200
NN_Target_Only,21.417761753862443,200
XGBoost_Pool,0.0993210636479157,200
KRR_Pool,1.615046429676514,200
NN_Pool,3.747275197820707,200
XGBoost_TLCQM,0.1034263599507386,200
KRR_TLCQM,1.739103170426467,200
NN_TLCQM,0.1110578771631975,200
XGBoost_Target_Only,0.0975558790395467,300
KRR_Target_Only,15.038864532976085,300
NN_Target_Only,0.4497807015575843,300
XGBoost_Pool,0.0989290477264821,300
KRR_Pool,1.6022779536044514,300
NN_Pool,3.347780810498348,300
XGBoost_TLCQM,0.1061981533516458,300
KRR_TLCQM,1.724880152510963,300
NN_TLCQM,0.117983120087872,300
XGBoost_Target_Only,0.0948839527488544,500
KRR_Target_Only,9.343741851485596,500
NN_Target_Only,1.333488136576147,500
XGBoost_Pool,0.0976309075696965,500
KRR_Pool,1.53410834779204,500
NN_Pool,3.3440146354057485,500
XGBoost_TLCQM,0.1018699239470762,500
KRR_TLCQM,1.6645945513489808,500
NN_TLCQM,0.1984224378819065,500
TKRR,1.9127341345805675,100
CDAR,5.493003225842696,100
DARC,26.621016482302544,100
VNCD_MDD,0.142669029202407,100
M3SDA_Reg,0.1062668522575579,100
CMSS_Reg,0.1158894886888918,100
TKRR,1.9019175558583177,200
CDAR,5.267403048768137,200
DARC,30.226126649703563,200
VNCD_MDD,0.1368731286581319,200
M3SDA_Reg,0.1153474360282368,200
CMSS_Reg,0.113079067619207,200
TKRR,1.876371112207328,300
CDAR,5.256466389028432,300
DARC,42.60884520371519,300
VNCD_MDD,0.1411727161322172,300
M3SDA_Reg,0.1164065023685174,300
CMSS_Reg,0.1153004879671494,300
TKRR,1.8172012418890464,500
CDAR,5.279036138104666,500
DARC,29.4965398919932,500
VNCD_MDD,0.1196652465124474,500
M3SDA_Reg,0.1275685089981367,500
CMSS_Reg,0.1071396041443536,500
XGBoost_Target_Only,0.1041717172079877,100
KRR_Target_Only,28.8783520938632,100
NN_Target_Only,22.903389853110795,100
XGBoost_Pool,0.1001867954371524,100
KRR_Pool,1.6220055675620084,100
NN_Pool,5.402483234845359,100
XGBoost_TLCQM,0.1242475403793699,100
KRR_TLCQM,1.748656589160679,100
NN_TLCQM,0.1274218748099682,100
XGBoost_Target_Only,0.1008399310277942,200
KRR_Target_Only,19.04514099055622,200
NN_Target_Only,25.843915854414917,200
XGBoost_Pool,0.096585222317385,200
KRR_Pool,1.573941377130185,200
NN_Pool,3.396077265322102,200
XGBoost_TLCQM,0.100721453288213,200
KRR_TLCQM,1.6945746060252995,200
NN_TLCQM,0.109750679522302,200
XGBoost_Target_Only,0.0954562662602091,300
KRR_Target_Only,13.98399874762382,300
NN_Target_Only,0.7024138037563679,300
XGBoost_Pool,0.0939391150064736,300
KRR_Pool,1.5427533818996424,300
NN_Pool,4.055432794925036,300
XGBoost_TLCQM,0.1030249097514803,300
KRR_TLCQM,1.6651043143824673,300
NN_TLCQM,0.1341876374045111,300
XGBoost_Target_Only,0.0942285243190657,500
KRR_Target_Only,8.95723176212338,500
NN_Target_Only,0.4458028745645987,500
XGBoost_Pool,0.0933220296134395,500
KRR_Pool,1.5102751767002367,500
NN_Pool,4.920150170342503,500
XGBoost_TLCQM,0.100372892139628,500
KRR_TLCQM,1.622849794279562,500
NN_TLCQM,0.1047081153605437,500
TKRR,1.9220978742541048,100
CDAR,5.240039872842599,100
DARC,31.065470646906963,100
VNCD_MDD,0.1609665922248367,100
M3SDA_Reg,0.1107359964841821,100
CMSS_Reg,0.109803052010808,100
TKRR,2.100471015352402,200
CDAR,5.47169622085326,200
DARC,38.19616430791409,200
VNCD_MDD,0.1317109510033349,200
M3SDA_Reg,0.1147280612229643,200
CMSS_Reg,0.1004356761740102,200
TKRR,1.8752450733523496,300
CDAR,5.286362618926316,300
DARC,38.62298707770819,300
VNCD_MDD,0.1332429867168453,300
M3SDA_Reg,0.113623378678985,300
CMSS_Reg,0.103765516717434,300
TKRR,1.8009789029323506,500
CDAR,5.284596189402797,500
DARC,38.51308490345527,500
VNCD_MDD,0.124092927778504,500
M3SDA_Reg,0.1154851124930743,500
CMSS_Reg,0.0982724083711012,500
XGBoost_Target_Only,0.1158176182279437,100
KRR_Target_Only,29.95854375474012,100
NN_Target_Only,18.90028365816749,100
XGBoost_Pool,0.1005312329639782,100
KRR_Pool,1.62773768539754,100
NN_Pool,5.7396116690891,100
XGBoost_TLCQM,0.1392163995688204,100
KRR_TLCQM,1.83471772282512,100
NN_TLCQM,0.144558260650982,100
XGBoost_Target_Only,0.1101822881458566,200
KRR_Target_Only,18.588956131528157,200
NN_Target_Only,20.35895968481106,200
XGBoost_Pool,0.0992789227057355,200
KRR_Pool,1.582598299224019,200
NN_Pool,3.690942771168732,200
XGBoost_TLCQM,0.1109524935758873,200
KRR_TLCQM,1.7024680987795398,200
NN_TLCQM,0.114144024618437,200
XGBoost_Target_Only,0.0945962732599007,300
KRR_Target_Only,12.688272105893308,300
NN_Target_Only,6.168060344389165,300
XGBoost_Pool,0.097270274743962,300
KRR_Pool,1.5479768722597482,300
NN_Pool,3.3267322073543704,300
XGBoost_TLCQM,0.1085276602988538,300
KRR_TLCQM,1.6470505918060512,300
NN_TLCQM,0.1124596442770718,300
XGBoost_Target_Only,0.0910164613617208,500
KRR_Target_Only,9.49172472325245,500
NN_Target_Only,0.3254085935100331,500
XGBoost_Pool,0.095787552253061,500
KRR_Pool,1.3931229717049074,500
NN_Pool,3.5030605435547506,500
XGBoost_TLCQM,0.0998135121766628,500
KRR_TLCQM,1.4909835525394604,500
NN_TLCQM,0.108233692631887,500
TKRR,1.9746208923412527,100
CDAR,5.703375887267758,100
DARC,29.69922470447841,100
VNCD_MDD,0.1970665759535692,100
M3SDA_Reg,0.1084576070626931,100
CMSS_Reg,0.1136402848511282,100
TKRR,1.8709229516759385,200
CDAR,5.338035640606502,200
DARC,35.67967735078332,200
VNCD_MDD,0.18600459084159,200
M3SDA_Reg,0.1135716957884101,200
CMSS_Reg,0.112332735143394,200
TKRR,1.8252898338169223,300
CDAR,5.120310234752542,300
DARC,35.87965886802146,300
VNCD_MDD,0.1557053958000349,300
M3SDA_Reg,0.1133704903410811,300
CMSS_Reg,0.106902682018549,300
TKRR,1.7296716951570303,500
CDAR,5.134719675833592,500
DARC,36.45791904116835,500
VNCD_MDD,0.1348601676089686,500
M3SDA_Reg,0.1168056203461042,500
CMSS_Reg,0.1044533910482708,500
XGBoost_Target_Only,0.1108041231724767,100
KRR_Target_Only,29.192381060970835,100
NN_Target_Only,22.526435006261767,100
XGBoost_Pool,0.1013104750566847,100
KRR_Pool,1.5456721930880415,100
NN_Pool,5.694914093093245,100
XGBoost_TLCQM,0.1079567266125324,100
KRR_TLCQM,1.658656052379324,100
NN_TLCQM,0.1055968492034127,100
XGBoost_Target_Only,0.1024272287048804,200
KRR_Target_Only,20.19553905171516,200
NN_Target_Only,27.485083559781312,200
XGBoost_Pool,0.1008974451071268,200
KRR_Pool,1.5174068939037588,200
NN_Pool,3.4871035577721545,200
XGBoost_TLCQM,0.1022336832757118,200
KRR_TLCQM,1.6051264356926511,200
NN_TLCQM,0.1169644767310369,200
XGBoost_Target_Only,0.1012167161117796,300
KRR_Target_Only,14.909282920238642,300
NN_Target_Only,0.360317382927863,300
XGBoost_Pool,0.0994702027355752,300
KRR_Pool,1.5337489626357763,300
NN_Pool,3.4052355733209247,300
XGBoost_TLCQM,0.1084119254696289,300
KRR_TLCQM,1.609647144756368,300
NN_TLCQM,0.1255784641004643,300
XGBoost_Target_Only,0.0911143969059506,500
KRR_Target_Only,9.293938874690305,500
NN_Target_Only,0.2382021589848364,500
XGBoost_Pool,0.0952112795577937,500
KRR_Pool,1.4634573435425229,500
NN_Pool,3.121740412017091,500
XGBoost_TLCQM,0.1024324981557943,500
KRR_TLCQM,1.5369258684946732,500
NN_TLCQM,0.1280171111124477,500
TKRR,1.8475910301989067,100
CDAR,5.754124752369879,100
DARC,28.913772756388195,100
VNCD_MDD,0.1702356486561231,100
M3SDA_Reg,0.1154938762357453,100
CMSS_Reg,0.1160453444456714,100
TKRR,1.826710273861613,200
CDAR,5.76621817290741,200
DARC,29.49274760971277,200
VNCD_MDD,0.1619440359738449,200
M3SDA_Reg,0.121554308255406,200
CMSS_Reg,0.1111821952395944,200
TKRR,1.7824771234896548,300
CDAR,5.3506866582369454,300
DARC,27.93776512547624,300
VNCD_MDD,0.1478806605010094,300
M3SDA_Reg,0.1196730124274929,300
CMSS_Reg,0.1123765255391659,300
TKRR,1.7919173319618549,500
CDAR,5.2619871935209135,500
DARC,29.10595156404717,500
VNCD_MDD,0.1376068133686364,500
M3SDA_Reg,0.1123110262041552,500
CMSS_Reg,0.0983153890033828,500
XGBoost_Target_Only,0.1110372768037429,100
KRR_Target_Only,30.137336399277807,100
NN_Target_Only,25.12295211402165,100
XGBoost_Pool,0.1011270647710065,100
KRR_Pool,1.5979022922424833,100
NN_Pool,5.531761634387912,100
XGBoost_TLCQM,0.1073694013411432,100
KRR_TLCQM,1.7120746251783296,100
NN_TLCQM,0.1111171107055533,100
XGBoost_Target_Only,0.1028495073722222,200
KRR_Target_Only,20.5846531006474,200
NN_Target_Only,25.874291241352868,200
XGBoost_Pool,0.1005647036951965,200
KRR_Pool,1.5215223490263787,200
NN_Pool,3.5772267035821588,200
XGBoost_TLCQM,0.1001856177655487,200
KRR_TLCQM,1.6434042553672594,200
NN_TLCQM,0.0995532475184872,200
XGBoost_Target_Only,0.1010058841452172,300
KRR_Target_Only,15.33518161703146,300
NN_Target_Only,0.2147123131919601,300
XGBoost_Pool,0.0996241918308089,300
KRR_Pool,1.4629518971378628,300
NN_Pool,3.8517407656837066,300
XGBoost_TLCQM,0.1091737573644045,300
KRR_TLCQM,1.587106876627112,300
NN_TLCQM,0.144039506813499,300
XGBoost_Target_Only,0.0981566182641553,500
KRR_Target_Only,8.651356503033398,500
NN_Target_Only,0.2842682789417259,500
XGBoost_Pool,0.0970752658381107,500
KRR_Pool,1.3817616329693645,500
NN_Pool,3.34928628743072,500
XGBoost_TLCQM,0.0988234638452184,500
KRR_TLCQM,1.481838924608057,500
NN_TLCQM,0.0997577035289651,500
TKRR,1.866481810374813,100
CDAR,6.724989333539945,100
DARC,37.100226394370594,100
VNCD_MDD,0.1907924611604789,100
M3SDA_Reg,0.1235028580707831,100
CMSS_Reg,0.1154340436426391,100
TKRR,1.811576958872673,200
CDAR,5.864608112470525,200
DARC,28.262140812024548,200
VNCD_MDD,0.1463807476018557,200
M3SDA_Reg,0.135315567923753,200
CMSS_Reg,0.1111225894371088,200
TKRR,1.7961186972259515,300
CDAR,5.672033156187262,300
DARC,28.0709997083808,300
VNCD_MDD,0.136939522761923,300
M3SDA_Reg,0.1384008769531336,300
CMSS_Reg,0.1088370129683105,300
TKRR,1.709248196021559,500
CDAR,5.607858370487342,500
DARC,27.8313226626673,500
VNCD_MDD,0.1388824839102081,500
M3SDA_Reg,0.1302840941176953,500
CMSS_Reg,0.1001455027299592,500
XGBoost_Target_Only,0.1167999420982243,100
KRR_Target_Only,28.33366930324219,100
NN_Target_Only,16.881107120584883,100
XGBoost_Pool,0.0994768068372277,100
KRR_Pool,1.6618493093348714,100
NN_Pool,5.706769100307824,100
XGBoost_TLCQM,0.1052876807977533,100
KRR_TLCQM,1.761920450105766,100
NN_TLCQM,0.108806573409648,100
XGBoost_Target_Only,0.1062860727272119,200
KRR_Target_Only,19.451661389636413,200
NN_Target_Only,21.72619332615056,200
XGBoost_Pool,0.0989585969548178,200
KRR_Pool,1.5685551041293246,200
NN_Pool,3.2100674805987937,200
XGBoost_TLCQM,0.1059367493347006,200
KRR_TLCQM,1.6653385649349648,200
NN_TLCQM,0.1137338316334997,200
XGBoost_Target_Only,0.0983819969689765,300
KRR_Target_Only,14.091501492905335,300
NN_Target_Only,7.069422659433768,300
XGBoost_Pool,0.0969987343274188,300
KRR_Pool,1.565811867421991,300
NN_Pool,3.393127165425969,300
XGBoost_TLCQM,0.1013890493101498,300
KRR_TLCQM,1.6601434451409902,300
NN_TLCQM,0.1140086500183236,300
XGBoost_Target_Only,0.0937960772104668,500
KRR_Target_Only,8.712029110284037,500
NN_Target_Only,1.0936056128160283,500
XGBoost_Pool,0.0945166722665932,500
KRR_Pool,1.452228233306463,500
NN_Pool,3.3474071784861303,500
XGBoost_TLCQM,0.1046151981505132,500
KRR_TLCQM,1.5214475121058098,500
NN_TLCQM,0.1271700417245297,500
TKRR,1.905869148527302,100
CDAR,6.520542724394263,100
DARC,15.035924525953115,100
VNCD_MDD,0.16868319906381,100
M3SDA_Reg,0.1195822563097163,100
CMSS_Reg,0.1256191603315486,100
TKRR,1.887124866122456,200
CDAR,5.15622998243863,200
DARC,37.564191241824616,200
VNCD_MDD,0.1499669705864481,200
M3SDA_Reg,0.1199948698668779,200
CMSS_Reg,0.1136510305313701,200
TKRR,2.1638844353229154,300
CDAR,5.194807608017845,300
DARC,37.94795971807897,300
VNCD_MDD,0.1456889085702899,300
M3SDA_Reg,0.1159601397367047,300
CMSS_Reg,0.107244055943335,300
TKRR,1.7087944382485756,500
CDAR,5.115401795752903,500
DARC,37.87411572975709,500
VNCD_MDD,0.1387701280610783,500
M3SDA_Reg,0.1210463089502036,500
CMSS_Reg,0.1051551509657017,500
XGBoost_Target_Only,0.1171482735983175,100
KRR_Target_Only,27.665299441089697,100
NN_Target_Only,15.925296495211368,100
XGBoost_Pool,0.1025459985488466,100
KRR_Pool,1.6542094195299726,100
NN_Pool,5.6792395180244695,100
XGBoost_TLCQM,0.1127016101581559,100
KRR_TLCQM,1.8244716061014223,100
NN_TLCQM,0.1792621608348656,100
XGBoost_Target_Only,0.1156150297191433,200
KRR_Target_Only,17.709721983101286,200
NN_Target_Only,17.373935597428215,200
XGBoost_Pool,0.0999869216429009,200
KRR_Pool,1.630423906928779,200
NN_Pool,4.92651357706337,200
XGBoost_TLCQM,0.1057830416616089,200
KRR_TLCQM,1.7523669083093456,200
NN_TLCQM,0.1370369559718844,200
XGBoost_Target_Only,0.105747959521641,300
KRR_Target_Only,13.894369031257558,300
NN_Target_Only,0.4277422152371583,300
XGBoost_Pool,0.0989959262187135,300
KRR_Pool,1.6224610735312144,300
NN_Pool,2.985282802375417,300
XGBoost_TLCQM,0.1027021096068075,300
KRR_TLCQM,1.731964678877367,300
NN_TLCQM,0.1068516793245294,300
XGBoost_Target_Only,0.1022775139257988,500
KRR_Target_Only,9.597182901889491,500
NN_Target_Only,0.2590417772773976,500
XGBoost_Pool,0.0976731057111237,500
KRR_Pool,1.630595991785303,500
NN_Pool,4.547504036366879,500
XGBoost_TLCQM,0.1018423636997621,500
KRR_TLCQM,1.740822136024027,500
NN_TLCQM,0.112384358558388,500
TKRR,1.9138385236885904,100
CDAR,6.635414224337469,100
DARC,32.83643460122742,100
VNCD_MDD,0.2204073119422932,100
M3SDA_Reg,0.112509646625315,100
CMSS_Reg,0.1190355126504904,100
TKRR,1.886366874026848,200
CDAR,6.72318165459845,200
DARC,24.69787624046119,200
VNCD_MDD,0.1728568062426193,200
M3SDA_Reg,0.1118639828719077,200
CMSS_Reg,0.1174707344510546,200
TKRR,1.878576898630868,300
CDAR,6.168174664343552,300
DARC,24.86097656899257,300
VNCD_MDD,0.1434718035766447,300
M3SDA_Reg,0.1138436502650823,300
CMSS_Reg,0.113668637315677,300
TKRR,1.892081196596247,500
CDAR,6.183822459740279,500
DARC,24.412314419484552,500
VNCD_MDD,0.1348969857004218,500
M3SDA_Reg,0.1112218455178748,500
CMSS_Reg,0.1114351748050242,500
XGBoost_Target_Only,0.1203792602019608,100
KRR_Target_Only,29.98694347899307,100
NN_Target_Only,21.7575432226378,100
XGBoost_Pool,0.1041906407721182,100
KRR_Pool,1.647025900759158,100
NN_Pool,5.623745935463983,100
XGBoost_TLCQM,0.1038981297063791,100
KRR_TLCQM,1.7587418394005343,100
NN_TLCQM,0.2958038985921766,100
XGBoost_Target_Only,0.1202662010334919,200
KRR_Target_Only,19.497875760784623,200
NN_Target_Only,20.76260159923897,200
XGBoost_Pool,0.1022731776085787,200
KRR_Pool,1.586428271609858,200
NN_Pool,3.586004311346194,200
XGBoost_TLCQM,0.1013622349744741,200
KRR_TLCQM,1.6678499252282433,200
NN_TLCQM,0.1079230926373472,200
XGBoost_Target_Only,0.1032586631079237,300
KRR_Target_Only,14.294869555645205,300
NN_Target_Only,1.4357429293313275,300
XGBoost_Pool,0.1018221677006666,300
KRR_Pool,1.568184542979323,300
NN_Pool,4.079760114619908,300
XGBoost_TLCQM,0.1041004241983763,300
KRR_TLCQM,1.6492199927511138,300
NN_TLCQM,0.1134177688078503,300
XGBoost_Target_Only,0.1000739953252002,500
KRR_Target_Only,8.599625780407992,500
NN_Target_Only,0.2065443770764966,500
XGBoost_Pool,0.0962670468114537,500
KRR_Pool,1.5643715676629533,500
NN_Pool,3.383432617135737,500
XGBoost_TLCQM,0.1001162948003035,500
KRR_TLCQM,1.6347212191474745,500
NN_TLCQM,0.1050287569699462,500
TKRR,2.0670049059458546,100
CDAR,5.879915464515002,100
DARC,27.91925546141452,100
VNCD_MDD,0.1720768251848357,100
M3SDA_Reg,0.1192043420643127,100
CMSS_Reg,0.1180333407979482,100
TKRR,1.834758356470681,200
CDAR,5.776208815219728,200
DARC,25.644718800053997,200
VNCD_MDD,0.1591467986279099,200
M3SDA_Reg,0.1252284235221952,200
CMSS_Reg,0.1213407217411692,200
TKRR,1.8210508820040032,300
CDAR,5.786572410450487,300
DARC,5.915043130156803,300
VNCD_MDD,0.1378167050299454,300
M3SDA_Reg,0.1260710993708109,300
CMSS_Reg,0.1083030895805442,300
TKRR,1.8580425360063504,500
CDAR,5.878965120977602,500
DARC,30.03240021623869,500
VNCD_MDD,0.1250977449929279,500
M3SDA_Reg,0.1212233065197172,500
CMSS_Reg,0.1024753430477625,500
XGBoost_Target_Only,0.1086195416425259,100
KRR_Target_Only,30.469989979813057,100
NN_Target_Only,23.11318263289984,100
XGBoost_Pool,0.1009349114204325,100
KRR_Pool,1.6275955686089003,100
NN_Pool,5.518906265958292,100
XGBoost_TLCQM,0.1123634330375774,100
KRR_TLCQM,1.7889155340048033,100
NN_TLCQM,0.1671233465665693,100
XGBoost_Target_Only,0.1035385697908984,200
KRR_Target_Only,22.214929528054363,200
NN_Target_Only,22.287905771873483,200
XGBoost_Pool,0.1013073317058857,200
KRR_Pool,1.6202342169874386,200
NN_Pool,3.657028934107149,200
XGBoost_TLCQM,0.0981133157698072,200
KRR_TLCQM,1.7524362544459224,200
NN_TLCQM,0.1145402800010914,200
XGBoost_Target_Only,0.0986609650015898,300
KRR_Target_Only,15.13864198784722,300
NN_Target_Only,6.184916296431286,300
XGBoost_Pool,0.0982896243269279,300
KRR_Pool,1.5780693629394118,300
NN_Pool,3.3323544578270714,300
XGBoost_TLCQM,0.1064688224784572,300
KRR_TLCQM,1.6980870710677352,300
NN_TLCQM,0.1268478824135298,300
XGBoost_Target_Only,0.0998877081719753,500
KRR_Target_Only,8.694121680347873,500
NN_Target_Only,6.750855136356678,500
XGBoost_Pool,0.0974859316675815,500
KRR_Pool,1.5644926635805405,500
NN_Pool,3.3402192143916607,500
XGBoost_TLCQM,0.1030786660520485,500
KRR_TLCQM,1.6592321219061836,500
NN_TLCQM,0.126723485268977,500
TKRR,1.9144467801357177,100
CDAR,5.723111988650159,100
DARC,40.78350587798941,100
VNCD_MDD,0.1558345970766847,100
M3SDA_Reg,0.1198490739615728,100
CMSS_Reg,0.1110390861725259,100
TKRR,1.8795903513441292,200
CDAR,47.34572756892096,200
DARC,40.887235279441846,200
VNCD_MDD,0.1501050319234726,200
M3SDA_Reg,0.1206464848754457,200
CMSS_Reg,0.1101778208764772,200
TKRR,1.8680603383362329,300
CDAR,47.338957541976754,300
DARC,39.373024783161966,300
VNCD_MDD,0.1404414839056306,300
M3SDA_Reg,0.121192823721751,300
CMSS_Reg,0.1102457195651579,300
TKRR,1.910562701014434,500
CDAR,47.336052287612574,500
DARC,39.687175648351534,500
VNCD_MDD,0.1321372847029988,500
M3SDA_Reg,0.1233577766857002,500
CMSS_Reg,0.1054723735236516,500
XGBoost_Target_Only,0.1143813636312236,100
KRR_Target_Only,27.927593380013597,100
NN_Target_Only,17.645871711655207,100
XGBoost_Pool,0.1018477816063583,100
KRR_Pool,1.61566132656453,100
NN_Pool,5.694349533623768,100
XGBoost_TLCQM,0.1078099540178451,100
KRR_TLCQM,1.7172594973893216,100
NN_TLCQM,0.1082533252206373,100
XGBoost_Target_Only,0.1197290335617351,200
KRR_Target_Only,20.103824607862588,200
NN_Target_Only,17.72682730351181,200
XGBoost_Pool,0.1019228373692359,200
KRR_Pool,1.6162769676181246,200
NN_Pool,3.4187796053440698,200
XGBoost_TLCQM,0.1032477676467128,200
KRR_TLCQM,1.7118740185506518,200
NN_TLCQM,0.1204056668380356,200
XGBoost_Target_Only,0.1121300100405997,300
KRR_Target_Only,15.260718857195185,300
NN_Target_Only,1.711730705136375,300
XGBoost_Pool,0.1003070855630827,300
KRR_Pool,1.4561125809453823,300
NN_Pool,2.9540054120179158,300
XGBoost_TLCQM,0.106897835143285,300
KRR_TLCQM,1.5369528160495176,300
NN_TLCQM,0.1152258622068082,300
XGBoost_Target_Only,0.0971991144720377,500
KRR_Target_Only,9.260114539804103,500
NN_Target_Only,0.2121087908634801,500
XGBoost_Pool,0.0952430408907578,500
KRR_Pool,1.4622935485726565,500
NN_Pool,4.585678498119857,500
XGBoost_TLCQM,0.1051080635421242,500
KRR_TLCQM,1.5489155672847674,500
NN_TLCQM,0.156725932633491,500
TKRR,1.903866308600273,100
CDAR,53.96727038890212,100
DARC,39.03535391663081,100
VNCD_MDD,0.1474599363357412,100
M3SDA_Reg,0.1125086095272833,100
CMSS_Reg,0.1165475935881289,100
TKRR,1.8685475524753088,200
CDAR,5.829323957991913,200
DARC,29.019569984075517,200
VNCD_MDD,0.1530570383299436,200
M3SDA_Reg,0.1139207427593053,200
CMSS_Reg,0.1142646984508868,200
TKRR,1.8781020258186711,300
CDAR,5.525037621215597,300
DARC,29.61645964331909,300
VNCD_MDD,0.1580867118154667,300
M3SDA_Reg,0.1193368423258958,300
CMSS_Reg,0.1102175161227399,300
TKRR,1.7848602429311982,500
CDAR,5.589500791087328,500
DARC,29.760289643906237,500
VNCD_MDD,0.1370353363305703,500
M3SDA_Reg,0.1199812022788969,500
CMSS_Reg,0.1031177224439395,500
XGBoost_Target_Only,0.1148376334644585,100
KRR_Target_Only,29.54471957483757,100
NN_Target_Only,20.791625972078048,100
XGBoost_Pool,0.0999709650690129,100
KRR_Pool,1.6473268075420189,100
NN_Pool,5.511687142399686,100
XGBoost_TLCQM,0.1039881287344552,100
KRR_TLCQM,1.7724531330126958,100
NN_TLCQM,0.168756874779836,100
XGBoost_Target_Only,0.1142910367630704,200
KRR_Target_Only,17.844470499135937,200
NN_Target_Only,20.561030878454822,200
XGBoost_Pool,0.0988172980838416,200
KRR_Pool,1.646757786104114,200
NN_Pool,3.695016277245531,200
XGBoost_TLCQM,0.10433073789296,200
KRR_TLCQM,1.7696712618717485,200
NN_TLCQM,0.1095203363607477,200
XGBoost_Target_Only,0.1002279481349317,300
KRR_Target_Only,12.825502769562208,300
NN_Target_Only,13.377556858191053,300
XGBoost_Pool,0.0965100832330937,300
KRR_Pool,1.5526250563673516,300
NN_Pool,4.084457635519652,300
XGBoost_TLCQM,0.1045008911156353,300
KRR_TLCQM,1.6742402912473249,300
NN_TLCQM,0.1042537531254493,300
XGBoost_Target_Only,0.0983406535567696,500
KRR_Target_Only,8.354765275821556,500
NN_Target_Only,0.377760109816153,500
XGBoost_Pool,0.0957304855698512,500
KRR_Pool,1.4613916585532172,500
NN_Pool,3.468674613015586,500
XGBoost_TLCQM,0.1001352713004767,500
KRR_TLCQM,1.5596521836381902,500
NN_TLCQM,0.122281459022781,500
TKRR,1.9030390043467111,100
CDAR,6.261097575272458,100
DARC,43.01012271111771,100
VNCD_MDD,0.1498910949753885,100
M3SDA_Reg,0.1238589307992144,100
CMSS_Reg,0.1148037806863636,100
TKRR,1.9082729536918717,200
CDAR,6.120006960019995,200
DARC,25.935580700523296,200
VNCD_MDD,0.1449840947227192,200
M3SDA_Reg,0.1223061395212646,200
CMSS_Reg,0.1236794076327318,200
TKRR,1.8998640545694796,300
CDAR,5.998810630624505,300
DARC,26.533876282086283,300
VNCD_MDD,0.1428598974490143,300
M3SDA_Reg,0.1253079011402765,300
CMSS_Reg,0.1128460357888209,300
TKRR,1.7914905036972202,500
CDAR,6.02100547625324,500
DARC,26.685568683025323,500
VNCD_MDD,0.1431613581390256,500
M3SDA_Reg,0.1284531059697728,500
CMSS_Reg,0.1034654021323282,500
XGBoost_Target_Only,0.1179514901094498,100
KRR_Target_Only,30.915502357191023,100
NN_Target_Only,22.694110468660345,100
XGBoost_Pool,0.1004809138454892,100
KRR_Pool,1.6063809536211238,100
NN_Pool,5.503749612818336,100
XGBoost_TLCQM,0.1045657330430551,100
KRR_TLCQM,1.7195240325183645,100
NN_TLCQM,0.1069850152848933,100
XGBoost_Target_Only,0.1045680228839715,200
KRR_Target_Only,19.687441121624992,200
NN_Target_Only,22.61975214266675,200
XGBoost_Pool,0.0994936309325839,200
KRR_Pool,1.6001244690781369,200
NN_Pool,3.971234121271112,200
XGBoost_TLCQM,0.1018142871312666,200
KRR_TLCQM,1.7209703135456396,200
NN_TLCQM,0.1238807030911238,200
XGBoost_Target_Only,0.1043038116900101,300
KRR_Target_Only,14.17684406768961,300
NN_Target_Only,8.15456750758046,300
XGBoost_Pool,0.0967003543141718,300
KRR_Pool,1.5931345505981975,300
NN_Pool,3.496062798950643,300
XGBoost_TLCQM,0.1041754463373102,300
KRR_TLCQM,1.713404085064337,300
NN_TLCQM,0.1086949636767256,300
XGBoost_Target_Only,0.0961194915553926,500
KRR_Target_Only,9.324566427296745,500
NN_Target_Only,0.3459675894226763,500
XGBoost_Pool,0.094816842047226,500
KRR_Pool,1.4546353937767371,500
NN_Pool,2.938533715406584,500
XGBoost_TLCQM,0.1024073392814368,500
KRR_TLCQM,1.5545421045598908,500
NN_TLCQM,0.1090716382991654,500
TKRR,1.930373319160043,100
CDAR,5.57586262228009,100
DARC,26.71507643530683,100
VNCD_MDD,0.1668568908284717,100
M3SDA_Reg,0.1189240621653607,100
CMSS_Reg,0.1138954479460898,100
TKRR,2.0670686707720423,200
CDAR,6.421666234689431,200
DARC,27.644865337024672,200
VNCD_MDD,0.1642155527668786,200
M3SDA_Reg,0.1227897434664756,200
CMSS_Reg,0.111598252040235,200
TKRR,1.9470145607077844,300
CDAR,6.404932353235294,300
DARC,27.148739471692227,300
VNCD_MDD,0.1313469873159323,300
M3SDA_Reg,0.1188044536985787,300
CMSS_Reg,0.1129570311730377,300
TKRR,1.7251720056993,500
CDAR,6.418614382241004,500
DARC,28.551953836883435,500
VNCD_MDD,0.1199920825486864,500
M3SDA_Reg,0.1229019876076382,500
CMSS_Reg,0.1071670911018517,500
XGBoost_Target_Only,0.1185565792968432,100
KRR_Target_Only,29.77134403366978,100
NN_Target_Only,22.16611029639329,100
XGBoost_Pool,0.1034130324885435,100
KRR_Pool,1.621574912663749,100
NN_Pool,5.448945317714744,100
XGBoost_TLCQM,0.1034513549547697,100
KRR_TLCQM,1.7292203954844354,100
NN_TLCQM,0.1057230691996936,100
XGBoost_Target_Only,0.1088035345064236,200
KRR_Target_Only,19.614081436582964,200
NN_Target_Only,24.99544887818861,200
XGBoost_Pool,0.0974646080688352,200
KRR_Pool,1.5653540401847863,200
NN_Pool,3.6595718987117656,200
XGBoost_TLCQM,0.1075338435213008,200
KRR_TLCQM,1.676126864270591,200
NN_TLCQM,0.109355638134814,200
XGBoost_Target_Only,0.1012393449323881,300
KRR_Target_Only,13.93880461378474,300
NN_Target_Only,2.9474319168825045,300
XGBoost_Pool,0.0980379732852696,300
KRR_Pool,1.4691386210634505,300
NN_Pool,3.296485226427877,300
XGBoost_TLCQM,0.1048839548260039,300
KRR_TLCQM,1.5676071923011226,300
NN_TLCQM,0.1235387051512651,300
XGBoost_Target_Only,0.1008250677550648,500
KRR_Target_Only,8.986927848682377,500
NN_Target_Only,0.8309798740219244,500
XGBoost_Pool,0.096041607896844,500
KRR_Pool,1.4738320012418311,500
NN_Pool,2.9775558823315222,500
XGBoost_TLCQM,0.1037070571807943,500
KRR_TLCQM,1.5774265090791078,500
NN_TLCQM,0.1171929708496698,500
TKRR,1.9835345017479045,100
CDAR,5.4415944542841945,100
DARC,29.98989448687791,100
VNCD_MDD,0.1922759927496153,100
M3SDA_Reg,0.1162829437464761,100
CMSS_Reg,0.1128220222598465,100
TKRR,1.8898586840179128,200
CDAR,5.705401372507921,200
DARC,23.878106266498985,200
VNCD_MDD,0.17563233474914,200
M3SDA_Reg,0.1142326490098429,200
CMSS_Reg,0.1100087590109979,200
TKRR,1.7696795265646126,300
CDAR,5.668707343290317,300
DARC,24.05624754610046,300
VNCD_MDD,0.1838925643418966,300
M3SDA_Reg,0.1153116522170947,300
CMSS_Reg,0.1054599368483798,300
TKRR,1.775329711434893,500
CDAR,5.64601401486471,500
DARC,24.118190098809716,500
VNCD_MDD,0.182679942585128,500
M3SDA_Reg,0.1160913549247646,500
CMSS_Reg,0.1004235438855345,500
XGBoost_Target_Only,0.1259051625360913,100
KRR_Target_Only,29.704725147480715,100
NN_Target_Only,18.95602841825761,100
XGBoost_Pool,0.1000409859575239,100
KRR_Pool,1.579696201051157,100
NN_Pool,5.589814292950487,100
XGBoost_TLCQM,0.1019442618843625,100
KRR_TLCQM,1.6857531162248889,100
NN_TLCQM,0.1083075492570258,100
XGBoost_Target_Only,0.1020750126223132,200
KRR_Target_Only,20.531278592465164,200
NN_Target_Only,21.324825186818423,200
XGBoost_Pool,0.0969083271829887,200
KRR_Pool,1.5529644871003148,200
NN_Pool,3.531557709011255,200
XGBoost_TLCQM,0.1212464848808188,200
KRR_TLCQM,1.6270435033924693,200
NN_TLCQM,0.1325429717047729,200
XGBoost_Target_Only,0.0992467121194722,300
KRR_Target_Only,13.6767743400659,300
NN_Target_Only,0.2466228719352068,300
XGBoost_Pool,0.0981682985795535,300
KRR_Pool,1.485033698294792,300
NN_Pool,4.424156760258969,300
XGBoost_TLCQM,0.1022782142607558,300
KRR_TLCQM,1.5620544750652985,300
NN_TLCQM,0.1116673163209484,300
XGBoost_Target_Only,0.1000877247898897,500
KRR_Target_Only,9.13270182071343,500
NN_Target_Only,0.711577001402449,500
XGBoost_Pool,0.0966414888244535,500
KRR_Pool,1.4825402246132275,500
NN_Pool,3.377911960136581,500
XGBoost_TLCQM,0.1050563234745324,500
KRR_TLCQM,1.5855113428798804,500
NN_TLCQM,0.1057449290920428,500
TKRR,1.8700304140433712,100
CDAR,6.1102870535659815,100
DARC,25.211925469771405,100
VNCD_MDD,0.1719712848810061,100
M3SDA_Reg,0.1230137390657069,100
CMSS_Reg,0.117997453892561,100
TKRR,1.8614736871124944,200
CDAR,6.502533740649352,200
DARC,31.39081563920588,200
VNCD_MDD,0.1346632647344874,200
M3SDA_Reg,0.1075071763204523,200
CMSS_Reg,0.1067466217045366,200
TKRR,1.7600546615862216,300
CDAR,6.487033052383512,300
DARC,31.55784974950897,300
VNCD_MDD,0.1416288570128243,300
M3SDA_Reg,0.1127453911752846,300
CMSS_Reg,0.1086394303743465,300
TKRR,1.7838402053574844,500
CDAR,6.319527471338163,500
DARC,31.758737853172896,500
VNCD_MDD,0.1482493433157252,500
M3SDA_Reg,0.1133817394828373,500
CMSS_Reg,0.1040640223163379,500
XGBoost_Target_Only,0.1180239003813631,100
KRR_Target_Only,32.18812091119397,100
NN_Target_Only,25.946216778659995,100
XGBoost_Pool,0.1030181126587299,100
KRR_Pool,1.591573644991167,100
NN_Pool,3.259681974596203,100
XGBoost_TLCQM,0.1025427483970086,100
KRR_TLCQM,1.7242200389322988,100
NN_TLCQM,0.1055799340823754,100
XGBoost_Target_Only,0.1118343421463763,200
KRR_Target_Only,20.54538023109635,200
NN_Target_Only,26.376746947798043,200
XGBoost_Pool,0.1002944850764216,200
KRR_Pool,1.486228539724178,200
NN_Pool,3.2507612893898115,200
XGBoost_TLCQM,0.1026890965627105,200
KRR_TLCQM,1.614509261336623,200
NN_TLCQM,0.1054077785456493,200
XGBoost_Target_Only,0.1044508370908983,300
KRR_Target_Only,13.955392210905108,300
NN_Target_Only,7.249465341306168,300
XGBoost_Pool,0.0999155608943892,300
KRR_Pool,1.507971104065515,300
NN_Pool,3.2537719613160245,300
XGBoost_TLCQM,0.1029889152038181,300
KRR_TLCQM,1.6381501811295718,300
NN_TLCQM,0.1395928391225872,300
XGBoost_Target_Only,0.1078214487988353,500
KRR_Target_Only,8.429859393958754,500
NN_Target_Only,0.5121455498638284,500
XGBoost_Pool,0.101084316668227,500
KRR_Pool,1.4665836046013982,500
NN_Pool,3.5806115718385296,500
XGBoost_TLCQM,0.1029190204383922,500
KRR_TLCQM,1.5789489028324926,500
NN_TLCQM,0.107712317730511,500
TKRR,1.86658150878856,100
CDAR,5.869713829110495,100
DARC,22.37761541814945,100
VNCD_MDD,0.1557219469359526,100
M3SDA_Reg,0.1307449039089156,100
CMSS_Reg,0.125094536226677,100
TKRR,1.743494299655229,200
CDAR,6.2600666164766965,200
DARC,25.54842734616502,200
VNCD_MDD,0.1547157756262799,200
M3SDA_Reg,0.13753576237608,200
CMSS_Reg,0.11820148628698,200
TKRR,1.765492868730246,300
CDAR,5.974862739423025,300
DARC,26.30879308326392,300
VNCD_MDD,0.1469391411496444,300
M3SDA_Reg,0.1391104791403889,300
CMSS_Reg,0.1147627722198291,300
TKRR,1.776306983490863,500
CDAR,5.950029300142985,500
DARC,27.51697254122494,500
VNCD_MDD,0.1433323843548783,500
M3SDA_Reg,0.1371719214708051,500
CMSS_Reg,0.1156951764565947,500
XGBoost_Target_Only,0.1178125752636914,100
KRR_Target_Only,28.685892661150422,100
NN_Target_Only,18.955191277158157,100
XGBoost_Pool,0.1015277098802411,100
KRR_Pool,1.6185602412235434,100
NN_Pool,5.572522220926833,100
XGBoost_TLCQM,0.1072736208932847,100
KRR_TLCQM,1.7339980766826515,100
NN_TLCQM,0.1312592243250786,100
XGBoost_Target_Only,0.119129591136262,200
KRR_Target_Only,19.835095096913108,200
NN_Target_Only,18.717794572883125,200
XGBoost_Pool,0.0991095155181801,200
KRR_Pool,1.5380107607864444,200
NN_Pool,3.409461070982036,200
XGBoost_TLCQM,0.1043429497392128,200
KRR_TLCQM,1.6557155787499225,200
NN_TLCQM,0.1121833631514902,200
XGBoost_Target_Only,0.1108880163143229,300
KRR_Target_Only,14.13996670816897,300
NN_Target_Only,7.792377576550993,300
XGBoost_Pool,0.094493214654045,300
KRR_Pool,1.5021654284129078,300
NN_Pool,5.63478680514956,300
XGBoost_TLCQM,0.1045993123140297,300
KRR_TLCQM,1.594547128046778,300
NN_TLCQM,0.1323273538395104,300
XGBoost_Target_Only,0.0976233181679158,500
KRR_Target_Only,9.113805048248954,500
NN_Target_Only,0.2411029281935022,500
XGBoost_Pool,0.092344019368512,500
KRR_Pool,1.349111658828155,500
NN_Pool,3.57214685039678,500
XGBoost_TLCQM,0.1020286550785982,500
KRR_TLCQM,1.4184192102345026,500
NN_TLCQM,0.1048813184408248,500
TKRR,1.91563241887894,100
CDAR,5.578504110334288,100
DARC,25.11228318143848,100
VNCD_MDD,0.1635406235643527,100
M3SDA_Reg,0.114588924941987,100
CMSS_Reg,0.1241634851884314,100
TKRR,1.8854797817570883,200
CDAR,6.01117103191313,200
DARC,33.80604750812089,200
VNCD_MDD,0.1445556647572232,200
M3SDA_Reg,0.1146461368487868,200
CMSS_Reg,0.1198131036462982,200
TKRR,1.901940323527287,300
CDAR,5.857829813385054,300
DARC,34.960610182235165,300
VNCD_MDD,0.1418077001835355,300
M3SDA_Reg,0.1148771079751668,300
CMSS_Reg,0.1067451477437314,300
TKRR,1.660879292548505,500
CDAR,5.770787500192981,500
DARC,31.969666679053667,500
VNCD_MDD,0.1271559448067246,500
M3SDA_Reg,0.1211362246081523,500
CMSS_Reg,0.1028332425411197,500
XGBoost_Target_Only,0.1246288931158704,100
KRR_Target_Only,31.61315164862142,100
NN_Target_Only,15.844187543551044,100
XGBoost_Pool,0.1004551578389494,100
KRR_Pool,1.6533950993442068,100
NN_Pool,3.430257528381972,100
XGBoost_TLCQM,0.1011899808706237,100
KRR_TLCQM,1.787244748734965,100
NN_TLCQM,0.0981033083523228,100
XGBoost_Target_Only,0.1090284107509266,200
KRR_Target_Only,20.36566518429569,200
NN_Target_Only,21.778257916881092,200
XGBoost_Pool,0.0994798598199194,200
KRR_Pool,1.640643842755669,200
NN_Pool,3.8144268316592576,200
XGBoost_TLCQM,0.1042119346068911,200
KRR_TLCQM,1.7461182964128183,200
NN_TLCQM,0.1926413305856547,200
XGBoost_Target_Only,0.1001553507642384,300
KRR_Target_Only,14.035694098357522,300
NN_Target_Only,1.0793664242668504,300
XGBoost_Pool,0.0975173861293477,300
KRR_Pool,1.5526774967719366,300
NN_Pool,2.7651748985949443,300
XGBoost_TLCQM,0.1004978552184599,300
KRR_TLCQM,1.6530708576725923,300
NN_TLCQM,0.1102262541208791,300
XGBoost_Target_Only,0.0927256889376749,500
KRR_Target_Only,9.090452539272462,500
NN_Target_Only,0.2208363986510769,500
XGBoost_Pool,0.0964688167065136,500
KRR_Pool,1.477208069477097,500
NN_Pool,4.391380515483977,500
XGBoost_TLCQM,0.1020504363965489,500
KRR_TLCQM,1.560546884450083,500
NN_TLCQM,0.1087399261703225,500
TKRR,2.0896576096544366,100
CDAR,6.519349144604377,100
DARC,32.94642384590504,100
VNCD_MDD,0.1639354013475422,100
M3SDA_Reg,0.1242766891605756,100
CMSS_Reg,0.1194260491742538,100
TKRR,1.9673380279496475,200
CDAR,5.739637678642796,200
DARC,38.2086137801633,200
VNCD_MDD,0.1408593539947538,200
M3SDA_Reg,0.1126545931021099,200
CMSS_Reg,0.1118778203899074,200
TKRR,1.8545176674772872,300
CDAR,5.765281944574818,300
DARC,38.12627124615273,300
VNCD_MDD,0.1349741476750089,300
M3SDA_Reg,0.1126193344671341,300
CMSS_Reg,0.1078789700052017,300
TKRR,1.885177309916632,500
CDAR,5.8290512477268654,500
DARC,37.886174796695215,500
VNCD_MDD,0.1295193723903802,500
M3SDA_Reg,0.1118002602508871,500
CMSS_Reg,0.105963487474088,500
XGBoost_Target_Only,0.1231202784410632,100
KRR_Target_Only,30.68830949743237,100
NN_Target_Only,20.03584296670723,100
XGBoost_Pool,0.1020948986464729,100
KRR_Pool,1.6154006321021526,100
NN_Pool,5.613389251757199,100
XGBoost_TLCQM,0.105764777235178,100
KRR_TLCQM,1.73426478020218,100
NN_TLCQM,0.1258240919187444,100
XGBoost_Target_Only,0.105520854815271,200
KRR_Target_Only,20.88478821737822,200
NN_Target_Only,23.239249104917143,200
XGBoost_Pool,0.1002489598328192,200
KRR_Pool,1.59691747735734,200
NN_Pool,3.8872448115090985,200
XGBoost_TLCQM,0.0974788183805495,200
KRR_TLCQM,1.7095431756721076,200
NN_TLCQM,0.0986580947945718,200
XGBoost_Target_Only,0.107576424935891,300
KRR_Target_Only,14.9292556346956,300
NN_Target_Only,7.063197871008378,300
XGBoost_Pool,0.0994752724698326,300
KRR_Pool,1.5957289938163837,300
NN_Pool,2.468379451624631,300
XGBoost_TLCQM,0.0978150395479352,300
KRR_TLCQM,1.7065394009873296,300
NN_TLCQM,0.1184893322952075,300
XGBoost_Target_Only,0.1032342942021565,500
KRR_Target_Only,9.38013148023582,500
NN_Target_Only,6.433481819364121,500
XGBoost_Pool,0.1002440469275587,500
KRR_Pool,1.5521245818456115,500
NN_Pool,4.348302631760158,500
XGBoost_TLCQM,0.0981218235798297,500
KRR_TLCQM,1.6618747107126404,500
NN_TLCQM,0.1461173155359842,500
TKRR,1.890462557252796,100
CDAR,49.46290917802365,100
DARC,35.71936682676745,100
VNCD_MDD,0.1652653660721506,100
M3SDA_Reg,0.1202623160375803,100
CMSS_Reg,0.119668971819319,100
TKRR,1.896874547595997,200
CDAR,6.146997901070076,200
DARC,30.47130129906629,200
VNCD_MDD,0.1468928675368478,200
M3SDA_Reg,0.1180553994433191,200
CMSS_Reg,0.1150708592492358,200
TKRR,1.8501508888655531,300
CDAR,6.17982674385495,300
DARC,30.13590278802437,300
VNCD_MDD,0.1436263149768746,300
M3SDA_Reg,0.1236092002281259,300
CMSS_Reg,0.1109435099329365,300
TKRR,1.8388122307780632,500
CDAR,6.092708271061222,500
DARC,30.031879128639904,500
VNCD_MDD,0.1373800075139021,500
M3SDA_Reg,0.1279515167232447,500
CMSS_Reg,0.1105773157428368,500
XGBoost_Target_Only,0.1207673025154559,100
KRR_Target_Only,31.76707297622344,100
NN_Target_Only,23.524630887951982,100
XGBoost_Pool,0.0994529543098575,100
KRR_Pool,1.6257238355420736,100
NN_Pool,5.611992569679084,100
XGBoost_TLCQM,0.1060073942515824,100
KRR_TLCQM,1.7431301763300844,100
NN_TLCQM,0.1154221653878376,100
XGBoost_Target_Only,0.1128521574918166,200
KRR_Target_Only,20.869464970936324,200
NN_Target_Only,23.852936268941257,200
XGBoost_Pool,0.0981181122213052,200
KRR_Pool,1.584345170053684,200
NN_Pool,3.342636049637345,200
XGBoost_TLCQM,0.106342783494747,200
KRR_TLCQM,1.7004187191817404,200
NN_TLCQM,0.1177474378336715,200
XGBoost_Target_Only,0.1129236592588754,300
KRR_Target_Only,14.738527061348702,300
NN_Target_Only,0.317365262568041,300
XGBoost_Pool,0.0966569534208395,300
KRR_Pool,1.5729906716689213,300
NN_Pool,5.403277456186827,300
XGBoost_TLCQM,0.0993386241679205,300
KRR_TLCQM,1.6751467928204198,300
NN_TLCQM,2.53613656972799,300
XGBoost_Target_Only,0.0954585476968226,500
KRR_Target_Only,8.207541309312557,500
NN_Target_Only,0.2570212051207568,500
XGBoost_Pool,0.0935921327420611,500
KRR_Pool,1.4566040867031262,500
NN_Pool,3.4617853611007723,500
XGBoost_TLCQM,0.1007538801499811,500
KRR_TLCQM,1.5422941209510574,500
NN_TLCQM,0.1125972888376932,500
TKRR,1.8881787966294448,100
CDAR,5.321325131890675,100
DARC,24.2105987362185,100
VNCD_MDD,0.1673048137516756,100
M3SDA_Reg,0.1213885393418813,100
CMSS_Reg,0.1170877532964472,100
TKRR,1.8710899429893009,200
CDAR,6.5270047726800415,200
DARC,35.02353018033254,200
VNCD_MDD,0.1559794074665472,200
M3SDA_Reg,0.1214340595210606,200
CMSS_Reg,0.1146909575874413,200
TKRR,1.833297828954748,300
CDAR,6.434072910374731,300
DARC,35.31341860858999,300
VNCD_MDD,0.1446157371463148,300
M3SDA_Reg,0.1243666578122465,300
CMSS_Reg,0.1106874562516251,300
TKRR,1.756299790696782,500
CDAR,6.430278845808871,500
DARC,35.14479696827656,500
VNCD_MDD,0.1252597765661683,500
M3SDA_Reg,0.1221286864715701,500
CMSS_Reg,0.1075281578988721,500
XGBoost_Target_Only,0.1066702862658778,100
KRR_Target_Only,29.825002157346635,100
NN_Target_Only,22.99290996467817,100
XGBoost_Pool,0.0999008445519703,100
KRR_Pool,1.5733865851149498,100
NN_Pool,5.259630514271947,100
XGBoost_TLCQM,0.1150407680222539,100
KRR_TLCQM,1.673042988721554,100
NN_TLCQM,0.1350872879933675,100
XGBoost_Target_Only,0.1205912578396073,200
KRR_Target_Only,19.994627625928302,200
NN_Target_Only,21.57367363391033,200
XGBoost_Pool,0.0994975259873432,200
KRR_Pool,1.4578604384306384,200
NN_Pool,4.187563134306665,200
XGBoost_TLCQM,0.1154689596740846,200
KRR_TLCQM,1.554508177482164,200
NN_TLCQM,0.116775926267682,200
XGBoost_Target_Only,0.1042167343505017,300
KRR_Target_Only,13.415119458179014,300
NN_Target_Only,0.417713209686254,300
XGBoost_Pool,0.0983656442953827,300
KRR_Pool,1.4638000011470331,300
NN_Pool,3.199576969808435,300
XGBoost_TLCQM,0.1052961562029956,300
KRR_TLCQM,1.5616122421660752,300
NN_TLCQM,0.3830778645298907,300
XGBoost_Target_Only,0.0984948534489832,500
KRR_Target_Only,8.980528928088399,500
NN_Target_Only,0.1896797215262881,500
XGBoost_Pool,0.0965088195340552,500
KRR_Pool,1.4738622323737722,500
NN_Pool,3.5286012496334,500
XGBoost_TLCQM,0.1035789629841235,500
KRR_TLCQM,1.5702423352298416,500
NN_TLCQM,0.1211575519729892,500
TKRR,1.833772710751916,100
CDAR,5.220646122597976,100
DARC,35.72418489795062,100
VNCD_MDD,0.1680606028158256,100
M3SDA_Reg,0.1128738825672251,100
CMSS_Reg,0.127193808474485,100
TKRR,1.797446132593839,200
CDAR,5.974403667716744,200
DARC,32.04329790645455,200
VNCD_MDD,0.143243462565379,200
M3SDA_Reg,0.1131251032111842,200
CMSS_Reg,0.1231732477118797,200
TKRR,2.0150798555706007,300
CDAR,5.9948027753259625,300
DARC,32.73666838328675,300
VNCD_MDD,0.1361791250410191,300
M3SDA_Reg,0.1155760200751294,300
CMSS_Reg,0.1142898356098518,300
TKRR,1.7736142754465902,500
CDAR,5.970087388453582,500
DARC,33.31548292394209,500
VNCD_MDD,0.1227492616942516,500
M3SDA_Reg,0.1202382393589681,500
CMSS_Reg,0.1072285423250269,500
XGBoost_Target_Only,0.1163688003401472,100
KRR_Target_Only,30.71307477388917,100
NN_Target_Only,21.44100964739514,100
XGBoost_Pool,0.0993887972234087,100
KRR_Pool,1.5881453124135774,100
NN_Pool,5.722335225227247,100
XGBoost_TLCQM,0.103586688146292,100
KRR_TLCQM,1.667695572789608,100
NN_TLCQM,0.1095902513094156,100
XGBoost_Target_Only,0.1129955403195631,200
KRR_Target_Only,18.606876390177096,200
NN_Target_Only,22.30708805880616,200
XGBoost_Pool,0.09837135581873,200
KRR_Pool,1.5374139035104517,200
NN_Pool,3.41240402342174,200
XGBoost_TLCQM,0.1036593580820491,200
KRR_TLCQM,1.6310963716674824,200
NN_TLCQM,0.1143756153552315,200
XGBoost_Target_Only,0.1040668462910448,300
KRR_Target_Only,13.380721780273811,300
NN_Target_Only,6.875207502342399,300
XGBoost_Pool,0.0984870226793572,300
KRR_Pool,1.5150019561668129,300
NN_Pool,2.8278169100089143,300
XGBoost_TLCQM,0.10202753842611,300
KRR_TLCQM,1.5990577637266372,300
NN_TLCQM,0.1439771652044068,300
XGBoost_Target_Only,0.1007846144983485,500
KRR_Target_Only,9.064976500526038,500
NN_Target_Only,1.4909497484972123,500
XGBoost_Pool,0.098341559371356,500
KRR_Pool,1.4573130077567928,500
NN_Pool,3.1761660503281672,500
XGBoost_TLCQM,0.0973086716593733,500
KRR_TLCQM,1.568467991989499,500
NN_TLCQM,0.1095396665680292,500
TKRR,1.882103349723826,100
CDAR,6.1982839642847445,100
DARC,32.61908009429957,100
VNCD_MDD,0.1701123267860694,100
M3SDA_Reg,0.1133080041690866,100
CMSS_Reg,0.1162662650686769,100
TKRR,1.802274648238565,200
CDAR,6.262696105851594,200
DARC,30.861461926293117,200
VNCD_MDD,0.161508607315511,200
M3SDA_Reg,0.1212575640624671,200
CMSS_Reg,0.1171184123679841,200
TKRR,1.8326595979768556,300
CDAR,6.313101196227156,300
DARC,31.04373358312673,300
VNCD_MDD,0.1466586174594606,300
M3SDA_Reg,0.1113511353618806,300
CMSS_Reg,0.1147676093517747,300
TKRR,1.776872305746484,500
CDAR,6.168102446805524,500
DARC,31.11558557428347,500
VNCD_MDD,0.134000644679567,500
M3SDA_Reg,0.1200220214158588,500
CMSS_Reg,0.1057750394078056,500
XGBoost_Target_Only,0.1139163552883903,100
KRR_Target_Only,30.079279896012206,100
NN_Target_Only,22.97696689210954,100
XGBoost_Pool,0.101528333201905,100
KRR_Pool,1.578761790688351,100
NN_Pool,6.074831643903469,100
XGBoost_TLCQM,0.1081721663138727,100
KRR_TLCQM,1.6518840479852543,100
NN_TLCQM,0.1207365890763039,100
XGBoost_Target_Only,0.1025595671852599,200
KRR_Target_Only,19.459266136156227,200
NN_Target_Only,23.03276104482691,200
XGBoost_Pool,0.0979545616607852,200
KRR_Pool,1.4791709039925791,200
NN_Pool,3.4519321370040967,200
XGBoost_TLCQM,0.1026921572262141,200
KRR_TLCQM,1.569868645248082,200
NN_TLCQM,0.146419155342466,200
XGBoost_Target_Only,0.1007381309180623,300
KRR_Target_Only,14.299545397705687,300
NN_Target_Only,0.5903826582906717,300
XGBoost_Pool,0.0953599090779283,300
KRR_Pool,1.4689332905635997,300
NN_Pool,6.123472742511162,300
XGBoost_TLCQM,0.1065641180033023,300
KRR_TLCQM,1.5829975307573383,300
NN_TLCQM,0.1122039084257627,300
XGBoost_Target_Only,0.09779001021208,500
KRR_Target_Only,8.139518308448245,500
NN_Target_Only,0.2084400979673214,500
XGBoost_Pool,0.0947935017476889,500
KRR_Pool,1.420873542790354,500
NN_Pool,3.001279706802132,500
XGBoost_TLCQM,0.1026030486672461,500
KRR_TLCQM,1.482743973871146,500
NN_TLCQM,0.1837183740153689,500
TKRR,1.8845369616523544,100
CDAR,5.559032745109175,100
DARC,23.33506313584293,100
VNCD_MDD,0.1542162007015744,100
M3SDA_Reg,0.1100331678690859,100
CMSS_Reg,0.1149549331289532,100
TKRR,1.7823560806244902,200
CDAR,5.359490352321464,200
DARC,35.80362278376025,200
VNCD_MDD,0.1448180155024493,200
M3SDA_Reg,0.1171805463810086,200
CMSS_Reg,0.1098323726851978,200
TKRR,1.7776936955532403,300
CDAR,5.376951446336994,300
DARC,35.161537530136094,300
VNCD_MDD,0.1424959150733442,300
M3SDA_Reg,0.1124617946684236,300
CMSS_Reg,0.1080261264869671,300
TKRR,1.694515648983479,500
CDAR,5.398108441305305,500
DARC,35.237215300208376,500
VNCD_MDD,0.1304321589044313,500
M3SDA_Reg,0.1128221390294371,500
CMSS_Reg,0.1040796314502892,500
XGBoost_Target_Only,0.12249912500795,100
KRR_Target_Only,30.177466504211782,100
NN_Target_Only,20.49922951160528,100
XGBoost_Pool,0.0999751714343052,100
KRR_Pool,1.575923219847415,100
NN_Pool,5.460616441563196,100
XGBoost_TLCQM,0.105615247096333,100
KRR_TLCQM,1.7166496461606349,100
NN_TLCQM,0.1014135014097371,100
XGBoost_Target_Only,0.1109438032880305,200
KRR_Target_Only,20.589442583633964,200
NN_Target_Only,20.570319878554272,200
XGBoost_Pool,0.0991470034252251,200
KRR_Pool,1.5765907422191523,200
NN_Pool,3.760128933779467,200
XGBoost_TLCQM,0.099063617802867,200
KRR_TLCQM,1.6847643624603954,200
NN_TLCQM,0.1283378641649633,200
XGBoost_Target_Only,0.110731252600541,300
KRR_Target_Only,14.919075519145492,300
NN_Target_Only,6.273957611330049,300
XGBoost_Pool,0.0982291903123511,300
KRR_Pool,1.5747073380265406,300
NN_Pool,6.066468017591256,300
XGBoost_TLCQM,0.0986261305543345,300
KRR_TLCQM,1.680837947447535,300
NN_TLCQM,0.7364939053534697,300
XGBoost_Target_Only,0.0976754411407781,500
KRR_Target_Only,9.404576542275956,500
NN_Target_Only,1.3690277816843852,500
XGBoost_Pool,0.0960206954269956,500
KRR_Pool,1.5042046606711064,500
NN_Pool,2.957480491946153,500
XGBoost_TLCQM,0.1059940426235887,500
KRR_TLCQM,1.5684599526849212,500
NN_TLCQM,0.1086812731754868,500
TKRR,1.906139826971854,100
CDAR,12.136618399784204,100
DARC,38.45348280095436,100
VNCD_MDD,0.1693288462923886,100
M3SDA_Reg,0.1176070465027597,100
CMSS_Reg,0.1279834541171199,100
TKRR,1.9016922994474252,200
CDAR,6.023862522772418,200
DARC,42.9591692712547,200
VNCD_MDD,0.1579654632387171,200
M3SDA_Reg,0.1192139902923379,200
CMSS_Reg,0.1173243590684176,200
TKRR,1.9199930421856248,300
CDAR,5.999229642797816,300
DARC,42.02280867361178,300
VNCD_MDD,0.1463454779800491,300
M3SDA_Reg,0.1200240539558756,300
CMSS_Reg,0.1142025550634061,300
TKRR,1.7994419285517096,500
CDAR,5.969241375211241,500
DARC,41.503377387898695,500
VNCD_MDD,0.1183652356497954,500
M3SDA_Reg,0.1207404538215762,500
CMSS_Reg,0.1085486271174842,500
XGBoost_Target_Only,0.1218385044788573,100
KRR_Target_Only,29.706070265145637,100
NN_Target_Only,23.4227330052725,100
XGBoost_Pool,0.1022595206325693,100
KRR_Pool,1.6182952345294843,100
NN_Pool,5.558289627691921,100
XGBoost_TLCQM,0.1074783139699505,100
KRR_TLCQM,1.7062446417447614,100
NN_TLCQM,0.2335436347735927,100
XGBoost_Target_Only,0.1044721255789519,200
KRR_Target_Only,19.87197988817413,200
NN_Target_Only,22.607264972985316,200
XGBoost_Pool,0.1014716127521938,200
KRR_Pool,1.5861374254626155,200
NN_Pool,3.301408879207333,200
XGBoost_TLCQM,0.1058499341763988,200
KRR_TLCQM,1.6784707681937348,200
NN_TLCQM,0.2390476530328591,200
XGBoost_Target_Only,0.0960973626770953,300
KRR_Target_Only,15.00500453414897,300
NN_Target_Only,6.31772634360487,300
XGBoost_Pool,0.0978561727063427,300
KRR_Pool,1.5711025928106994,300
NN_Pool,3.2529236485032897,300
XGBoost_TLCQM,0.1084510493725275,300
KRR_TLCQM,1.6708140749151223,300
NN_TLCQM,0.214900000546094,300
XGBoost_Target_Only,0.0939944458320424,500
KRR_Target_Only,9.748796818696508,500
NN_Target_Only,0.3922789412757068,500
XGBoost_Pool,0.0964173773452344,500
KRR_Pool,1.4878332820445317,500
NN_Pool,3.4885102443652247,500
XGBoost_TLCQM,0.1011528065880701,500
KRR_TLCQM,1.59255882837892,500
NN_TLCQM,0.1306897488045443,500
TKRR,1.9131339137514844,100
CDAR,53.21256742310111,100
DARC,40.126850760754735,100
VNCD_MDD,0.1588725641814087,100
M3SDA_Reg,0.1173867208356916,100
CMSS_Reg,0.1129020591327715,100
TKRR,1.8671870876805428,200
CDAR,5.705666216626256,200
DARC,29.82391280006464,200
VNCD_MDD,0.1284285806671508,200
M3SDA_Reg,0.1256559990392888,200
CMSS_Reg,0.1143707498024098,200
TKRR,1.8506999275586864,300
CDAR,5.753497748487054,300
DARC,30.97224918222932,300
VNCD_MDD,0.1281651753310354,300
M3SDA_Reg,0.1263953442440997,300
CMSS_Reg,0.1124191933707279,300
TKRR,1.824415851220894,500
CDAR,5.822247711122548,500
DARC,31.209796517347787,500
VNCD_MDD,0.1257721198078631,500
M3SDA_Reg,0.1191416988509896,500
CMSS_Reg,0.1064426627123719,500
XGBoost_Target_Only,0.1101425209773003,100
KRR_Target_Only,29.213416681373104,100
NN_Target_Only,17.999145110877137,100
XGBoost_Pool,0.0990500881896777,100
KRR_Pool,1.6309388893962973,100
NN_Pool,6.328119646343603,100
XGBoost_TLCQM,0.1139481932741166,100
KRR_TLCQM,1.757543065091446,100
NN_TLCQM,0.1316821615449401,100
XGBoost_Target_Only,0.104904192292354,200
KRR_Target_Only,20.35739010786305,200
NN_Target_Only,17.741756597097055,200
XGBoost_Pool,0.099381594587709,200
KRR_Pool,1.6271557288236145,200
NN_Pool,3.4453030572298915,200
XGBoost_TLCQM,0.1121791921956435,200
KRR_TLCQM,1.7202589738063092,200
NN_TLCQM,0.1143121813259378,200
XGBoost_Target_Only,0.1084144488728371,300
KRR_Target_Only,13.915634296440304,300
NN_Target_Only,0.3038961410797385,300
XGBoost_Pool,0.101081757059517,300
KRR_Pool,1.6256013801106883,300
NN_Pool,3.3361517517990693,300
XGBoost_TLCQM,0.1085053971070816,300
KRR_TLCQM,1.7402910213575409,300
NN_TLCQM,0.2130197727212437,300
XGBoost_Target_Only,0.1011090859446024,500
KRR_Target_Only,9.328469257478268,500
NN_Target_Only,0.199443983673242,500
XGBoost_Pool,0.0968578617481851,500
KRR_Pool,1.5451377091356395,500
NN_Pool,3.3333662547336456,500
XGBoost_TLCQM,0.1058988277055816,500
KRR_TLCQM,1.6287262600837789,500
NN_TLCQM,0.1512331239863478,500
TKRR,1.8751821018738748,100
CDAR,6.218201737646248,100
DARC,22.89518451102728,100
VNCD_MDD,0.1809150613168628,100
M3SDA_Reg,0.1124427513047707,100
CMSS_Reg,0.1173631474673083,100
TKRR,1.910878876016288,200
CDAR,5.9698303173215095,200
DARC,22.84188017615744,200
VNCD_MDD,0.1670880094983805,200
M3SDA_Reg,0.1152801315583813,200
CMSS_Reg,0.1103571120412783,200
TKRR,1.906207079050963,300
CDAR,5.989999754081313,300
DARC,22.84398477658071,300
VNCD_MDD,0.155562179197706,300
M3SDA_Reg,0.1117298527819409,300
CMSS_Reg,0.1120228244129452,300
TKRR,1.867078595475636,500
CDAR,5.804497731138272,500
DARC,22.14799482641354,500
VNCD_MDD,0.1424948930357074,500
M3SDA_Reg,0.1084261255835361,500
CMSS_Reg,0.1060254711106679,500
XGBoost_Target_Only,0.1081634987873,100
KRR_Target_Only,30.400312849321537,100
NN_Target_Only,25.667589193542234,100
XGBoost_Pool,0.1013101210956563,100
KRR_Pool,1.5866330483599915,100
NN_Pool,3.412639199523982,100
XGBoost_TLCQM,0.1028720088561422,100
KRR_TLCQM,1.7080101261834832,100
NN_TLCQM,0.1988657201685989,100
XGBoost_Target_Only,0.1109796343563399,200
KRR_Target_Only,19.94463100408251,200
NN_Target_Only,24.758160161906837,200
XGBoost_Pool,0.0989027699161184,200
KRR_Pool,1.5832356059620714,200
NN_Pool,3.7772018137530847,200
XGBoost_TLCQM,0.111233285234088,200
KRR_TLCQM,1.697888242512483,200
NN_TLCQM,0.200937548616548,200
XGBoost_Target_Only,0.0973333240476382,300
KRR_Target_Only,13.177730591272832,300
NN_Target_Only,2.057560593876013,300
XGBoost_Pool,0.0958966437352298,300
KRR_Pool,1.580358526023151,300
NN_Pool,4.790891259073584,300
XGBoost_TLCQM,0.1106538057509886,300
KRR_TLCQM,1.695929421067198,300
NN_TLCQM,0.1279889640564788,300
XGBoost_Target_Only,0.09289133887538,500
KRR_Target_Only,8.293211003659781,500
NN_Target_Only,0.5778686256041288,500
XGBoost_Pool,0.0955657975543353,500
KRR_Pool,1.5917967452964572,500
NN_Pool,2.765100931942174,500
XGBoost_TLCQM,0.1024125041223036,500
KRR_TLCQM,1.6855843447481311,500
NN_TLCQM,0.1705303046230551,500
TKRR,1.9962836048572237,100
CDAR,5.794706289506167,100
DARC,24.96778906750112,100
VNCD_MDD,0.1553488573274,100
M3SDA_Reg,0.1218609978741875,100
CMSS_Reg,0.1167030586789987,100
TKRR,1.8656657889390065,200
CDAR,5.15075327792984,200
DARC,23.2439927291926,200
VNCD_MDD,0.1430115369295533,200
M3SDA_Reg,0.1197692998720025,200
CMSS_Reg,0.1126996849388393,200
TKRR,2.002294461506376,300
CDAR,5.13158142285696,300
DARC,10.004659399695448,300
VNCD_MDD,0.1386431784632376,300
M3SDA_Reg,0.1204071823715283,300
CMSS_Reg,0.108847818614059,300
TKRR,1.87107836886354,500
CDAR,5.147152833053943,500
DARC,41.00802500505738,500
VNCD_MDD,0.1269874327424791,500
M3SDA_Reg,0.1185130983062724,500
CMSS_Reg,0.1022914018330553,500
XGBoost_Target_Only,0.1194588563668928,100
KRR_Target_Only,30.585663601247724,100
NN_Target_Only,22.831175320665817,100
XGBoost_Pool,0.1014115916538452,100
KRR_Pool,1.5947741054755418,100
NN_Pool,5.786092185512032,100
XGBoost_TLCQM,0.1145102460074252,100
KRR_TLCQM,1.7238080723449951,100
NN_TLCQM,0.1294875445290877,100
XGBoost_Target_Only,0.0981498013494601,200
KRR_Target_Only,20.787629965163998,200
NN_Target_Only,24.62661226708755,200
XGBoost_Pool,0.0978499004950246,200
KRR_Pool,1.5774700417235423,200
NN_Pool,3.54044068097445,200
XGBoost_TLCQM,0.1056391656169605,200
KRR_TLCQM,1.708731188931073,200
NN_TLCQM,0.124570970329452,200
XGBoost_Target_Only,0.0993194293330746,300
KRR_Target_Only,12.841653082571373,300
NN_Target_Only,6.791126245568272,300
XGBoost_Pool,0.0973576429552139,300
KRR_Pool,1.5570999594839718,300
NN_Pool,2.990762567567163,300
XGBoost_TLCQM,0.1018126149369039,300
KRR_TLCQM,1.6998806498159853,300
NN_TLCQM,0.1245557239651752,300
XGBoost_Target_Only,0.0952978864768171,500
KRR_Target_Only,9.837287036721092,500
NN_Target_Only,0.820285112241553,500
XGBoost_Pool,0.0960038897036373,500
KRR_Pool,1.5397906787003537,500
NN_Pool,3.2721930354181974,500
XGBoost_TLCQM,0.1032882228279829,500
KRR_TLCQM,1.6853282933548324,500
NN_TLCQM,0.1081050775294591,500
TKRR,1.9467316749812131,100
CDAR,5.642289885272875,100
DARC,37.79036876443441,100
VNCD_MDD,0.1788982100651782,100
M3SDA_Reg,0.1143277786315735,100
CMSS_Reg,0.1178243361540589,100
TKRR,1.848085164718772,200
CDAR,6.31450099904996,200
DARC,35.13291319578099,200
VNCD_MDD,0.1485842019625534,200
M3SDA_Reg,0.1123937292512424,200
CMSS_Reg,0.11000342303665,200
TKRR,1.8614004255281795,300
CDAR,6.204518882385382,300
DARC,34.95624340068384,300
VNCD_MDD,0.137576314878241,300
M3SDA_Reg,0.1120362594328653,300
CMSS_Reg,0.1053459961913095,300
TKRR,1.917390610439535,500
CDAR,6.170431173091253,500
DARC,26.143494690169,500
VNCD_MDD,0.1600145179883236,500
M3SDA_Reg,0.1198198973225295,500
CMSS_Reg,0.0997774484561607,500
XGBoost_Target_Only,0.1043889912811964,100
KRR_Target_Only,28.33943093614751,100
NN_Target_Only,22.527699038899936,100
XGBoost_Pool,0.100439054877838,100
KRR_Pool,1.5761191138129076,100
NN_Pool,5.693552038504049,100
XGBoost_TLCQM,0.100789311694522,100
KRR_TLCQM,1.68706016593344,100
NN_TLCQM,0.1015299931894346,100
XGBoost_Target_Only,0.1010119275679281,200
KRR_Target_Only,19.5969234079631,200
NN_Target_Only,25.08624129193846,200
XGBoost_Pool,0.1020310864210879,200
KRR_Pool,1.501667592419184,200
NN_Pool,3.37126842697408,200
XGBoost_TLCQM,0.1019620540885532,200
KRR_TLCQM,1.600084834126333,200
NN_TLCQM,0.1051924945917382,200
XGBoost_Target_Only,0.1013767759490825,300
KRR_Target_Only,15.051279663553078,300
NN_Target_Only,0.3113218491501476,300
XGBoost_Pool,0.0986212189288004,300
KRR_Pool,1.468414268244161,300
NN_Pool,3.247108026604565,300
XGBoost_TLCQM,0.1027256817379023,300
KRR_TLCQM,1.5591167975247977,300
NN_TLCQM,0.108033886402066,300
XGBoost_Target_Only,0.0960120838835364,500
KRR_Target_Only,9.764940935145484,500
NN_Target_Only,0.4026293196691289,500
XGBoost_Pool,0.0964278803194232,500
KRR_Pool,1.372142112269664,500
NN_Pool,4.926569223480963,500
XGBoost_TLCQM,0.1032612823740498,500
KRR_TLCQM,1.4668000500180778,500
NN_TLCQM,0.1060905004903032,500
TKRR,1.8905807020335903,100
CDAR,5.325988968010844,100
DARC,28.262958380456304,100
VNCD_MDD,0.1650213786014419,100
M3SDA_Reg,0.1232769169935144,100
CMSS_Reg,0.1159922952391467,100
TKRR,2.0247656388832707,200
CDAR,6.295023463411523,200
DARC,23.297524280772507,200
VNCD_MDD,0.1518484501888503,200
M3SDA_Reg,0.1199499466024875,200
CMSS_Reg,0.1115878484722033,200
TKRR,1.81886535141967,300
CDAR,6.281084251025972,300
DARC,26.13685841078521,300
VNCD_MDD,0.1479509286735699,300
M3SDA_Reg,0.1262222696107365,300
CMSS_Reg,0.1082778793732078,300
TKRR,1.6822176178338053,500
CDAR,6.132024754828011,500
DARC,28.39423634733054,500
VNCD_MDD,0.1425341238097465,500
M3SDA_Reg,0.1241413744385155,500
CMSS_Reg,0.1031377178296245,500
XGBoost_Target_Only,0.1109809813104819,100
KRR_Target_Only,29.217933480396574,100
NN_Target_Only,26.227538459101133,100
XGBoost_Pool,0.0990290263342752,100
KRR_Pool,1.6050185720010588,100
NN_Pool,3.436417645641992,100
XGBoost_TLCQM,0.1001537681039424,100
KRR_TLCQM,1.7280553477132916,100
NN_TLCQM,0.2928770129116815,100
XGBoost_Target_Only,0.1141354652282664,200
KRR_Target_Only,20.505916552119885,200
NN_Target_Only,23.4527674048914,200
XGBoost_Pool,0.0979705035344346,200
KRR_Pool,1.5716724944511669,200
NN_Pool,3.085916127820631,200
XGBoost_TLCQM,0.0998853912777091,200
KRR_TLCQM,1.7075710931074444,200
NN_TLCQM,0.120928370928559,200
XGBoost_Target_Only,0.1011891372810625,300
KRR_Target_Only,14.101871356618089,300
NN_Target_Only,6.192982029502373,300
XGBoost_Pool,0.0991509591468108,300
KRR_Pool,1.5728102276251896,300
NN_Pool,3.6119964960665865,300
XGBoost_TLCQM,0.1021924463966963,300
KRR_TLCQM,1.7171709553551149,300
NN_TLCQM,0.1089698453152377,300
XGBoost_Target_Only,0.1012327627772429,500
KRR_Target_Only,7.784534878169406,500
NN_Target_Only,0.2187683829618031,500
XGBoost_Pool,0.0959769482365607,500
KRR_Pool,1.4515044486396969,500
NN_Pool,4.304177178313434,500
XGBoost_TLCQM,0.1055159873912577,500
KRR_TLCQM,1.548369177001278,500
NN_TLCQM,0.123117293618403,500
TKRR,1.8813874160070936,100
CDAR,6.367374761030365,100
DARC,26.055256506763065,100
VNCD_MDD,0.1527946539833271,100
M3SDA_Reg,0.1304459438117707,100
CMSS_Reg,0.1134996236528954,100
TKRR,1.8696024869025587,200
CDAR,5.07721983941949,200
DARC,39.29108743413962,200
VNCD_MDD,0.1448888137819301,200
M3SDA_Reg,0.1448649552142991,200
CMSS_Reg,0.1095111765190187,200
TKRR,1.8603165094546072,300
CDAR,5.063120627505192,300
DARC,39.75717561321489,300
VNCD_MDD,0.1411945060372775,300
M3SDA_Reg,0.1431303734476618,300
CMSS_Reg,0.1087342029542531,300
TKRR,1.7913489706575725,500
CDAR,5.080360429950601,500
DARC,39.53171774863951,500
VNCD_MDD,0.138929183303466,500
M3SDA_Reg,0.1389891323560206,500
CMSS_Reg,0.1056397682925023,500
XGBoost_Target_Only,0.1137176563824608,100
KRR_Target_Only,28.850758427387944,100
NN_Target_Only,21.68569939532872,100
XGBoost_Pool,0.1005262877408521,100
KRR_Pool,1.5909366233309372,100
NN_Pool,5.664418583083826,100
XGBoost_TLCQM,0.1087999976740627,100
KRR_TLCQM,1.6777423482258371,100
NN_TLCQM,0.155882062632462,100
XGBoost_Target_Only,0.1094417138728357,200
KRR_Target_Only,19.15860117790198,200
NN_Target_Only,20.04368917155424,200
XGBoost_Pool,0.0971809190828924,200
KRR_Pool,1.6010611026973405,200
NN_Pool,3.707258613965332,200
XGBoost_TLCQM,0.1099441307948753,200
KRR_TLCQM,1.6818456332963638,200
NN_TLCQM,0.127090716226135,200
XGBoost_Target_Only,0.1052632952392182,300
KRR_Target_Only,13.809638814130304,300
NN_Target_Only,15.242965429188876,300
XGBoost_Pool,0.0969469914748132,300
KRR_Pool,1.5740379011188994,300
NN_Pool,4.956279198303342,300
XGBoost_TLCQM,0.1019034522857987,300
KRR_TLCQM,1.6680474973071506,300
NN_TLCQM,0.1132693162665772,300
XGBoost_Target_Only,0.0930056059524593,500
KRR_Target_Only,8.997356888970717,500
NN_Target_Only,6.839297910285337,500
XGBoost_Pool,0.0938035762778845,500
KRR_Pool,1.4992442070990843,500
NN_Pool,4.316585691506325,500
XGBoost_TLCQM,0.1069072898715416,500
KRR_TLCQM,1.5910507223467665,500
NN_TLCQM,0.112994960686394,500
TKRR,2.1190793337840064,100
CDAR,6.417943834069558,100
DARC,36.11450912104888,100
VNCD_MDD,0.1508993035859052,100
M3SDA_Reg,0.111973787971594,100
CMSS_Reg,0.1149246490394635,100
TKRR,2.0225952186344034,200
CDAR,5.776639953531644,200
DARC,32.77986841409554,200
VNCD_MDD,0.1459517344418195,200
M3SDA_Reg,0.1094829397601375,200
CMSS_Reg,0.1182972818962813,200
TKRR,1.8188583548609845,300
CDAR,5.694958084830114,300
DARC,32.89859721378987,300
VNCD_MDD,0.1407495534086104,300
M3SDA_Reg,0.1133096616892918,300
CMSS_Reg,0.1123218586067275,300
TKRR,1.7857775644162257,500
CDAR,5.719850122864951,500
DARC,32.76397261141831,500
VNCD_MDD,0.1212073311165384,500
M3SDA_Reg,0.1081148764619225,500
CMSS_Reg,0.1078493804371086,500
XGBoost_Target_Only,0.1118798158059321,100
KRR_Target_Only,29.083881169866064,100
NN_Target_Only,17.843335676239544,100
XGBoost_Pool,0.0979130283660888,100
KRR_Pool,1.6195843204011426,100
NN_Pool,5.402955403964175,100
XGBoost_TLCQM,0.1109544954403926,100
KRR_TLCQM,1.7474566711057269,100
NN_TLCQM,0.1128877920545468,100
XGBoost_Target_Only,0.1017203857629022,200
KRR_Target_Only,18.6012304405869,200
NN_Target_Only,22.365448104126237,200
XGBoost_Pool,0.0984578575371046,200
KRR_Pool,1.5668961053428272,200
NN_Pool,3.36504063691344,200
XGBoost_TLCQM,0.11229433485505,200
KRR_TLCQM,1.7021356361311282,200
NN_TLCQM,0.10959888257832,200
XGBoost_Target_Only,0.0976210664045218,300
KRR_Target_Only,14.815711087702736,300
NN_Target_Only,1.428303026667514,300
XGBoost_Pool,0.0969213200335113,300
KRR_Pool,1.5333842311420425,300
NN_Pool,3.4069460687391517,300
XGBoost_TLCQM,0.1076571345623177,300
KRR_TLCQM,1.649196704047236,300
NN_TLCQM,0.1526556370663812,300
XGBoost_Target_Only,0.0959015164546068,500
KRR_Target_Only,9.40952339301464,500
NN_Target_Only,6.173322040516303,500
XGBoost_Pool,0.0960395477850452,500
KRR_Pool,1.3719927365202422,500
NN_Pool,3.202543200300798,500
XGBoost_TLCQM,0.0977932616952188,500
KRR_TLCQM,1.4744213291513997,500
NN_TLCQM,0.1118831288955524,500
TKRR,1.9674429057583371,100
CDAR,6.730939124955219,100
DARC,34.812871471274505,100
VNCD_MDD,0.1603625079919015,100
M3SDA_Reg,0.1081427954845956,100
CMSS_Reg,0.1077864174636829,100
TKRR,1.9073670692972935,200
CDAR,6.065411027369505,200
DARC,29.331499639569603,200
VNCD_MDD,0.1405970175026236,200
M3SDA_Reg,0.1184721628926654,200
CMSS_Reg,0.1127495504762152,200
TKRR,1.846696795936304,300
CDAR,6.304783489418639,300
DARC,30.24572065038253,300
VNCD_MDD,0.1342346011229922,300
M3SDA_Reg,0.1160285020930464,300
CMSS_Reg,0.10967455449839,300
TKRR,1.8018840589471596,500
CDAR,6.024528763994778,500
DARC,30.193682655649656,500
VNCD_MDD,0.1213387242998298,500
M3SDA_Reg,0.1155425677991387,500
CMSS_Reg,0.1015671719908461,500
XGBoost_Target_Only,0.1277596746197206,100
KRR_Target_Only,30.218538630270025,100
NN_Target_Only,23.790483296034516,100
XGBoost_Pool,0.098570704268533,100
KRR_Pool,1.6149929475729945,100
NN_Pool,5.595716406970604,100
XGBoost_TLCQM,0.1153537181335203,100
KRR_TLCQM,1.7005981921511282,100
NN_TLCQM,0.1138905098151171,100
XGBoost_Target_Only,0.1038185857384507,200
KRR_Target_Only,19.05027180111908,200
NN_Target_Only,22.434205670000416,200
XGBoost_Pool,0.1002881728033047,200
KRR_Pool,1.535768359254343,200
NN_Pool,4.893159502282813,200
XGBoost_TLCQM,0.1199021568704683,200
KRR_TLCQM,1.6177361965665609,200
NN_TLCQM,0.1160981422101458,200
XGBoost_Target_Only,0.1030283602691,300
KRR_Target_Only,13.986925163505266,300
NN_Target_Only,0.3024201226078383,300
XGBoost_Pool,0.1004546187319501,300
KRR_Pool,1.5531214397258364,300
NN_Pool,3.123580204751458,300
XGBoost_TLCQM,0.1092446267130358,300
KRR_TLCQM,1.6406846507868031,300
NN_TLCQM,0.1154888659172329,300
XGBoost_Target_Only,0.0993083926404223,500
KRR_Target_Only,8.816876025183024,500
NN_Target_Only,0.3465096863329566,500
XGBoost_Pool,0.0965363625638046,500
KRR_Pool,1.5294732318108368,500
NN_Pool,3.3833510735746377,500
XGBoost_TLCQM,0.1044770605727971,500
KRR_TLCQM,1.6291875416356718,500
NN_TLCQM,0.1084956360434792,500
TKRR,1.8878895283082444,100
CDAR,5.5184891507602165,100
DARC,28.253961764609823,100
VNCD_MDD,0.1615157604352981,100
M3SDA_Reg,0.1146524809668176,100
CMSS_Reg,0.1147120079840253,100
TKRR,1.78943836285346,200
CDAR,6.136309656898837,200
DARC,33.150402490256546,200
VNCD_MDD,0.1541768774538309,200
M3SDA_Reg,0.1172562286811285,200
CMSS_Reg,0.1086723618333453,200
TKRR,1.8517129910160204,300
CDAR,6.234408540461995,300
DARC,33.861978513230895,300
VNCD_MDD,0.1444746249841362,300
M3SDA_Reg,0.1178392007850627,300
CMSS_Reg,0.102881822088005,300
TKRR,1.866600901600936,500
CDAR,6.305555569292236,500
DARC,34.212437512403184,500
VNCD_MDD,0.1401746168824457,500
M3SDA_Reg,0.1184708977783408,500
CMSS_Reg,0.1012629909294236,500
XGBoost_Target_Only,0.1129978346004451,100
KRR_Target_Only,27.75255922847543,100
NN_Target_Only,20.08777236103505,100
XGBoost_Pool,0.1011945893657404,100
KRR_Pool,1.6475987135354464,100
NN_Pool,5.963165336951542,100
XGBoost_TLCQM,0.1081472208407824,100
KRR_TLCQM,1.7684725290772156,100
NN_TLCQM,0.1084019258143084,100
XGBoost_Target_Only,0.110019629839163,200
KRR_Target_Only,18.14425259176039,200
NN_Target_Only,19.98142323606112,200
XGBoost_Pool,0.0988994928199818,200
KRR_Pool,1.6555677719883564,200
NN_Pool,3.6521237558063904,200
XGBoost_TLCQM,0.1015852912564289,200
KRR_TLCQM,1.7817631865464971,200
NN_TLCQM,0.1112081020075915,200
XGBoost_Target_Only,0.107281092644779,300
KRR_Target_Only,13.146048078769038,300
NN_Target_Only,6.246666113854523,300
XGBoost_Pool,0.096961025315828,300
KRR_Pool,1.573144273885295,300
NN_Pool,5.442011949553571,300
XGBoost_TLCQM,0.1013551233261982,300
KRR_TLCQM,1.69722182130119,300
NN_TLCQM,0.143333300519084,300
XGBoost_Target_Only,0.1017604988797708,500
KRR_Target_Only,8.449120980535568,500
NN_Target_Only,6.706904619225652,500
XGBoost_Pool,0.0953508505848887,500
KRR_Pool,1.5286928143962837,500
NN_Pool,4.254717242602952,500
XGBoost_TLCQM,0.0997507103898581,500
KRR_TLCQM,1.6539717744839209,500
NN_TLCQM,0.2589602964739914,500
TKRR,2.283217369020781,100
CDAR,5.613445362352575,100
DARC,31.811284953380305,100
VNCD_MDD,0.1532283807591667,100
M3SDA_Reg,0.1113813296600815,100
CMSS_Reg,0.1231208941918973,100
TKRR,2.132279986272943,200
CDAR,5.413030826686237,200
DARC,28.65397018171992,200
VNCD_MDD,0.1352803902848743,200
M3SDA_Reg,0.1074055739156442,200
CMSS_Reg,0.1192238857069281,200
TKRR,1.877818465948872,300
CDAR,5.151518386716155,300
DARC,28.709293766203857,300
VNCD_MDD,0.136256740508531,300
M3SDA_Reg,0.1149638229076435,300
CMSS_Reg,0.1162821453842888,300
TKRR,1.8397767388353208,500
CDAR,5.218644733077055,500
DARC,28.958679924446823,500
VNCD_MDD,0.1361974648062676,500
M3SDA_Reg,0.1196791303232709,500
CMSS_Reg,0.1039742563032824,500
XGBoost_Target_Only,0.1235054711387553,100
KRR_Target_Only,29.294912627701493,100
NN_Target_Only,26.82057612743024,100
XGBoost_Pool,0.1022849455550209,100
KRR_Pool,1.641365736216799,100
NN_Pool,5.358345176600941,100
XGBoost_TLCQM,0.1153995085733312,100
KRR_TLCQM,1.7901834987821237,100
NN_TLCQM,0.2751726412708857,100
XGBoost_Target_Only,0.1163005518910166,200
KRR_Target_Only,18.91617691229002,200
NN_Target_Only,24.709308075699404,200
XGBoost_Pool,0.1004335113488242,200
KRR_Pool,1.6040502668345291,200
NN_Pool,3.5643146918013526,200
XGBoost_TLCQM,0.1013474764696269,200
KRR_TLCQM,1.7333583596266458,200
NN_TLCQM,0.1005496153066365,200
XGBoost_Target_Only,0.1151551619979763,300
KRR_Target_Only,13.245135271461606,300
NN_Target_Only,6.057148184099948,300
XGBoost_Pool,0.099469752306964,300
KRR_Pool,1.5625076223171568,300
NN_Pool,4.607832945808922,300
XGBoost_TLCQM,0.1052419193506308,300
KRR_TLCQM,1.6796707953930874,300
NN_TLCQM,0.1054603184864479,300
XGBoost_Target_Only,0.0975494714221952,500
KRR_Target_Only,8.606471894156009,500
NN_Target_Only,0.3249815082444915,500
XGBoost_Pool,0.0969147169386922,500
KRR_Pool,1.5176562947950234,500
NN_Pool,3.5080943055385188,500
XGBoost_TLCQM,0.0992495249864935,500
KRR_TLCQM,1.6102326783752503,500
NN_TLCQM,0.2909157802552359,500
TKRR,1.8981779025434269,100
CDAR,6.002772039140443,100
DARC,34.76142191304125,100
VNCD_MDD,0.1570902974289834,100
M3SDA_Reg,0.1186635468643048,100
CMSS_Reg,0.1212753038764842,100
TKRR,1.910641956683178,200
CDAR,5.612819250687412,200
DARC,31.37630256406758,200
VNCD_MDD,0.1431140836475695,200
M3SDA_Reg,0.1177661397255037,200
CMSS_Reg,0.1109649864848516,200
TKRR,1.9898080023062168,300
CDAR,5.507747354836735,300
DARC,31.82417952283172,300
VNCD_MDD,0.1353480017046615,300
M3SDA_Reg,0.1230750271086085,300
CMSS_Reg,0.1101624032866397,300
TKRR,1.817734525561436,500
CDAR,5.504125407021656,500
DARC,31.02453361904832,500
VNCD_MDD,0.1203281620790078,500
M3SDA_Reg,0.1200736116767723,500
CMSS_Reg,0.1016490751347238,500
XGBoost_Target_Only,0.1179794884144918,100
KRR_Target_Only,30.74213270232017,100
NN_Target_Only,18.27682752783478,100
XGBoost_Pool,0.1024395415730018,100
KRR_Pool,1.6092331221520078,100
NN_Pool,5.6830077609097485,100
XGBoost_TLCQM,0.1007157304952491,100
KRR_TLCQM,1.7153037588072535,100
NN_TLCQM,0.2255736358028045,100
XGBoost_Target_Only,0.101417046167253,200
KRR_Target_Only,19.733502480711483,200
NN_Target_Only,18.116324288375573,200
XGBoost_Pool,0.1003557520319296,200
KRR_Pool,1.6099782004905967,200
NN_Pool,3.613433232721377,200
XGBoost_TLCQM,0.1072376654980446,200
KRR_TLCQM,1.6972309300007198,200
NN_TLCQM,0.1075863569610836,200
XGBoost_Target_Only,0.0976956712311205,300
KRR_Target_Only,14.318279305116244,300
NN_Target_Only,0.3012258946559067,300
XGBoost_Pool,0.0979983127700823,300
KRR_Pool,1.545903635439078,300
NN_Pool,6.112957947637296,300
XGBoost_TLCQM,0.1060404258956559,300
KRR_TLCQM,1.6298314487712338,300
NN_TLCQM,0.1071276350701919,300
XGBoost_Target_Only,0.0974809706921067,500
KRR_Target_Only,9.266711807667486,500
NN_Target_Only,0.4874286588317263,500
XGBoost_Pool,0.0961713791000616,500
KRR_Pool,1.4923443864272985,500
NN_Pool,2.7544379904457394,500
XGBoost_TLCQM,0.1014679944291732,500
KRR_TLCQM,1.575247303320394,500
NN_TLCQM,0.1053445364096592,500
TKRR,1.8800193840242811,100
CDAR,5.333339463448698,100
DARC,41.71283858309062,100
VNCD_MDD,0.1403309166598052,100
M3SDA_Reg,0.1115789265307978,100
CMSS_Reg,0.1127600779291683,100
TKRR,1.8558668934142584,200
CDAR,5.115578816047517,200
DARC,29.543457480788152,200
VNCD_MDD,0.1372962574788131,200
M3SDA_Reg,0.1109360390560617,200
CMSS_Reg,0.107612279915997,200
TKRR,1.8421487591909755,300
CDAR,5.150265057057805,300
DARC,27.61850673647184,300
VNCD_MDD,0.1201264175526173,300
M3SDA_Reg,0.1089430330581429,300
CMSS_Reg,0.1015537809862329,300
TKRR,1.81431446869449,500
CDAR,5.075310897222449,500
DARC,28.321162309026377,500
VNCD_MDD,0.1217526711468386,500
M3SDA_Reg,0.1174348271557886,500
CMSS_Reg,0.0971051032970328,500
XGBoost_Target_Only,0.1173412107032533,100
KRR_Target_Only,31.002931080689606,100
NN_Target_Only,23.58649447223883,100
XGBoost_Pool,0.1017418341489344,100
KRR_Pool,1.6110731330679409,100
NN_Pool,5.740852481353887,100
XGBoost_TLCQM,0.0986951333238627,100
KRR_TLCQM,1.7284773143727268,100
NN_TLCQM,0.1090030018849221,100
XGBoost_Target_Only,0.1032309896343114,200
KRR_Target_Only,20.420346788011464,200
NN_Target_Only,23.43760294486968,200
XGBoost_Pool,0.0982882279923203,200
KRR_Pool,1.5286149691758273,200
NN_Pool,3.3627737184756907,200
XGBoost_TLCQM,0.1005085544471949,200
KRR_TLCQM,1.6307639296277283,200
NN_TLCQM,0.104908137194442,200
XGBoost_Target_Only,0.1032664701276958,300
KRR_Target_Only,14.241001287462328,300
NN_Target_Only,0.8401808320154566,300
XGBoost_Pool,0.0992099509498888,300
KRR_Pool,1.5096279410293785,300
NN_Pool,3.798537833943234,300
XGBoost_TLCQM,0.101012789150776,300
KRR_TLCQM,1.626265712766039,300
NN_TLCQM,0.1064146288214571,300
XGBoost_Target_Only,0.0960455331071325,500
KRR_Target_Only,8.662704267921256,500
NN_Target_Only,0.281429809817136,500
XGBoost_Pool,0.0955468756860326,500
KRR_Pool,1.5073319915131065,500
NN_Pool,3.352481528785445,500
XGBoost_TLCQM,0.1007188046127062,500
KRR_TLCQM,1.607756620719176,500
NN_TLCQM,0.1420550491731939,500
TKRR,1.98262787887544,100
CDAR,6.047113652346016,100
DARC,32.49166184844607,100
VNCD_MDD,0.1841768305442413,100
M3SDA_Reg,0.1166665064430297,100
CMSS_Reg,0.120500403126844,100
TKRR,1.8884531062124232,200
CDAR,5.957331738598725,200
DARC,4.9742492666656855,200
VNCD_MDD,0.1611782526515111,200
M3SDA_Reg,0.1234875717662035,200
CMSS_Reg,0.1153950554442551,200
TKRR,1.8196017832994544,300
CDAR,5.922220771239011,300
DARC,13.515240525554264,300
VNCD_MDD,0.1372401813284146,300
M3SDA_Reg,0.124575357686854,300
CMSS_Reg,0.1117310816365497,300
TKRR,1.834295613771036,500
CDAR,5.894508249079716,500
DARC,27.64981934494247,500
VNCD_MDD,0.1351874020878759,500
M3SDA_Reg,0.1178483629325873,500
CMSS_Reg,0.1051280698592492,500
XGBoost_Target_Only,0.1168799917275533,100
KRR_Target_Only,30.995830414206136,100
NN_Target_Only,23.31092245546007,100
XGBoost_Pool,0.1027173296639976,100
KRR_Pool,1.5941779581715283,100
NN_Pool,5.707614408583271,100
XGBoost_TLCQM,0.123534495519352,100
KRR_TLCQM,1.7627425015317315,100
NN_TLCQM,0.1467476279060765,100
XGBoost_Target_Only,0.1058238193270693,200
KRR_Target_Only,20.132964127771896,200
NN_Target_Only,27.946813102889266,200
XGBoost_Pool,0.1026575559938626,200
KRR_Pool,1.5736730753592074,200
NN_Pool,3.0332809414053177,200
XGBoost_TLCQM,0.1041210261122323,200
KRR_TLCQM,1.6798776077105293,200
NN_TLCQM,0.1062499729472834,200
XGBoost_Target_Only,0.0954216840650313,300
KRR_Target_Only,14.823042761056508,300
NN_Target_Only,8.67219664142885,300
XGBoost_Pool,0.0988528892655521,300
KRR_Pool,1.4961950695783364,300
NN_Pool,3.165559027910698,300
XGBoost_TLCQM,0.1131691885709869,300
KRR_TLCQM,1.587578138548506,300
NN_TLCQM,0.1120020596340029,300
XGBoost_Target_Only,0.0963624319422243,500
KRR_Target_Only,8.81184302318159,500
NN_Target_Only,2.406014338356404,500
XGBoost_Pool,0.0963776059729452,500
KRR_Pool,1.4861683624692226,500
NN_Pool,3.3794072612228083,500
XGBoost_TLCQM,0.103566687842879,500
KRR_TLCQM,1.5658816327542435,500
NN_TLCQM,0.1184218963880701,500
TKRR,1.8639486143416584,100
CDAR,5.896272653140882,100
DARC,29.53556887831525,100
VNCD_MDD,0.1712966182900431,100
M3SDA_Reg,0.1241841009203508,100
CMSS_Reg,0.1225918319246476,100
TKRR,1.846607308696405,200
CDAR,5.48466311990257,200
DARC,25.18194090286841,200
VNCD_MDD,0.1552165192636535,200
M3SDA_Reg,0.1223866662572994,200
CMSS_Reg,0.1076738617413338,200
TKRR,1.8196318445534565,300
CDAR,5.180973394614012,300
DARC,23.494119709303128,300
VNCD_MDD,0.1382928743836165,300
M3SDA_Reg,0.1209551771227727,300
CMSS_Reg,0.1092417377497966,300
TKRR,1.82898150334032,500
CDAR,5.02166773099355,500
DARC,24.029292411510383,500
VNCD_MDD,0.1302223609977007,500
M3SDA_Reg,0.1184918410190356,500
CMSS_Reg,0.0985802021878818,500
XGBoost_Target_Only,0.1105492215772933,100
KRR_Target_Only,30.08578890981845,100
NN_Target_Only,23.01159827881086,100
XGBoost_Pool,0.0998822155811407,100
KRR_Pool,1.6216956450198068,100
NN_Pool,5.696729232095119,100
XGBoost_TLCQM,0.1093746007291606,100
KRR_TLCQM,1.7281091552836043,100
NN_TLCQM,0.1464459670335088,100
XGBoost_Target_Only,0.1027403546409098,200
KRR_Target_Only,20.566955129768708,200
NN_Target_Only,21.96088629359152,200
XGBoost_Pool,0.0975363548671156,200
KRR_Pool,1.606764819907366,200
NN_Pool,3.5221297498344,200
XGBoost_TLCQM,0.1073783992975844,200
KRR_TLCQM,1.715686069973344,200
NN_TLCQM,0.110502384046866,200
XGBoost_Target_Only,0.0942186304162026,300
KRR_Target_Only,14.327187234032298,300
NN_Target_Only,0.7160195927961915,300
XGBoost_Pool,0.096374778535195,300
KRR_Pool,1.6035642265994865,300
NN_Pool,3.079339544920459,300
XGBoost_TLCQM,0.1003638679433942,300
KRR_TLCQM,1.7236958052819151,300
NN_TLCQM,0.1045746818050333,300
XGBoost_Target_Only,0.0960993451464755,500
KRR_Target_Only,9.977268384103793,500
NN_Target_Only,1.896139929118548,500
XGBoost_Pool,0.096547819575026,500
KRR_Pool,1.5344901803308175,500
NN_Pool,4.562620795005526,500
XGBoost_TLCQM,0.1023211968718713,500
KRR_TLCQM,1.649175196532386,500
NN_TLCQM,0.1125064429011474,500
TKRR,1.8732561010861648,100
CDAR,6.00578066042418,100
DARC,25.979975037054587,100
VNCD_MDD,0.1530480764179199,100
M3SDA_Reg,0.1169908396147274,100
CMSS_Reg,0.1178655250706966,100
TKRR,1.870703523387348,200
CDAR,5.5460586002580525,200
DARC,27.61844661444052,200
VNCD_MDD,0.1686061479692607,200
M3SDA_Reg,0.1112240885711602,200
CMSS_Reg,0.1051640791688413,200
TKRR,1.8666486183745292,300
CDAR,5.51466594301786,300
DARC,27.844157132448554,300
VNCD_MDD,0.164604623542911,300
M3SDA_Reg,0.1122325018370336,300
CMSS_Reg,0.1088502543511353,300
TKRR,1.8185449067000523,500
CDAR,5.482786374802769,500
DARC,28.016633469342192,500
VNCD_MDD,0.1322530250540554,500
M3SDA_Reg,0.1231060804006734,500
CMSS_Reg,0.1009238553985425,500
XGBoost_Target_Only,0.1152507471379211,100
KRR_Target_Only,29.475568711345037,100
NN_Target_Only,19.81242934757572,100
XGBoost_Pool,0.1003605768125549,100
KRR_Pool,1.628149907171384,100
NN_Pool,3.4288399150836018,100
XGBoost_TLCQM,0.1102390428835793,100
KRR_TLCQM,1.7699782344238983,100
NN_TLCQM,0.1070460088295295,100
XGBoost_Target_Only,0.1041974254746707,200
KRR_Target_Only,19.649094073821075,200
NN_Target_Only,23.77935961846929,200
XGBoost_Pool,0.100011546439861,200
KRR_Pool,1.5936472591264883,200
NN_Pool,3.620240111670757,200
XGBoost_TLCQM,0.102999304678238,200
KRR_TLCQM,1.700022400588245,200
NN_TLCQM,0.1179329508866408,200
XGBoost_Target_Only,0.097277636928918,300
KRR_Target_Only,14.564461176444455,300
NN_Target_Only,7.524673467659756,300
XGBoost_Pool,0.0985355628488857,300
KRR_Pool,1.5950324866912555,300
NN_Pool,2.6016300949663025,300
XGBoost_TLCQM,0.1086721704757784,300
KRR_TLCQM,1.707165558331916,300
NN_TLCQM,0.1441436562040126,300
XGBoost_Target_Only,0.1097174858631812,500
KRR_Target_Only,8.660667505628087,500
NN_Target_Only,0.9473626144556336,500
XGBoost_Pool,0.09767391702049,500
KRR_Pool,1.540825138099116,500
NN_Pool,3.520594175296542,500
XGBoost_TLCQM,0.1004953370324489,500
KRR_TLCQM,1.6269138640445442,500
NN_TLCQM,0.1048638102237372,500
TKRR,2.0681623258782045,100
CDAR,5.914390342052479,100
DARC,27.73407216203694,100
VNCD_MDD,0.181369060098651,100
M3SDA_Reg,0.1127359565669043,100
CMSS_Reg,0.1200986864053894,100
TKRR,2.015322786171297,200
CDAR,6.034360728074193,200
DARC,27.400824499475423,200
VNCD_MDD,0.1638041078419329,200
M3SDA_Reg,0.1170014283205981,200
CMSS_Reg,0.1067269560805446,200
TKRR,1.9223125436761177,300
CDAR,6.023424839398553,300
DARC,27.738132400634456,300
VNCD_MDD,0.150322527648707,300
M3SDA_Reg,0.1208180598151134,300
CMSS_Reg,0.1071903314445162,300
TKRR,1.862270114841612,500
CDAR,6.072557762241041,500
DARC,27.99777387700228,500
VNCD_MDD,0.1618546380040344,500
M3SDA_Reg,0.1223443438387086,500
CMSS_Reg,0.1112218555248496,500
XGBoost_Target_Only,0.1372224917695061,100
KRR_Target_Only,32.574227685917585,100
NN_Target_Only,24.63796266018125,100
XGBoost_Pool,0.103698699854868,100
KRR_Pool,1.6321327689167948,100
NN_Pool,5.137752429904511,100
XGBoost_TLCQM,0.1036981654556046,100
KRR_TLCQM,1.7407154398908775,100
NN_TLCQM,0.1141170209019149,100
XGBoost_Target_Only,0.1097615265231246,200
KRR_Target_Only,19.63198169616416,200
NN_Target_Only,24.223599813092846,200
XGBoost_Pool,0.0990853061722402,200
KRR_Pool,1.5875385885284716,200
NN_Pool,4.59174174861037,200
XGBoost_TLCQM,0.1121019641716613,200
KRR_TLCQM,1.6862486459721495,200
NN_TLCQM,0.1238497299805923,200
XGBoost_Target_Only,0.1004567440309718,300
KRR_Target_Only,14.033478339235486,300
NN_Target_Only,0.517641472005064,300
XGBoost_Pool,0.0979954236153656,300
KRR_Pool,1.5837527699219374,300
NN_Pool,3.46821832630227,300
XGBoost_TLCQM,0.1104573991649383,300
KRR_TLCQM,1.6974393665787764,300
NN_TLCQM,0.1350835619910114,300
XGBoost_Target_Only,0.0981750681354456,500
KRR_Target_Only,9.126620906651516,500
NN_Target_Only,0.9248472165721944,500
XGBoost_Pool,0.09615219823435,500
KRR_Pool,1.5320982788035709,500
NN_Pool,3.73737662190756,500
XGBoost_TLCQM,0.1010277096019976,500
KRR_TLCQM,1.6337144780874748,500
NN_TLCQM,0.1064035232074477,500
TKRR,1.9105586083129795,100
CDAR,5.590198056341919,100
DARC,42.39440376834163,100
VNCD_MDD,0.1610900661991433,100
M3SDA_Reg,0.1250783376290911,100
CMSS_Reg,0.1167128200787307,100
TKRR,1.861819997595073,200
CDAR,5.155421851749748,200
DARC,32.58762292052058,200
VNCD_MDD,0.1498516990767241,200
M3SDA_Reg,0.1233983689683183,200
CMSS_Reg,0.1110157544545877,200
TKRR,1.8575016415145256,300
CDAR,5.103222330011836,300
DARC,32.527858160938806,300
VNCD_MDD,0.1287514354673601,300
M3SDA_Reg,0.1254134547886459,300
CMSS_Reg,0.10341535142702,300
TKRR,1.791165648965125,500
CDAR,5.072138221815844,500
DARC,32.68638639420407,500
VNCD_MDD,0.1262980683988397,500
M3SDA_Reg,0.128467929169367,500
CMSS_Reg,0.0994213965508329,500
XGBoost_Target_Only,0.1133737159798984,100
KRR_Target_Only,29.946999545998608,100
NN_Target_Only,20.28956014083112,100
XGBoost_Pool,0.1000578382066989,100
KRR_Pool,1.601968175280365,100
NN_Pool,5.450575300659083,100
XGBoost_TLCQM,0.1118234648862049,100
KRR_TLCQM,1.7277612410183063,100
NN_TLCQM,0.131777371150106,100
XGBoost_Target_Only,0.1073581332521059,200
KRR_Target_Only,20.212755333409167,200
NN_Target_Only,20.79679263801601,200
XGBoost_Pool,0.0990573255372342,200
KRR_Pool,1.5886256800860836,200
NN_Pool,3.5683600173629024,200
XGBoost_TLCQM,0.1120668445738242,200
KRR_TLCQM,1.6964620157121475,200
NN_TLCQM,0.1274583886789827,200
XGBoost_Target_Only,0.1083036044326955,300
KRR_Target_Only,14.687033570130106,300
NN_Target_Only,0.2644888386364071,300
XGBoost_Pool,0.0968293425532065,300
KRR_Pool,1.5573756935749172,300
NN_Pool,3.984766349193163,300
XGBoost_TLCQM,0.108559011790682,300
KRR_TLCQM,1.688381170475147,300
NN_TLCQM,0.1452817048432713,300
XGBoost_Target_Only,0.0977409678708294,500
KRR_Target_Only,10.121964481071249,500
NN_Target_Only,0.3462120850157031,500
XGBoost_Pool,0.0970704897831842,500
KRR_Pool,1.5329305319024116,500
NN_Pool,2.801026199384635,500
XGBoost_TLCQM,0.1064589759212568,500
KRR_TLCQM,1.6277710127137537,500
NN_TLCQM,0.1130335998136075,500
TKRR,2.105471681622311,100
CDAR,6.258681354094422,100
DARC,27.66445565100676,100
VNCD_MDD,0.1493624716475449,100
M3SDA_Reg,0.1111376992882852,100
CMSS_Reg,0.1172873600495101,100
TKRR,1.8859675570117855,200
CDAR,5.650023739763773,200
DARC,35.29526125184823,200
VNCD_MDD,0.1346576935192126,200
M3SDA_Reg,0.1153947600367255,200
CMSS_Reg,0.1106751125810434,200
TKRR,1.8560837881551464,300
CDAR,5.6827421656484205,300
DARC,33.928021617586985,300
VNCD_MDD,0.1326659878720522,300
M3SDA_Reg,0.1126132827759355,300
CMSS_Reg,0.1155497316157353,300
TKRR,1.8400713783876237,500
CDAR,5.699162257866821,500
DARC,32.43053018700804,500
VNCD_MDD,0.1245238020305154,500
M3SDA_Reg,0.114375800413555,500
CMSS_Reg,0.1067386642086665,500
XGBoost_Target_Only,0.1109881485084265,100
KRR_Target_Only,28.25054641456924,100
NN_Target_Only,17.393147088303024,100
XGBoost_Pool,0.0998291192813782,100
KRR_Pool,1.6523463641523335,100
NN_Pool,5.701074186912662,100
XGBoost_TLCQM,0.1087966020104482,100
KRR_TLCQM,1.7951845898109042,100
NN_TLCQM,0.1725702919305279,100
XGBoost_Target_Only,0.1289662431681988,200
KRR_Target_Only,17.96173713521567,200
NN_Target_Only,18.70468149595875,200
XGBoost_Pool,0.1009643308935658,200
KRR_Pool,1.6084839511286897,200
NN_Pool,3.5376703805188114,200
XGBoost_TLCQM,0.1060099151876084,200
KRR_TLCQM,1.7210272265279305,200
NN_TLCQM,0.1053574813498733,200
XGBoost_Target_Only,0.1055358700079032,300
KRR_Target_Only,13.055202077885887,300
NN_Target_Only,6.250284784717817,300
XGBoost_Pool,0.0969614643432517,300
KRR_Pool,1.5267259350351257,300
NN_Pool,5.688821941324181,300
XGBoost_TLCQM,0.1046707962769974,300
KRR_TLCQM,1.6153277864323443,300
NN_TLCQM,0.1060392848507817,300
XGBoost_Target_Only,0.0969933894091964,500
KRR_Target_Only,8.9683134475537,500
NN_Target_Only,6.103629819117008,500
XGBoost_Pool,0.0952597683703498,500
KRR_Pool,1.5181570466055847,500
NN_Pool,4.6018820673845084,500
XGBoost_TLCQM,0.1080323455400291,500
KRR_TLCQM,1.6219257455838485,500
NN_TLCQM,0.11626191051797,500
TKRR,1.916895583577829,100
CDAR,5.700474162463946,100
DARC,29.6553433494763,100
VNCD_MDD,0.2360058589573709,100
M3SDA_Reg,0.1218687120035056,100
CMSS_Reg,0.1178247443700474,100
TKRR,1.93270988564789,200
CDAR,5.320298975556876,200
DARC,32.94003918503877,200
VNCD_MDD,0.1899986511511879,200
M3SDA_Reg,0.1243598582967481,200
CMSS_Reg,0.119060988377183,200
TKRR,1.803634990917492,300
CDAR,5.001179295897704,300
DARC,29.757033787598317,300
VNCD_MDD,0.1595968810004236,300
M3SDA_Reg,0.1239033367425412,300
CMSS_Reg,0.1116778791747849,300
TKRR,1.7917576570379317,500
CDAR,4.971098544379152,500
DARC,32.3451826462851,500
VNCD_MDD,0.1275504319173489,500
M3SDA_Reg,0.1266900666450964,500
CMSS_Reg,0.1065489044429234,500
XGBoost_Target_Only,0.1116082062337322,100
KRR_Target_Only,28.467572754962223,100
NN_Target_Only,20.204905993201077,100
XGBoost_Pool,0.100559620112295,100
KRR_Pool,1.6026807870176525,100
NN_Pool,5.540777465876484,100
XGBoost_TLCQM,0.1028325392543868,100
KRR_TLCQM,1.7179517359140084,100
NN_TLCQM,0.1200478175403745,100
XGBoost_Target_Only,0.1002312810843606,200
KRR_Target_Only,17.813292449363022,200
NN_Target_Only,22.68228887079394,200
XGBoost_Pool,0.1014662891410334,200
KRR_Pool,1.5624831695635475,200
NN_Pool,3.578532935347212,200
XGBoost_TLCQM,0.100118204507949,200
KRR_TLCQM,1.6712497343531387,200
NN_TLCQM,0.1143607416670611,200
XGBoost_Target_Only,0.1077768209445103,300
KRR_Target_Only,13.600461785763832,300
NN_Target_Only,0.2849147764136121,300
XGBoost_Pool,0.0991492198424373,300
KRR_Pool,1.516320070164794,300
NN_Pool,6.184727464826997,300
XGBoost_TLCQM,0.1000108539101195,300
KRR_TLCQM,1.610526596421404,300
NN_TLCQM,0.1238640194970982,300
XGBoost_Target_Only,0.0911864618292714,500
KRR_Target_Only,9.220822221520672,500
NN_Target_Only,0.305795752559153,500
XGBoost_Pool,0.0963577684212085,500
KRR_Pool,1.5085030346088135,500
NN_Pool,3.170116632684683,500
XGBoost_TLCQM,0.0980628321035769,500
KRR_TLCQM,1.611450143334977,500
NN_TLCQM,0.1097876361175639,500
TKRR,1.8834944420472797,100
CDAR,6.623989598091901,100
DARC,32.05378515592022,100
VNCD_MDD,0.2080743059733857,100
M3SDA_Reg,0.11088890719029,100
CMSS_Reg,0.1167267041000014,100
TKRR,1.847102137541208,200
CDAR,5.4212631798754,200
DARC,31.297024577202045,200
VNCD_MDD,0.1512960119468429,200
M3SDA_Reg,0.1126264796913677,200
CMSS_Reg,0.120489690438781,200
TKRR,1.9228731277844349,300
CDAR,5.466825688762233,300
DARC,31.56929939728873,300
VNCD_MDD,0.1342612791448966,300
M3SDA_Reg,0.113395341835811,300
CMSS_Reg,0.1192275932371006,300
TKRR,1.7773191818907716,500
CDAR,5.473563511441935,500
DARC,31.78231485602562,500
VNCD_MDD,0.1325956824269632,500
M3SDA_Reg,0.114908429277213,500
CMSS_Reg,0.1053572813148355,500
XGBoost_Target_Only,0.1385621638242092,100
KRR_Target_Only,28.79724763387928,100
NN_Target_Only,17.701396800445682,100
XGBoost_Pool,0.1012161372511576,100
KRR_Pool,1.549793450459458,100
NN_Pool,5.824206763871552,100
XGBoost_TLCQM,0.1116727665422478,100
KRR_TLCQM,1.683364484284891,100
NN_TLCQM,0.1146379400846487,100
XGBoost_Target_Only,0.1044018218297578,200
KRR_Target_Only,19.54466172538237,200
NN_Target_Only,21.357311332291246,200
XGBoost_Pool,0.1006000518846202,200
KRR_Pool,1.5073759220249514,200
NN_Pool,3.5866694111529864,200
XGBoost_TLCQM,0.1016163814187885,200
KRR_TLCQM,1.6076687103226317,200
NN_TLCQM,0.1574809568178971,200
XGBoost_Target_Only,0.1029572685527624,300
KRR_Target_Only,14.36171897356631,300
NN_Target_Only,2.094485191967961,300
XGBoost_Pool,0.0995326178874506,300
KRR_Pool,1.520248045804484,300
NN_Pool,5.880591013431755,300
XGBoost_TLCQM,0.1013195409719903,300
KRR_TLCQM,1.606382461126349,300
NN_TLCQM,0.1104677159733129,300
XGBoost_Target_Only,0.0962637220853405,500
KRR_Target_Only,9.360712614493751,500
NN_Target_Only,0.1711740322364315,500
XGBoost_Pool,0.095548014739099,500
KRR_Pool,1.5077012940459642,500
NN_Pool,3.200856420168263,500
XGBoost_TLCQM,0.1031007517682865,500
KRR_TLCQM,1.5823419259774758,500
NN_TLCQM,0.1189847351910069,500
TKRR,1.9085817319727565,100
CDAR,6.3497397163967415,100
DARC,24.236578987526972,100
VNCD_MDD,0.1696462943149724,100
M3SDA_Reg,0.114985902216937,100
CMSS_Reg,0.1241861238888412,100
TKRR,1.9408833481143848,200
CDAR,5.765589808822987,200
DARC,29.935731654238708,200
VNCD_MDD,0.1561493376200313,200
M3SDA_Reg,0.1233346434950179,200
CMSS_Reg,0.1114251949026105,200
TKRR,1.8417936876553336,300
CDAR,5.865303817397157,300
DARC,29.95038934044002,300
VNCD_MDD,0.1348707527774029,300
M3SDA_Reg,0.1225065656211759,300
CMSS_Reg,0.1102229173002203,300
TKRR,1.8386778500944412,500
CDAR,5.996587310980197,500
DARC,29.830726848903016,500
VNCD_MDD,0.1274445660716471,500
M3SDA_Reg,0.1202243714326189,500
CMSS_Reg,0.1015483621941138,500
